seed,fold,variant,selected,cache_max_error,additivity_max_error,n_train,n_test
11,0,Descriptors,LightGBM_1,0.0,1.6653345369377348e-15,1081,198
11,1,Descriptors,LightGBM_2,0.0,2.55351295663786e-15,970,309
11,2,Descriptors,LightGBM_1,0.0,1.9984014443252818e-15,945,334
11,3,Descriptors,LightGBM_1,0.0,2.4424906541753444e-15,1087,192
11,4,Descriptors,LightGBM_1,0.0,2.55351295663786e-15,1033,246
23,0,Descriptors,LightGBM_1,0.0,1.6653345369377348e-15,1090,189
23,1,Descriptors,LightGBM_1,0.0,2.3869795029440866e-15,946,333
23,2,Descriptors,LightGBM_2,0.0,3.1086244689504383e-15,971,308
23,3,Descriptors,LightGBM_1,0.0,2.6645352591003757e-15,1055,224
23,4,Descriptors,LightGBM_1,0.0,1.2212453270876722e-15,1054,225
47,0,Descriptors,LightGBM_1,0.0,2.886579864025407e-15,1090,189
47,1,Descriptors,LightGBM_1,0.0,2.7200464103316335e-15,958,321
47,2,Descriptors,LightGBM_2,0.0,2.886579864025407e-15,954,325
47,3,Descriptors,LightGBM_2,0.0,1.7763568394002505e-15,1141,138
47,4,Descriptors,LightGBM_1,0.0,1.887379141862766e-15,973,306
11,0,Source_time_concentration_dose,LightGBM_2,0.0,3.885780586188048e-15,1081,198
11,1,Source_time_concentration_dose,LightGBM_1,0.0,2.3314683517128287e-15,970,309
11,2,Source_time_concentration_dose,LightGBM_1,0.0,1.887379141862766e-15,945,334
11,3,Source_time_concentration_dose,LightGBM_1,0.0,1.6653345369377348e-15,1087,192
11,4,Source_time_concentration_dose,LightGBM_1,0.0,2.220446049250313e-15,1033,246
23,0,Source_time_concentration_dose,LightGBM_1,0.0,1.887379141862766e-15,1090,189
23,1,Source_time_concentration_dose,LightGBM_1,0.0,1.887379141862766e-15,946,333
23,2,Source_time_concentration_dose,LightGBM_1,0.0,2.3314683517128287e-15,971,308
23,3,Source_time_concentration_dose,LightGBM_1,0.0,1.9984014443252818e-15,1055,224
23,4,Source_time_concentration_dose,LightGBM_2,0.0,2.7755575615628914e-15,1054,225
47,0,Source_time_concentration_dose,LightGBM_1,0.0,1.887379141862766e-15,1090,189
47,1,Source_time_concentration_dose,LightGBM_2,0.0,3.3306690738754696e-15,958,321
47,2,Source_time_concentration_dose,LightGBM_1,0.0,2.4424906541753444e-15,954,325
47,3,Source_time_concentration_dose,LightGBM_1,0.0,1.7763568394002505e-15,1141,138
47,4,Source_time_concentration_dose,LightGBM_1,0.0,2.6645352591003757e-15,973,306
