id,method,family,point,contrast,loss,warnings
OLS_1,OLS,Linear,0.3785268863066677,0.5717794521436264,0.1797595186058769,[]
Ridge_1,Ridge,Linear,0.22288096057647486,0.2667512943791761,0.00010687601574292125,[]
Ridge_2,Ridge,Linear,0.17812664638162637,0.19418681084514502,0.00010687601574292125,[]
Lasso_1,Lasso,Linear,0.19293294110642087,0.277309374279011,0.13621140250577227,[]
Lasso_2,Lasso,Linear,0.18500631955972344,0.2244437886898029,0.00010687601574292125,[]
ElasticNet_1,ElasticNet,Linear,0.20866246133574054,0.2734934485087978,0.13621140250577227,[]
ElasticNet_2,ElasticNet,Linear,0.1837787522838581,0.21980681998621646,0.00010687601574292125,[]
BayesianRidge_1,BayesianRidge,Bayesian linear,0.223850165109825,0.2385004602895815,0.00010687601574292125,[]
ARD_1,ARD,Bayesian linear,0.23846898059350496,0.3449151898094778,0.1366703083270894,[]
Huber_1,Huber,Robust linear,0.4355934887193666,0.6090822832766554,0.1797595186058769,[]
Huber_2,Huber,Robust linear,0.4219042393116753,0.6357886853134277,0.1797595186058769,[]
PLS_1,PLS,Latent linear,0.205209661897124,0.20640402816736073,0.00010687601574292125,[]
PLS_2,PLS,Latent linear,0.18922454933773075,0.17021542361988276,0.00010687601574292125,[]
PCR_1,PCR,Latent linear,0.25515139081129806,0.2509580766829779,0.00010687601574292125,[]
PCR_2,PCR,Latent linear,0.21440642216665537,0.2285658170888389,0.00010687601574292125,[]
SplineRidge_1,SplineRidge,Spline,0.3048326224411249,0.331566381778976,0.031154814002619022,[]
SplineRidge_2,SplineRidge,Spline,0.18263205184138356,0.2930305321438788,0.00010687601574292125,[]
KernelRidge_1,KernelRidge,Kernel,0.15917402437867703,0.17822946819888352,0.00010687601574292125,[]
KernelRidge_2,KernelRidge,Kernel,0.19942856778521642,0.21497633033931463,0.00010687601574292125,[]
SVR_1,SVR,Kernel,0.1723230734944501,0.2782402411933413,0.00010687601574292125,[]
SVR_2,SVR,Kernel,0.17296628839069902,0.2777263633694002,0.00010687601574292125,[]
KNN_1,KNN,Neighbour,0.1633304834572456,0.2520853125685915,0.0023649091899911757,[]
KNN_2,KNN,Neighbour,0.16028665998565597,0.2507123854820115,0.00010687601574292125,[]
DecisionTree_1,DecisionTree,Tree,0.19795037825318643,0.318181868508383,0.13621140250577227,[]
DecisionTree_2,DecisionTree,Tree,0.1841967715509265,0.2975101117731425,0.13621140250577227,[]
RandomForest_1,RandomForest,Bagged trees,0.1666865160919003,0.27362896070923276,0.031154814002619022,[]
RandomForest_2,RandomForest,Bagged trees,0.1666745202044588,0.276049833425477,0.031154814002619022,[]
ExtraTrees_1,ExtraTrees,Bagged trees,0.15298820882105338,0.26396428384881515,0.00010687601574292125,[]
ExtraTrees_2,ExtraTrees,Bagged trees,0.15217570419107126,0.26220554354889997,0.00010687601574292125,[]
Bagging_1,Bagging,Bagged trees,0.1695736944953681,0.2813300645833998,0.031154814002619022,[]
Bagging_2,Bagging,Bagged trees,0.1647116743839511,0.2707684976627412,0.031154814002619022,[]
GradientBoosting_1,GradientBoosting,Boosted trees,0.1603282657826278,0.25615047572382194,0.031154814002619022,[]
GradientBoosting_2,GradientBoosting,Boosted trees,0.1574161328596549,0.27097971116711717,0.031154814002619022,[]
HistGradientBoosting_1,HistGradientBoosting,Boosted trees,0.1442468155227697,0.23310583625973058,0.008245117109716905,[]
HistGradientBoosting_2,HistGradientBoosting,Boosted trees,0.1444873173166928,0.2378087151054755,0.031154814002619022,[]
AdaBoost_1,AdaBoost,Boosted trees,0.1944211990164477,0.3464845921600406,0.009577436965239643,[]
AdaBoost_2,AdaBoost,Boosted trees,0.19151315234124944,0.34388131787683496,0.04024143327753179,[]
XGBoost_1,XGBoost,Boosted trees,0.15727566877783358,0.265828490650285,0.031154814002619022,[]
XGBoost_2,XGBoost,Boosted trees,0.14872270673377816,0.2414577204998014,0.031154814002619022,[]
LightGBM_1,LightGBM,Boosted trees,0.15177165820368255,0.24689760780312534,0.031154814002619022,[]
LightGBM_2,LightGBM,Boosted trees,0.15249620811653813,0.2491315304908037,0.031154814002619022,[]
CatBoost_1,CatBoost,Boosted trees,0.16357873171647347,0.2732014367718028,0.031154814002619022,[]
CatBoost_2,CatBoost,Boosted trees,0.1637783806049908,0.27935125989776305,0.031154814002619022,[]
MLP_1,MLP,Neural network,0.2913403783221013,0.35425503761858373,0.022917176649217354,[]
MLP_2,MLP,Neural network,0.2343592559958416,0.2082597073647918,0.014140101506782507,[]
Constant,Constant,Baseline,0.27448920467530924,0.5277705235636749,0.2715287241761764,[]
Operations,Operations,Baseline,0.2691547803971835,0.5277705235636749,0.2715287241761764,[]
