removed,winner,original
ARD,PLS_2,PLS_2
AdaBoost,PLS_2,PLS_2
Bagging,PLS_2,PLS_2
BayesianRidge,PLS_2,PLS_2
CatBoost,PLS_2,PLS_2
DecisionTree,PLS_2,PLS_2
ElasticNet,PLS_2,PLS_2
ExtraTrees,PLS_2,PLS_2
GradientBoosting,PLS_2,PLS_2
HistGradientBoosting,PLS_2,PLS_2
Huber,PLS_2,PLS_2
KNN,PLS_2,PLS_2
KernelRidge,PLS_2,PLS_2
Lasso,PLS_2,PLS_2
LightGBM,PLS_2,PLS_2
MLP,PLS_2,PLS_2
OLS,PLS_2,PLS_2
PCR,PLS_2,PLS_2
PLS,ElasticNet_2,PLS_2
RandomForest,PLS_2,PLS_2
Ridge,PLS_2,PLS_2
SVR,PLS_2,PLS_2
SplineRidge,PLS_2,PLS_2
XGBoost,PLS_2,PLS_2
