seed,track,rule,max_absolute_error
11,exact,W118,2.7755575615628914e-17
11,exact,W127,8.326672684688674e-17
11,exact,W136,8.326672684688674e-17
11,exact,W145,8.326672684688674e-17
11,exact,W154,8.326672684688674e-17
11,exact,W163,8.326672684688674e-17
11,exact,W172,8.326672684688674e-17
11,exact,W181,7.949912429749961e-17
11,exact,W217,8.326672684688674e-17
11,exact,W226,8.326672684688674e-17
11,exact,W235,8.326672684688674e-17
11,exact,W244,8.326672684688674e-17
11,exact,W253,8.326672684688674e-17
11,exact,W262,8.326672684688674e-17
11,exact,W271,8.326672684688674e-17
11,exact,W316,8.326672684688674e-17
11,exact,W325,8.326672684688674e-17
11,exact,W334,8.326672684688674e-17
11,exact,W343,8.326672684688674e-17
11,exact,W352,8.326672684688674e-17
11,exact,W361,8.326672684688674e-17
11,exact,W415,8.326672684688674e-17
11,exact,W424,8.326672684688674e-17
11,exact,W433,8.326672684688674e-17
11,exact,W442,8.326672684688674e-17
11,exact,W451,8.326672684688674e-17
11,exact,W514,6.938893903907228e-17
11,exact,W523,8.326672684688674e-17
11,exact,W532,8.326672684688674e-17
11,exact,W541,8.326672684688674e-17
11,exact,W613,8.326672684688674e-17
11,exact,W622,8.326672684688674e-17
11,exact,W631,5.551115123125783e-17
11,exact,W712,5.551115123125783e-17
11,exact,W721,5.551115123125783e-17
11,exact,W811,5.551115123125783e-17
11,exact,Full,8.326672684688674e-17
23,exact,W118,7.325140927855189e-17
23,exact,W127,9.33227019966898e-17
23,exact,W136,1.1102230246251565e-16
23,exact,W145,1.1102230246251565e-16
23,exact,W154,1.1102230246251565e-16
23,exact,W163,5.551115123125783e-17
23,exact,W172,5.551115123125783e-17
23,exact,W181,8.326672684688674e-17
23,exact,W217,7.325140927855189e-17
23,exact,W226,9.33227019966898e-17
23,exact,W235,1.1102230246251565e-16
23,exact,W244,1.1102230246251565e-16
23,exact,W253,5.551115123125783e-17
23,exact,W262,5.551115123125783e-17
23,exact,W271,5.551115123125783e-17
23,exact,W316,7.325140927855189e-17
23,exact,W325,1.1102230246251565e-16
23,exact,W334,1.1102230246251565e-16
23,exact,W343,1.1102230246251565e-16
23,exact,W352,5.551115123125783e-17
23,exact,W361,5.551115123125783e-17
23,exact,W415,7.325140927855189e-17
23,exact,W424,1.1102230246251565e-16
23,exact,W433,1.1102230246251565e-16
23,exact,W442,5.551115123125783e-17
23,exact,W451,5.551115123125783e-17
23,exact,W514,9.71445146547012e-17
23,exact,W523,1.1102230246251565e-16
23,exact,W532,5.551115123125783e-17
23,exact,W541,5.551115123125783e-17
23,exact,W613,9.71445146547012e-17
23,exact,W622,1.1102230246251565e-16
23,exact,W631,5.551115123125783e-17
23,exact,W712,9.71445146547012e-17
23,exact,W721,5.551115123125783e-17
23,exact,W811,9.33227019966898e-17
23,exact,Full,1.1102230246251565e-16
47,exact,W118,8.326672684688674e-17
47,exact,W127,4.163336342344337e-17
47,exact,W136,4.163336342344337e-17
47,exact,W145,4.163336342344337e-17
47,exact,W154,4.163336342344337e-17
47,exact,W163,4.163336342344337e-17
47,exact,W172,9.71445146547012e-17
47,exact,W181,8.326672684688674e-17
47,exact,W217,8.326672684688674e-17
47,exact,W226,4.163336342344337e-17
47,exact,W235,4.163336342344337e-17
47,exact,W244,4.163336342344337e-17
47,exact,W253,4.163336342344337e-17
47,exact,W262,9.71445146547012e-17
47,exact,W271,8.326672684688674e-17
47,exact,W316,7.325140927855189e-17
47,exact,W325,4.163336342344337e-17
47,exact,W334,4.163336342344337e-17
47,exact,W343,4.163336342344337e-17
47,exact,W352,9.71445146547012e-17
47,exact,W361,2.7755575615628914e-17
47,exact,W415,4.163336342344337e-17
47,exact,W424,4.163336342344337e-17
47,exact,W433,4.163336342344337e-17
47,exact,W442,4.163336342344337e-17
47,exact,W451,9.71445146547012e-17
47,exact,W514,4.163336342344337e-17
47,exact,W523,4.163336342344337e-17
47,exact,W532,4.163336342344337e-17
47,exact,W541,9.71445146547012e-17
47,exact,W613,4.163336342344337e-17
47,exact,W622,4.163336342344337e-17
47,exact,W631,4.163336342344337e-17
47,exact,W712,4.163336342344337e-17
47,exact,W721,4.163336342344337e-17
47,exact,W811,4.163336342344337e-17
47,exact,Full,4.163336342344337e-17
11,broad,W118,5.551115123125783e-17
11,broad,W127,5.551115123125783e-17
11,broad,W136,5.551115123125783e-17
11,broad,W145,5.551115123125783e-17
11,broad,W154,8.326672684688674e-17
11,broad,W163,8.326672684688674e-17
11,broad,W172,8.326672684688674e-17
11,broad,W181,8.326672684688674e-17
11,broad,W217,1.1102230246251565e-16
11,broad,W226,5.551115123125783e-17
11,broad,W235,5.551115123125783e-17
11,broad,W244,5.551115123125783e-17
11,broad,W253,5.551115123125783e-17
11,broad,W262,5.551115123125783e-17
11,broad,W271,5.551115123125783e-17
11,broad,W316,8.326672684688674e-17
11,broad,W325,1.1102230246251565e-16
11,broad,W334,5.551115123125783e-17
11,broad,W343,5.551115123125783e-17
11,broad,W352,5.551115123125783e-17
11,broad,W361,5.551115123125783e-17
11,broad,W415,8.326672684688674e-17
11,broad,W424,1.1102230246251565e-16
11,broad,W433,8.326672684688674e-17
11,broad,W442,5.551115123125783e-17
11,broad,W451,5.551115123125783e-17
11,broad,W514,6.372398268783552e-17
11,broad,W523,8.326672684688674e-17
11,broad,W532,8.326672684688674e-17
11,broad,W541,8.326672684688674e-17
11,broad,W613,6.372398268783552e-17
11,broad,W622,6.372398268783552e-17
11,broad,W631,8.326672684688674e-17
11,broad,W712,6.372398268783552e-17
11,broad,W721,6.372398268783552e-17
11,broad,W811,6.372398268783552e-17
11,broad,Full,5.551115123125783e-17
23,broad,W118,5.936006894358137e-17
23,broad,W127,5.936006894358137e-17
23,broad,W136,5.936006894358137e-17
23,broad,W145,5.936006894358137e-17
23,broad,W154,5.936006894358137e-17
23,broad,W163,5.936006894358137e-17
23,broad,W172,5.936006894358137e-17
23,broad,W181,5.936006894358137e-17
23,broad,W217,4.163336342344337e-17
23,broad,W226,5.936006894358137e-17
23,broad,W235,8.326672684688674e-17
23,broad,W244,5.936006894358137e-17
23,broad,W253,5.936006894358137e-17
23,broad,W262,5.936006894358137e-17
23,broad,W271,5.936006894358137e-17
23,broad,W316,5.551115123125783e-17
23,broad,W325,5.936006894358137e-17
23,broad,W334,5.936006894358137e-17
23,broad,W343,8.326672684688674e-17
23,broad,W352,8.326672684688674e-17
23,broad,W361,5.936006894358137e-17
23,broad,W415,8.326672684688674e-17
23,broad,W424,4.163336342344337e-17
23,broad,W433,5.936006894358137e-17
23,broad,W442,5.936006894358137e-17
23,broad,W451,5.936006894358137e-17
23,broad,W514,8.326672684688674e-17
23,broad,W523,4.163336342344337e-17
23,broad,W532,5.936006894358137e-17
23,broad,W541,5.936006894358137e-17
23,broad,W613,8.326672684688674e-17
23,broad,W622,5.551115123125783e-17
23,broad,W631,4.163336342344337e-17
23,broad,W712,8.326672684688674e-17
23,broad,W721,8.326672684688674e-17
23,broad,W811,8.326672684688674e-17
23,broad,Full,5.936006894358137e-17
47,broad,W118,7.12049776779855e-17
47,broad,W127,7.12049776779855e-17
47,broad,W136,5.551115123125783e-17
47,broad,W145,5.551115123125783e-17
47,broad,W154,1.1102230246251565e-16
47,broad,W163,1.1102230246251565e-16
47,broad,W172,1.1102230246251565e-16
47,broad,W181,8.326672684688674e-17
47,broad,W217,7.12049776779855e-17
47,broad,W226,7.12049776779855e-17
47,broad,W235,7.12049776779855e-17
47,broad,W244,7.12049776779855e-17
47,broad,W253,7.12049776779855e-17
47,broad,W262,5.551115123125783e-17
47,broad,W271,5.551115123125783e-17
47,broad,W316,7.12049776779855e-17
47,broad,W325,7.12049776779855e-17
47,broad,W334,7.12049776779855e-17
47,broad,W343,7.12049776779855e-17
47,broad,W352,7.12049776779855e-17
47,broad,W361,7.12049776779855e-17
47,broad,W415,7.12049776779855e-17
47,broad,W424,7.12049776779855e-17
47,broad,W433,7.12049776779855e-17
47,broad,W442,7.12049776779855e-17
47,broad,W451,7.12049776779855e-17
47,broad,W514,5.936006894358137e-17
47,broad,W523,7.12049776779855e-17
47,broad,W532,7.12049776779855e-17
47,broad,W541,7.12049776779855e-17
47,broad,W613,5.936006894358137e-17
47,broad,W622,7.12049776779855e-17
47,broad,W631,7.12049776779855e-17
47,broad,W712,8.326672684688674e-17
47,broad,W721,8.326672684688674e-17
47,broad,W811,8.326672684688674e-17
47,broad,Full,7.12049776779855e-17
11,source,W118,5.551115123125783e-17
11,source,W127,1.1102230246251565e-16
11,source,W136,1.1102230246251565e-16
11,source,W145,5.551115123125783e-17
11,source,W154,1.1102230246251565e-16
11,source,W163,1.1102230246251565e-16
11,source,W172,1.1102230246251565e-16
11,source,W181,1.1102230246251565e-16
11,source,W217,1.1102230246251565e-16
11,source,W226,5.551115123125783e-17
11,source,W235,1.1102230246251565e-16
11,source,W244,1.1102230246251565e-16
11,source,W253,1.1102230246251565e-16
11,source,W262,1.1102230246251565e-16
11,source,W271,5.551115123125783e-17
11,source,W316,5.551115123125783e-17
11,source,W325,2.1250362580715887e-17
11,source,W334,5.551115123125783e-17
11,source,W343,1.1102230246251565e-16
11,source,W352,1.1102230246251565e-16
11,source,W361,1.1102230246251565e-16
11,source,W415,5.551115123125783e-17
11,source,W424,1.1102230246251565e-16
11,source,W433,2.1250362580715887e-17
11,source,W442,5.551115123125783e-17
11,source,W451,5.551115123125783e-17
11,source,W514,5.551115123125783e-17
11,source,W523,5.551115123125783e-17
11,source,W532,2.1250362580715887e-17
11,source,W541,5.551115123125783e-17
11,source,W613,5.551115123125783e-17
11,source,W622,5.551115123125783e-17
11,source,W631,1.1102230246251565e-16
11,source,W712,5.551115123125783e-17
11,source,W721,5.551115123125783e-17
11,source,W811,5.551115123125783e-17
11,source,Full,5.551115123125783e-17
23,source,W118,5.551115123125783e-17
23,source,W127,1.1102230246251565e-16
23,source,W136,1.1102230246251565e-16
23,source,W145,1.1102230246251565e-16
23,source,W154,1.1102230246251565e-16
23,source,W163,1.1102230246251565e-16
23,source,W172,1.1102230246251565e-16
23,source,W181,1.1102230246251565e-16
23,source,W217,1.1102230246251565e-16
23,source,W226,5.551115123125783e-17
23,source,W235,1.1102230246251565e-16
23,source,W244,1.1102230246251565e-16
23,source,W253,1.1102230246251565e-16
23,source,W262,1.1102230246251565e-16
23,source,W271,5.551115123125783e-17
23,source,W316,5.551115123125783e-17
23,source,W325,2.1250362580715887e-17
23,source,W334,5.551115123125783e-17
23,source,W343,1.1102230246251565e-16
23,source,W352,1.1102230246251565e-16
23,source,W361,1.1102230246251565e-16
23,source,W415,5.551115123125783e-17
23,source,W424,1.1102230246251565e-16
23,source,W433,2.1250362580715887e-17
23,source,W442,5.551115123125783e-17
23,source,W451,5.551115123125783e-17
23,source,W514,5.551115123125783e-17
23,source,W523,5.551115123125783e-17
23,source,W532,2.1250362580715887e-17
23,source,W541,5.551115123125783e-17
23,source,W613,5.551115123125783e-17
23,source,W622,5.551115123125783e-17
23,source,W631,1.1102230246251565e-16
23,source,W712,5.551115123125783e-17
23,source,W721,5.551115123125783e-17
23,source,W811,5.551115123125783e-17
23,source,Full,5.551115123125783e-17
47,source,W118,5.551115123125783e-17
47,source,W127,1.1102230246251565e-16
47,source,W136,1.1102230246251565e-16
47,source,W145,1.1102230246251565e-16
47,source,W154,1.1102230246251565e-16
47,source,W163,1.1102230246251565e-16
47,source,W172,1.1102230246251565e-16
47,source,W181,1.1102230246251565e-16
47,source,W217,1.1102230246251565e-16
47,source,W226,5.551115123125783e-17
47,source,W235,1.1102230246251565e-16
47,source,W244,1.1102230246251565e-16
47,source,W253,1.1102230246251565e-16
47,source,W262,1.1102230246251565e-16
47,source,W271,5.551115123125783e-17
47,source,W316,5.551115123125783e-17
47,source,W325,2.1250362580715887e-17
47,source,W334,5.551115123125783e-17
47,source,W343,1.1102230246251565e-16
47,source,W352,1.1102230246251565e-16
47,source,W361,1.1102230246251565e-16
47,source,W415,5.551115123125783e-17
47,source,W424,1.1102230246251565e-16
47,source,W433,2.1250362580715887e-17
47,source,W442,5.551115123125783e-17
47,source,W451,5.551115123125783e-17
47,source,W514,5.551115123125783e-17
47,source,W523,5.551115123125783e-17
47,source,W532,2.1250362580715887e-17
47,source,W541,5.551115123125783e-17
47,source,W613,5.551115123125783e-17
47,source,W622,5.551115123125783e-17
47,source,W631,1.1102230246251565e-16
47,source,W712,5.551115123125783e-17
47,source,W721,5.551115123125783e-17
47,source,W811,5.551115123125783e-17
47,source,Full,5.551115123125783e-17
