w_point,w_contrast,w_loss,id
0.1,0.1,0.8,SVR_1
0.1,0.2,0.7,KernelRidge_1
0.1,0.3,0.6,KernelRidge_1
0.1,0.4,0.5,KernelRidge_1
0.1,0.5,0.4,KernelRidge_1
0.1,0.6,0.3,KernelRidge_1
0.1,0.7,0.2,KernelRidge_1
0.1,0.8,0.1,KernelRidge_1
0.2,0.1,0.7,SVR_1
0.2,0.2,0.6,SVR_1
0.2,0.3,0.5,KernelRidge_1
0.2,0.4,0.4,KernelRidge_1
0.2,0.5,0.3,KernelRidge_1
0.2,0.6,0.2,KernelRidge_1
0.2,0.7,0.1,KernelRidge_1
0.3,0.1,0.6,SVR_1
0.3,0.2,0.5,SVR_1
0.3,0.3,0.4,SVR_1
0.3,0.4,0.3,KernelRidge_1
0.3,0.5,0.2,KernelRidge_1
0.3,0.6,0.1,KernelRidge_1
0.4,0.1,0.5,SVR_1
0.4,0.2,0.4,SVR_1
0.4,0.3,0.3,SVR_1
0.4,0.4,0.2,SVR_1
0.4,0.5,0.1,SVR_1
0.5,0.1,0.4,SVR_1
0.5,0.2,0.3,SVR_1
0.5,0.3,0.2,SVR_1
0.5,0.4,0.1,SVR_1
0.6,0.1,0.3,SVR_1
0.6,0.2,0.2,SVR_1
0.6,0.3,0.1,SVR_1
0.7,0.1,0.2,SVR_1
0.7,0.2,0.1,SVR_1
0.8,0.1,0.1,SVR_1
