source,material_a,material_b,delta_Pyrolysis temperature,delta_Pyrolysis time,delta_C,delta_H,delta_O,delta_N,delta_(O+N)/C,delta_Ash,delta_H/C,delta_O/C,delta_N/C,delta_Surface area,delta_Pore volume,delta_Average pore size
SI_ref_13,PB600,PB800,200,0,-3.740000000000009,0.1299999999999999,0.14000000000000012,0.78,0.015654935462494496,5.859999999999999,-0.2900199866755496,0.004003220258711485,0.011651715203783008,64.22000000000003,0.322,1.62
SI_ref_13,PB600,PB800,200,0,-3.740000000000009,0.1299999999999999,0.14000000000000012,0.0,0.005755201993780185,5.859999999999999,-0.2900199866755496,0.004003220258711485,0.001751981735068707,64.22000000000003,0.322,1.62
SI_ref_14,GCRB,GCRB-N,0,0,-0.5999999999999943,-0.40000000000000013,-0.10000000000000009,-2.0999999999999996,-0.025922581856793046,3.200000000000001,-0.0049999999999999975,-0.0010000000000000009,-0.025,401.53,0.27899999999999997,-2.54
SI_ref_15,PSB,PSBOX-A,0,0,-4.5,-0.5,1.2000000000000002,-0.3999999999999999,0.013162003189936225,4.2,-0.1,0.010000000000000002,-0.01,1883.6999999999998,0.07999999999999999,-0.3999999999999999
SI_ref_16,C-Biochar,PAC,0,0,5.599999999999994,-1.3299999999999998,-2.07,-2.56,-0.06176433459210656,0.35999999999999943,-0.017,-0.039,-0.032,-90.60000000000002,-0.368,-1.1599999999999997
SI_ref_17,Alkali-modified SCG biochars,Pristine SCG biochar,0,0,1.5,0.3999999999999999,0.40000000000000013,0.5,0.010179799865258264,-2.8000000000000007,0.004000000000000002,0.004,0.006000000000000002,-423.5,-0.325,2.7049999999999996
SI_ref_18,NaOH-activated SCW biochars,Pristine SCW Biochar,0,0,-2.799999999999997,0.5,-0.5,2.2,0.020424814591022623,0.5,0.07,0.004,0.032,-593.4,-0.42400000000000004,-0.7000000000000002
SI_ref_19,AMCB,CB,0,0,14.299999999999997,0.19999999999999996,-1.8999999999999995,1.2000000000000002,-0.025929158127661778,-13.799999999999999,-0.017000000000000015,-0.026,0.006999999999999999,-940.8000000000001,-0.409,3.9000000000000004
SI_ref_19,AMCB,MCB,0,0,-2.5,0.19999999999999996,0.6000000000000005,0.10000000000000009,0.01402186418834589,1.6000000000000014,0.043999999999999984,0.008,0.0020000000000000018,-272.1,-0.22899999999999998,1.0
SI_ref_19,CB,MCB,0,0,-16.799999999999997,0.0,2.5,-1.1,0.03995102231600767,15.4,0.061,0.034,-0.0049999999999999975,668.7,0.18,-2.9000000000000004
