pair,pair_label,source_candidate,Pollutant,context_block,water_first,water_second,advantage_first_pp,advantage_second_pp,interaction_pp
NaOH-activated SCW biochars / Pristine SCW Biochar,P5,SI_ref_18,DCF,25,Lake water,Secondary effluent,40.72550161255877,27.736664967748098,-12.988836644810675
NaOH-activated SCW biochars / Pristine SCW Biochar,P5,SI_ref_18,DCF,23,Lake water,Secondary effluent,49.79077340954481,37.0771250412286,-12.713648368316214
NaOH-activated SCW biochars / Pristine SCW Biochar,P5,SI_ref_18,DCF,24,Lake water,Secondary effluent,31.177471338666088,27.479609542710328,-3.6978617959557596
NaOH-activated SCW biochars / Pristine SCW Biochar,P5,SI_ref_18,DCF,26,Lake water,Secondary effluent,48.494993730567,33.275552837118894,-15.219440893448109
NaOH-activated SCW biochars / Pristine SCW Biochar,P5,SI_ref_18,DCF,27,Lake water,Secondary effluent,35.62420256178471,21.90639848914777,-13.717804072636945
NaOH-activated SCW biochars / Pristine SCW Biochar,P5,SI_ref_18,DCF,28,Lake water,Secondary effluent,32.899632557032966,17.36392135737279,-15.535711199660177
NaOH-activated SCW biochars / Pristine SCW Biochar,P5,SI_ref_18,IBU,31,Lake water,Secondary effluent,30.756070896791954,19.819797651707514,-10.93627324508444
NaOH-activated SCW biochars / Pristine SCW Biochar,P5,SI_ref_18,IBU,29,Lake water,Secondary effluent,45.63403706279895,34.431753008624476,-11.202284054174477
NaOH-activated SCW biochars / Pristine SCW Biochar,P5,SI_ref_18,IBU,30,Lake water,Secondary effluent,23.465362451302596,20.799491305296783,-2.665871146005813
NaOH-activated SCW biochars / Pristine SCW Biochar,P5,SI_ref_18,IBU,32,Lake water,Secondary effluent,35.892670162724414,24.360390964510223,-11.53227919821419
NaOH-activated SCW biochars / Pristine SCW Biochar,P5,SI_ref_18,IBU,33,Lake water,Secondary effluent,24.30979982997141,15.904968741423598,-8.404831088547812
NaOH-activated SCW biochars / Pristine SCW Biochar,P5,SI_ref_18,IBU,34,Lake water,Secondary effluent,18.91167993061933,10.271207317942832,-8.640472612676497
NaOH-activated SCW biochars / Pristine SCW Biochar,P5,SI_ref_18,NPX,37,Lake water,Secondary effluent,79.3510411447039,64.42614545720406,-14.924895687499841
NaOH-activated SCW biochars / Pristine SCW Biochar,P5,SI_ref_18,NPX,35,Lake water,Secondary effluent,89.87480477164395,84.7316903230576,-5.143114448586346
NaOH-activated SCW biochars / Pristine SCW Biochar,P5,SI_ref_18,NPX,36,Lake water,Secondary effluent,81.96117723857014,75.01308216899534,-6.948095069574805
NaOH-activated SCW biochars / Pristine SCW Biochar,P5,SI_ref_18,NPX,38,Lake water,Secondary effluent,88.18517009189925,79.83404343769514,-8.351126654204108
NaOH-activated SCW biochars / Pristine SCW Biochar,P5,SI_ref_18,NPX,39,Lake water,Secondary effluent,88.08153204398937,80.5963183675312,-7.485213676458173
NaOH-activated SCW biochars / Pristine SCW Biochar,P5,SI_ref_18,NPX,40,Lake water,Secondary effluent,87.84528061248554,82.37836617683574,-5.466914435649798
NaOH-activated SCW biochars / Pristine SCW Biochar,P5,SI_ref_18,NPX,41,Lake water,Secondary effluent,88.36704324415088,81.95662532072262,-6.4104179234282554
NaOH-activated SCW biochars / Pristine SCW Biochar,P5,SI_ref_18,NPX,42,Lake water,Secondary effluent,86.56399364572661,79.97711959097988,-6.58687405474673
NaOH-activated SCW biochars / Pristine SCW Biochar,P5,SI_ref_18,NPX,43,Lake water,Secondary effluent,86.35216315087438,80.45956512900125,-5.892598021873127
NaOH-activated SCW biochars / Pristine SCW Biochar,P5,SI_ref_18,NPX,44,Lake water,Secondary effluent,82.13790202281024,68.63215513417609,-13.50574688863415
NaOH-activated SCW biochars / Pristine SCW Biochar,P5,SI_ref_18,NPX,45,Lake water,Secondary effluent,79.2314857361936,64.95958268647888,-14.271903049714723
AMCB / CB,P6,SI_ref_19,IBU,3,Ground water,Lake water,51.461292257473296,46.85708363488506,-4.604208622588233
AMCB / CB,P6,SI_ref_19,IBU,0,Ground water,Lake water,96.53160844147546,86.83707106836872,-9.69453737310674
AMCB / CB,P6,SI_ref_19,IBU,1,Ground water,Lake water,97.13234710421335,85.95906716173798,-11.173279942475375
AMCB / CB,P6,SI_ref_19,IBU,2,Ground water,Lake water,95.7129171796269,90.58909214227826,-5.123825037348638
AMCB / MCB,P7,SI_ref_19,IBU,11,Ground water,Lake water,53.50745170253918,47.66076247049721,-5.846689232041964
AMCB / MCB,P7,SI_ref_19,IBU,4,Ground water,Lake water,95.91900273803037,87.00232181504786,-8.916680922982499
AMCB / MCB,P7,SI_ref_19,IBU,5,Ground water,Lake water,96.54786171264807,86.62004344557886,-9.927818267069219
AMCB / MCB,P7,SI_ref_19,IBU,6,Ground water,Lake water,94.97043330844214,89.07126062941349,-5.8991726790286565
AMCB / MCB,P7,SI_ref_19,IBU,7,Ground water,Lake water,73.67466548265354,60.86254739204139,-12.81211809061215
AMCB / MCB,P7,SI_ref_19,IBU,8,Ground water,Lake water,74.9539737319511,64.54027661509006,-10.413697116861025
AMCB / MCB,P7,SI_ref_19,IBU,9,Ground water,Lake water,76.51939606360484,65.0918645683547,-11.427531495250145
AMCB / MCB,P7,SI_ref_19,IBU,10,Ground water,Lake water,58.3862412292209,46.53451413449971,-11.851727094721193
AMCB / MCB,P7,SI_ref_19,IBU,12,Ground water,Lake water,59.49184847322852,50.23099589710315,-9.26085257612538
AMCB / MCB,P7,SI_ref_19,IBU,13,Ground water,Lake water,47.224725115782455,40.91878873466707,-6.305936381115387
AMCB / MCB,P7,SI_ref_19,IBU,14,Ground water,Lake water,51.565017409413855,43.614655758923384,-7.950361650490471
AMCB / MCB,P7,SI_ref_19,IBU,15,Ground water,Lake water,50.65003281984453,42.68557878769325,-7.964454032151274
AMCB / MCB,P7,SI_ref_19,IBU,16,Ground water,Lake water,41.26365954240584,36.92968865782,-4.333970884585845
AMCB / MCB,P7,SI_ref_19,IBU,17,Ground water,Lake water,39.773601889039135,38.01880416511455,-1.7547977239245778
AMCB / MCB,P7,SI_ref_19,IBU,18,Ground water,Lake water,43.08441879082659,38.51222257381008,-4.572196217016514
CB / MCB,P8,SI_ref_19,IBU,22,Ground water,Lake water,-0.3712753840241514,-0.3367381410880428,0.0345372429361086
CB / MCB,P8,SI_ref_19,IBU,19,Ground water,Lake water,-0.4313844208090334,-1.2725655989521911,-0.8411811781431577
CB / MCB,P8,SI_ref_19,IBU,20,Ground water,Lake water,-0.5764933029257291,-0.6980532268422657,-0.12155992391653658
CB / MCB,P8,SI_ref_19,IBU,21,Ground water,Lake water,-1.1157305562843565,-0.9967649466009143,0.11896560968344216
