Pollutant,mean_pp,n,minimum,maximum
ALA,10.089705127202746,2,3.6718671069263076,16.507543147479186
ATE,6.666666666666665,1,6.666666666666665,6.666666666666665
CAR,2.89541243841136,2,1.5683158568818523,4.222509019940867
CBZ,7.409502153134898,3,-4.4742729306487705,15.608465608465604
DCF,6.16907141795846,4,0.17472475842482682,17.492247150325753
DIU,7.656140104702113,2,3.578642870067139,11.733637339337088
IBU,2.13491281429297,77,-12.65822784810126,15.56061035444184
NPX,2.7699120289730716,4,0.1771414071093158,5.890431174687663
PYR,2.709556332340657,1,2.709556332340657,2.709556332340657
SIM,11.16388405826452,2,2.147342287313825,20.180425829215213
TEB,2.3328981955450026,1,2.3328981955450026,2.3328981955450026
