seed,feature,level,ale_pp,pdp_pp,local_increment_pp,n,n_sources
11,Adsorption time,30.0,-5.383200649960567,-7.847128539401648,0.0,97,7
11,Adsorption time,60.0,-3.7268622236574886,-5.572423003319592,1.6563384263030783,46,6
11,Adsorption time,120.0,-1.2242000366238672,-2.7116752216822135,2.502662187033621,34,5
11,Adsorption time,180.0,2.4553441246574,0.7400522896311656,3.6795441612812674,16,2
11,Adsorption time,240.0,2.6433079822004055,0.9020333427620741,0.18796385754300457,30,4
11,Adsorption time,360.0,3.7820677209405646,2.5027126862401587,1.1387597387401591,16,2
11,Adsorption time,480.0,3.9656241171559232,2.8099177128955404,0.1835563962153585,30,4
11,Adsorption time,540.0,5.026371966089017,3.8801484317990074,1.0607478489330937,16,2
11,Adsorption time,720.0,3.484024391512002,3.2692786337455857,-1.5423475745770148,91,6
11,Adsorption time,960.0,3.522907043687323,3.596303071281568,0.03888265217532096,42,5
11,Adsorption time,1440.0,2.0334586971703175,2.800685677054922,-1.4894483465170054,596,6
11,Adsorption time,1441.0,-0.4060888677160621,1.7832356156466815,-2.439547564886379,15,2
11,Adsorption time,1442.0,-4.1891553273055075,0.4792240166070627,-3.7830664595894454,18,2
11,Adsorption time,1443.0,-7.092469545754293,-1.8528797337122924,-2.9033142184487852,26,2
11,Adsorption time,1444.0,-8.860279071615198,-2.946380013139546,-1.7678095258609048,18,2
11,Adsorption time,1445.0,1.7073580557357833,3.40513608784169,10.56763712735098,18,2
11,Adsorption time,1446.0,0.8728317571365505,2.4999921519411643,-0.8345262985992326,15,2
11,Adsorption time,1447.0,-3.3381510583123903,0.07974681665510275,-4.210982815448941,18,2
11,Adsorption time,1448.0,-5.715808723161702,-3.032016155694315,-2.3776576648493117,18,2
11,Adsorption time,1449.0,-6.918448101740244,-4.581155194872906,-1.2026393785785423,18,2
11,Adsorption time,1450.0,5.060788567608221,4.911490085603724,11.979236669348467,18,2
11,Adsorption time,1451.0,4.118130242013094,3.2238003745735426,-0.9426583255951267,15,2
11,Adsorption time,1452.0,-1.509969368608152,-0.5258696067549806,-5.628099610621246,18,2
11,Adsorption time,1453.0,-4.431693014607783,-2.769002770015632,-2.9217236459996303,18,2
11,Adsorption time,1454.0,-4.912976558004221,-3.445191882295731,-0.4812835433964391,26,2
11,Adsorption time,1455.0,-0.44105681510701267,-2.9329661307877544,4.471919742897208,6,1
11,Solution pH,3.0,5.3798782959770834,5.480616556222742,0.0,24,4
11,Solution pH,5.0,4.87378881240646,4.804290736804916,-0.506089483570624,21,3
11,Solution pH,7.0,0.00392249720539084,-0.08945540989743961,-4.869866315201069,1174,7
11,Solution pH,9.0,-4.6387461641324625,-2.6512148441835492,-4.642668661337854,21,3
11,Solution pH,11.0,-5.622345458288813,-3.5541455066778767,-0.9835992941563513,39,5
11,Adsorption temperature,15.0,-2.244727367153074,-2.1066966464793637,0.0,99,6
11,Adsorption temperature,25.0,0.038386539762499616,0.049206023459078096,2.2831139069155735,1068,7
11,Adsorption temperature,35.0,1.2885413055051034,1.2055229718166416,1.2501547657426038,105,6
11,Adsorption temperature,45.0,1.6292343098881665,0.7763444005533842,0.3406930043830634,7,2
23,Adsorption time,30.0,-4.613625220685992,-8.931500629096284,0.0,97,7
23,Adsorption time,60.0,-1.9938510883660823,-6.157139200024432,2.6197741323199097,46,6
23,Adsorption time,120.0,0.12766412670879657,-3.0496695295248983,2.1215152150748784,34,5
23,Adsorption time,180.0,2.677028222337289,0.8217357775735366,2.5493640956284924,16,2
23,Adsorption time,240.0,2.7473770366350916,1.0416001353580882,0.07034881429780222,30,4
23,Adsorption time,360.0,3.6227284585171473,2.6987472188252966,0.8753514218820564,16,2
23,Adsorption time,480.0,4.336166264153555,3.3010290049322606,0.7134378056364085,30,4
23,Adsorption time,540.0,4.740291629755631,4.025466051227326,0.4041253656020745,16,2
23,Adsorption time,720.0,3.614906734402344,3.644832363248952,-1.1253848953532875,91,6
23,Adsorption time,960.0,4.025044644130527,3.8922604241927203,0.4101379097281836,42,5
23,Adsorption time,1440.0,2.2197414468122405,3.0926014273624105,-1.805303197318287,596,6
23,Adsorption time,1441.0,0.8037595399059381,1.941733244565789,-1.4159819069063022,15,2
23,Adsorption time,1442.0,-3.458199166894113,0.3856331298674647,-4.261958706800051,18,2
23,Adsorption time,1443.0,-6.042202540265642,-1.3470198020956303,-2.584003373371529,26,2
23,Adsorption time,1444.0,-8.68259071379055,-2.791909704831781,-2.640388173524907,18,2
23,Adsorption time,1445.0,1.1829446218952446,3.0706239767462407,9.865535335685793,18,2
23,Adsorption time,1446.0,0.2292605558543519,2.7557556254511155,-0.9536840660408931,15,2
23,Adsorption time,1447.0,-3.941535983782245,0.6299616900397993,-4.170796539636597,18,2
23,Adsorption time,1448.0,-7.940150075862482,-2.3686023470380277,-3.9986140920802367,18,2
23,Adsorption time,1449.0,-9.944602374512996,-3.7247901171632662,-2.0044522986505156,18,2
23,Adsorption time,1450.0,1.133658469691837,3.8539801598496837,11.078260844204834,18,2
23,Adsorption time,1451.0,-0.4461826788097376,3.3429009328405783,-1.5798411485015749,15,2
23,Adsorption time,1452.0,-5.382402150605766,-0.13369952378790373,-4.936219471796028,18,2
23,Adsorption time,1453.0,-9.36686616761727,-2.399170002745798,-3.9844640170115033,18,2
23,Adsorption time,1454.0,-10.676524950287767,-3.00899681144481,-1.3096587826704968,26,2
23,Adsorption time,1455.0,-8.7698920103133,-2.1534290773323974,1.9066329399744668,6,1
23,Solution pH,3.0,6.9980930051098635,6.312582217425174,0.0,24,4
23,Solution pH,5.0,4.908621429881231,4.698233729818149,-2.089471575228633,21,3
23,Solution pH,7.0,0.012904026341939101,-0.14459573185202856,-4.895717403539291,1174,7
23,Solution pH,9.0,-5.854887168218847,-1.9178322619405321,-5.867791194560786,21,3
23,Solution pH,11.0,-6.727184806077853,-2.7400508045968976,-0.8722976378590067,39,5
23,Adsorption temperature,15.0,-2.299149152213603,-2.2313229607172573,0.0,99,6
23,Adsorption temperature,25.0,-0.07004915438483872,-0.024074091550865262,2.2290999978287642,1068,7
23,Adsorption temperature,35.0,2.6104152171579824,1.9170507445100142,2.6804643715428207,105,6
23,Adsorption temperature,45.0,1.89102468002288,2.2156925831932313,-0.7193905371351027,7,2
47,Adsorption time,30.0,-5.2900048191299565,-8.14807888602176,0.0,97,7
47,Adsorption time,60.0,-2.8039351802935726,-5.783704922129402,2.486069638836384,46,6
47,Adsorption time,120.0,0.07458387325105065,-2.7640199528044533,2.8785190535446232,34,5
47,Adsorption time,180.0,2.744544528970655,0.7802118851650164,2.669960655719605,16,2
47,Adsorption time,240.0,3.0982939977576223,1.0688270567471818,0.35374946878696767,30,4
47,Adsorption time,360.0,3.334458947940613,2.359671433790183,0.23616495018299127,16,2
47,Adsorption time,480.0,3.9019774198207386,2.9230833330323165,0.5675184718801265,30,4
47,Adsorption time,540.0,4.133688472759886,3.4807511415325223,0.23171105293914754,16,2
47,Adsorption time,720.0,3.4375452623515894,3.320562599968106,-0.6961432104082959,91,6
47,Adsorption time,960.0,3.866937194998467,3.71997932861494,0.4293919326468778,42,5
47,Adsorption time,1440.0,2.2330570741060605,2.7884376191775146,-1.633880120892407,596,6
47,Adsorption time,1441.0,0.4845052247700208,1.9386346249718684,-1.7485518493360397,15,2
47,Adsorption time,1442.0,-3.180409242078902,0.5766815432101069,-3.6649144668489226,18,2
47,Adsorption time,1443.0,-4.958069695542238,-0.7487847497298219,-1.777660453463336,26,2
47,Adsorption time,1444.0,-5.439499937943512,-1.8532934052063723,-0.48143024240127413,18,2
47,Adsorption time,1445.0,1.644208358162481,2.484763881454981,7.083708296105993,18,2
47,Adsorption time,1446.0,-0.3572394945900239,2.167146349161854,-2.001447852752505,15,2
47,Adsorption time,1447.0,-3.6923866749599092,0.45080512534223516,-3.3351471803698853,18,2
47,Adsorption time,1448.0,-6.6490917085074495,-1.9034317403504986,-2.95670503354754,18,2
47,Adsorption time,1449.0,-7.2477992524186785,-3.205351271242243,-0.5987075439112296,18,2
47,Adsorption time,1450.0,1.502216794025692,3.3265779888213345,8.75001604644437,18,2
47,Adsorption time,1451.0,-0.490857336805659,3.261269495451863,-1.9930741308313509,15,2
47,Adsorption time,1452.0,-4.370057648895593,0.5946718392421246,-3.8792003120899343,18,2
47,Adsorption time,1453.0,-7.172966969976082,-2.164116674841061,-2.802909321080489,18,2
47,Adsorption time,1454.0,-7.440687044582058,-2.7665094252529343,-0.2677200746059757,26,2
47,Adsorption time,1455.0,-9.810149354438973,-3.2569591675547116,-2.3694623098569156,6,1
47,Solution pH,3.0,6.292729995405405,5.798094596240027,0.0,24,4
47,Solution pH,5.0,4.614764886230912,4.562625708426559,-1.6779651091744925,21,3
47,Solution pH,7.0,-0.07316036401932191,-0.11488941213269754,-4.687925250250234,1174,7
47,Solution pH,9.0,-3.588264193031681,-2.328327620143341,-3.5151038290123595,21,3
47,Solution pH,11.0,-4.177276123617472,-2.966927179164763,-0.5890119305857914,39,5
47,Adsorption temperature,15.0,-2.39019050288725,-2.291839970127292,0.0,99,6
47,Adsorption temperature,25.0,0.05220998369427221,0.05686964722477228,2.4424004865815223,1068,7
47,Adsorption temperature,35.0,1.304934496794636,1.2501644217936985,1.2527245131003637,105,6
47,Adsorption temperature,45.0,1.392858192207377,0.9425329936098095,0.08792369541274134,7,2
