seed,fold,config,n_train,n_test,max_abs_cached_difference
11,0,XGBoost_2,1018,261,0.0
11,1,HistGradientBoosting_2,1032,247,0.0
11,2,CatBoost_2,1014,265,0.0
11,3,XGBoost_2,1053,226,0.0
11,4,XGBoost_2,999,280,0.0
23,0,LightGBM_2,994,285,0.0
23,1,CatBoost_2,1066,213,0.0
23,2,XGBoost_2,1014,265,0.0
23,3,XGBoost_2,990,289,0.0
23,4,HistGradientBoosting_1,1052,227,0.0
47,0,XGBoost_2,1039,240,0.0
47,1,XGBoost_2,993,286,0.0
47,2,HistGradientBoosting_1,1002,277,0.0
47,3,CatBoost_2,1082,197,0.0
47,4,CatBoost_2,1000,279,0.0
