Pollutant,PB600 / PB800,GCRB / GCRB-N,PSB / PSBOX-A,Alkali-modified SCG biochars / Pristine SCG biochar,NaOH-activated SCW biochars / Pristine SCW Biochar,AMCB / CB,AMCB / MCB,CB / MCB
IBU,-21.16506175124243,,,61.71889810360545,28.58458357686017,81.38505987375737,59.86088852184286,-0.7248756971908354
CBZ,-25.770636731287492,,,60.98333298646514,,,,
EE2,,,,54.36909609510464,,,,
DCF,,,,,36.49422944254932,,,
NPX,,,,,80.54843468358375,,,
ALA,,-53.9591011166617,,,,,,
DIU,,-72.51776237490294,,,,,,
SIM,,-45.86473731299702,,,,,,
CAR,,,-81.66271589401761,,,,,
PYR,,,-70.67751590582026,,,,,
TEB,,,-76.18450958546799,,,,,
