pair_id,Pollutant,removal_advantage_pp
AMCB / CB,IBU,81.38505987375737
AMCB / MCB,IBU,59.86088852184286
Alkali-modified SCG biochars / Pristine SCG biochar,CBZ,60.98333298646514
Alkali-modified SCG biochars / Pristine SCG biochar,EE2,54.36909609510464
Alkali-modified SCG biochars / Pristine SCG biochar,IBU,61.71889810360545
CB / MCB,IBU,-0.7248756971908354
GCRB / GCRB-N,ALA,-53.9591011166617
GCRB / GCRB-N,DIU,-72.51776237490294
GCRB / GCRB-N,SIM,-45.86473731299702
NaOH-activated SCW biochars / Pristine SCW Biochar,DCF,36.49422944254932
NaOH-activated SCW biochars / Pristine SCW Biochar,IBU,28.58458357686017
NaOH-activated SCW biochars / Pristine SCW Biochar,NPX,80.54843468358375
PB600 / PB800,CBZ,-25.770636731287492
PB600 / PB800,IBU,-21.16506175124243
PSB / PSBOX-A,CAR,-81.66271589401761
PSB / PSBOX-A,PYR,-70.67751590582026
PSB / PSBOX-A,TEB,-76.18450958546799
