strategy,point_mae,contrast_mae,selection_loss,nondominated,track,model_number
OLS,0.123788001904217,0.1723175387310138,0.0001068760157429,False,exact,1
Ridge,0.1236933448695078,0.1731300912356097,0.0001068760157429,False,exact,2
Lasso,0.1279655694415941,0.1797299790903131,0.0001068760157429,False,exact,3
ElasticNet,0.1247367707976452,0.1758278387802262,0.0001068760157429,False,exact,4
BayesianRidge,0.1237890825831357,0.1734711974154221,0.0001068760157429,False,exact,5
ARD,0.1237735666551984,0.1734497917142922,0.0001068760157429,False,exact,6
Huber,0.1222623074670378,0.1701534054343082,0.0001068760157429,False,exact,7
PLS,0.1340312902610442,0.1912344142901737,0.0001068760157429,False,exact,8
PCR,0.138604129886488,0.2091070229468238,0.0001068760157429,False,exact,9
SplineRidge,0.1161669473071259,0.1558357056632229,0.0001068760157429,True,exact,10
KernelRidge,0.1013370235506332,0.1353024551046099,0.0001909005748268,False,exact,11
SVR,0.0972369418654604,0.1240598135691179,0.0002167426120561,False,exact,12
KNN,0.1156207931777062,0.1398264440337011,0.0001357746066291,False,exact,13
DecisionTree,0.1000490139260452,0.120485116202879,0.0003899436771499,False,exact,14
RandomForest,0.0949146335252959,0.109495207589977,0.0004199009285949,True,exact,15
ExtraTrees,0.0989982940468785,0.1250562713599828,0.0002468900112922,False,exact,16
Bagging,0.0980431301793476,0.1177225449325861,0.000480193623667,False,exact,17
GradientBoosting,0.0999738829922469,0.1224147885909414,0.000114658005507,True,exact,18
HistGradientBoosting,0.095895197812555,0.108169752014566,0.0001795277404873,False,exact,19
AdaBoost,0.124652736871503,0.1821601541212796,0.0005071907785431,False,exact,20
XGBoost,0.0952199001407704,0.1079032084369346,0.000141397168525,True,exact,21
LightGBM,0.095399620835984,0.1077804545281055,0.0002543743749042,True,exact,22
CatBoost,0.0963597323223116,0.1154416160925335,0.0001186404289975,True,exact,23
MLP,0.1201006827568325,0.1567648100241206,0.0002329878679904,False,exact,24
OLS,0.1727731954590518,0.1770355972789532,0.0001068760157429,False,broad,1
Ridge,0.1477090655771385,0.1844309802735892,0.0001068760157429,False,broad,2
Lasso,0.1580321735107472,0.2083483193865351,0.0001068760157429,False,broad,3
ElasticNet,0.1525996087980126,0.2052264073095202,0.0001068760157429,False,broad,4
BayesianRidge,0.1568776945208669,0.1767627018814822,0.0001068760157429,False,broad,5
ARD,0.1570937682466933,0.1783868858474992,0.0001068760157429,False,broad,6
Huber,0.1757787749266994,0.1764408589462991,0.0001068760157429,False,broad,7
PLS,0.15498448248476,0.2136522189694798,0.0001068760157429,False,broad,8
PCR,0.1594064075069003,0.2180414355768614,0.0001068760157429,False,broad,9
SplineRidge,0.1624582962302924,0.1644069360779537,0.0001068760157429,False,broad,10
KernelRidge,0.1229196935115186,0.152463192552261,0.0001254493619999,False,broad,11
SVR,0.1224428112284869,0.1519088888799055,0.0001106426645334,True,broad,12
KNN,0.140080019236331,0.1830466035237278,0.0002653004683339,False,broad,13
DecisionTree,0.144897025168529,0.1792078511487053,0.0179028519277026,False,broad,14
RandomForest,0.1241395273055816,0.1459607975524195,0.000265111331306,False,broad,15
ExtraTrees,0.1225314632606131,0.1566294457195548,0.0001068760157429,True,broad,16
Bagging,0.1259643714939935,0.1478188875991087,0.0001368332671879,False,broad,17
GradientBoosting,0.122958143602843,0.1543148970087862,0.0001122311301625,False,broad,18
HistGradientBoosting,0.1168235935882601,0.1458894396076925,0.0001412425358082,True,broad,19
AdaBoost,0.1419982585192084,0.1978508064647909,0.0003363289264014,False,broad,20
XGBoost,0.1172290834731544,0.141871255820473,0.0001181015837503,True,broad,21
LightGBM,0.1168263519192769,0.146502244689046,0.000130604050396,True,broad,22
CatBoost,0.1199910616942212,0.1504513453509244,0.000115707625889,True,broad,23
MLP,0.1894088190596946,0.2077319673257863,0.0010182161690717,False,broad,24
OLS,0.380826548326367,0.2841732007798697,0.0001068760157429,False,source,1
Ridge,0.2426635578764085,0.256276654019226,0.0001068760157429,False,source,2
Lasso,0.2811316405739523,0.3062949993568631,0.0001068760157429,False,source,3
ElasticNet,0.2821930363259636,0.3017401584282616,0.0001068760157429,False,source,4
BayesianRidge,0.3061541283057218,0.2709409564911499,0.0001068760157429,False,source,5
ARD,0.3155313252050383,0.300030541304051,0.1279796993573987,False,source,6
Huber,0.4608627109488423,0.3168771197499148,0.1279796993573987,False,source,7
PLS,0.270982369332777,0.2389127464481219,0.0001068760157429,False,source,8
PCR,0.2855191263940326,0.2480466379580934,0.0001068760157429,False,source,9
SplineRidge,0.3701087697754163,0.3852856663458547,0.0392199580845178,False,source,10
KernelRidge,0.2701392514478938,0.189334067313441,0.0001068760157429,True,source,11
SVR,0.1689071429755261,0.2442819009955398,0.0001068760157429,True,source,12
KNN,0.1925156703476549,0.2893284657949709,0.0003637456692135,False,source,13
DecisionTree,0.2627080302565795,0.4181694035791607,0.1670927814261737,False,source,14
RandomForest,0.2289837851130776,0.4242886287694229,0.1927467507030692,False,source,15
ExtraTrees,0.1906525731986796,0.316731877132916,0.0177444274751116,False,source,16
Bagging,0.227609880306512,0.4173895909292502,0.1926786974075603,False,source,17
GradientBoosting,0.2189885753503794,0.3741804918760338,0.0724760072633194,False,source,18
HistGradientBoosting,0.2366581227775524,0.4229936410174591,0.0769409809973601,False,source,19
AdaBoost,0.2281843794112891,0.3574817433544582,0.1612357485362003,False,source,20
XGBoost,0.2376464537155493,0.4443087486386443,0.0786342588038033,False,source,21
LightGBM,0.2335044768089231,0.4243721443146357,0.072385700147148,False,source,22
CatBoost,0.2017831124899348,0.355855579119688,0.0419867833815958,False,source,23
MLP,0.5906316615224403,0.2996572244378596,0.0009659413526563,False,source,24
