condition_id,outer_test,inner_fold
2,True,-1
3,False,0
4,True,-1
5,False,0
6,True,-1
7,False,0
8,True,-1
9,False,0
10,True,-1
11,False,0
12,True,-1
13,False,0
14,True,-1
15,False,0
16,True,-1
17,False,0
18,True,-1
19,False,0
20,True,-1
21,False,0
22,True,-1
23,False,0
24,True,-1
25,False,0
26,True,-1
27,False,0
28,True,-1
29,False,0
30,True,-1
31,False,0
32,True,-1
33,False,0
34,True,-1
35,False,0
36,True,-1
37,False,0
38,True,-1
39,False,0
40,True,-1
41,False,0
42,True,-1
43,False,0
44,True,-1
45,False,0
46,True,-1
47,False,0
48,True,-1
49,False,0
50,True,-1
51,False,0
52,True,-1
53,False,0
54,True,-1
55,False,0
56,True,-1
57,False,0
58,True,-1
59,False,0
60,True,-1
61,False,0
62,True,-1
63,False,0
64,True,-1
65,False,0
66,True,-1
67,False,0
68,True,-1
69,False,0
70,True,-1
71,False,0
72,True,-1
73,False,0
74,True,-1
75,False,0
76,True,-1
77,False,0
78,True,-1
79,False,0
80,True,-1
81,False,0
82,True,-1
83,False,0
84,True,-1
85,False,0
86,True,-1
87,False,0
88,True,-1
89,False,0
90,True,-1
91,False,0
92,True,-1
93,False,0
94,True,-1
95,False,0
96,True,-1
97,False,0
98,True,-1
99,False,0
100,True,-1
101,False,0
102,True,-1
103,False,0
104,True,-1
105,False,0
106,True,-1
107,False,0
108,True,-1
109,False,0
110,True,-1
111,False,0
112,True,-1
113,False,0
114,True,-1
115,False,0
116,True,-1
117,False,2
118,True,-1
119,False,2
120,True,-1
121,False,2
122,True,-1
123,False,2
124,True,-1
125,False,2
126,True,-1
127,False,2
128,True,-1
129,False,2
130,True,-1
131,True,-1
132,False,2
133,True,-1
134,False,2
135,True,-1
136,False,2
137,True,-1
138,False,2
139,True,-1
140,False,2
141,True,-1
142,False,2
143,True,-1
144,True,-1
145,False,2
146,True,-1
147,False,2
148,True,-1
149,False,2
150,True,-1
151,False,2
152,True,-1
153,False,2
154,False,0
155,False,3
156,False,0
157,False,3
158,False,0
159,False,3
160,False,0
161,False,3
162,False,0
163,False,3
164,False,0
165,False,3
166,False,0
167,False,3
168,False,0
169,False,3
170,False,0
171,False,3
172,False,0
173,False,0
174,False,0
175,False,0
176,False,0
177,False,0
178,False,3
179,False,0
180,False,3
181,False,0
182,False,3
183,False,0
184,False,3
185,False,0
186,False,3
187,False,0
188,False,3
189,False,3
190,False,3
191,False,3
192,False,3
193,False,3
194,False,3
195,False,3
196,False,3
197,False,3
198,False,3
199,False,3
200,False,3
201,False,3
202,False,3
203,False,3
204,False,3
205,False,3
206,False,3
207,False,3
208,False,3
209,False,3
210,False,3
211,False,3
212,False,3
213,False,3
214,False,3
215,False,3
216,False,3
217,False,3
218,False,3
219,False,3
220,False,3
221,False,3
222,False,3
223,False,3
224,False,3
225,False,3
226,False,3
227,False,3
228,False,3
229,False,2
230,False,2
231,False,2
232,False,2
233,False,2
234,False,2
235,False,2
236,False,2
237,False,2
238,False,2
239,False,2
240,False,2
241,False,2
242,False,2
243,False,2
244,False,2
245,False,2
246,False,0
247,False,0
248,False,0
249,False,0
250,False,0
251,False,0
252,False,0
253,False,0
254,False,0
255,False,0
256,False,0
257,False,0
258,False,0
259,False,0
260,False,0
261,False,0
262,False,0
263,False,3
264,False,3
265,False,3
266,False,3
267,False,3
268,False,3
269,False,3
270,False,3
271,False,3
272,False,3
273,False,3
274,False,3
275,False,3
276,False,3
277,False,3
278,False,3
279,False,3
282,True,-1
283,False,0
284,True,-1
285,False,0
286,True,-1
287,False,0
288,True,-1
289,False,0
290,True,-1
291,False,0
292,True,-1
293,False,0
294,True,-1
295,False,0
296,True,-1
297,False,0
298,True,-1
299,False,0
300,True,-1
301,False,0
302,True,-1
303,False,0
304,True,-1
305,False,0
306,True,-1
307,False,0
308,True,-1
309,False,0
310,True,-1
311,False,0
312,True,-1
313,False,0
314,True,-1
315,False,0
316,True,-1
317,False,0
318,True,-1
319,False,0
320,True,-1
321,False,0
322,True,-1
323,False,0
324,True,-1
325,False,0
326,True,-1
327,False,0
328,True,-1
329,False,0
330,True,-1
331,False,0
332,False,1
333,False,1
334,False,1
335,False,1
336,False,1
337,False,1
338,False,1
339,False,1
340,False,1
341,False,1
342,False,1
343,False,1
344,False,1
345,False,1
346,False,1
347,False,1
348,False,1
349,False,1
350,False,1
351,False,1
352,False,1
353,False,1
354,False,2
355,False,2
356,False,2
357,False,2
358,False,2
359,False,2
360,False,2
361,False,2
362,False,2
363,False,2
364,False,2
365,False,2
366,False,2
367,False,2
368,False,2
369,False,2
370,False,2
371,False,2
372,False,2
373,False,2
374,False,2
375,False,2
376,False,2
377,False,2
378,False,2
379,False,2
380,False,2
381,False,2
382,False,2
383,False,2
384,False,2
385,False,2
386,False,2
387,False,2
388,False,2
389,False,2
390,False,2
391,False,2
392,False,2
393,False,2
394,False,2
395,False,2
396,False,2
397,False,2
398,False,1
399,False,1
400,False,1
401,False,1
402,False,1
403,False,1
404,False,1
405,False,1
406,False,1
407,False,1
408,False,1
409,False,1
410,False,1
411,False,1
412,False,1
413,False,1
414,False,1
415,False,1
416,False,1
417,False,1
418,False,1
419,False,1
420,False,1
421,False,1
422,False,1
423,False,1
424,False,1
425,False,1
426,False,1
427,False,1
428,False,1
429,False,1
430,False,1
431,False,1
432,False,1
433,False,1
434,False,1
435,False,1
436,False,1
437,False,1
438,False,1
439,False,2
440,False,2
441,False,2
442,False,2
443,False,2
444,False,2
445,False,2
446,False,2
447,False,2
448,False,2
449,False,2
450,False,2
451,False,2
452,False,2
453,False,2
454,False,2
455,False,2
456,False,2
457,False,2
458,False,2
459,False,2
460,False,2
461,False,2
462,False,2
463,False,2
464,False,2
465,False,2
466,False,2
467,False,2
468,False,2
469,False,2
470,False,2
471,False,2
472,False,2
473,False,2
474,False,2
475,False,2
476,False,2
477,False,2
478,False,2
479,False,2
480,False,2
481,False,2
482,False,2
483,False,2
484,False,2
485,False,2
486,False,2
487,False,2
488,False,2
489,False,2
490,False,2
491,False,2
492,False,2
493,False,2
494,False,2
495,False,2
496,False,2
497,False,2
498,False,2
499,False,2
500,False,2
501,False,2
502,False,2
503,False,2
504,False,2
505,False,2
506,False,2
507,False,2
508,False,2
509,False,2
510,False,2
511,False,2
512,False,2
513,False,2
514,False,2
515,False,2
516,False,2
517,False,2
518,False,2
519,False,2
520,False,2
523,True,-1
524,False,0
525,True,-1
526,False,0
527,True,-1
528,False,0
529,True,-1
530,False,0
531,True,-1
532,False,0
533,True,-1
534,False,0
535,True,-1
536,False,0
537,True,-1
538,False,0
539,True,-1
540,False,0
541,True,-1
542,False,0
543,True,-1
544,False,0
545,True,-1
546,False,0
547,True,-1
548,False,0
549,True,-1
550,False,0
551,True,-1
552,False,0
553,True,-1
554,False,0
555,True,-1
556,False,0
557,True,-1
558,False,0
559,True,-1
560,False,0
561,True,-1
562,False,0
563,True,-1
564,False,0
565,True,-1
566,False,0
567,True,-1
568,False,0
569,True,-1
570,False,0
571,True,-1
572,False,0
573,True,-1
574,False,0
575,True,-1
576,False,0
577,True,-1
578,False,0
579,True,-1
580,False,0
581,True,-1
582,False,0
583,True,-1
584,False,0
585,True,-1
586,False,0
587,True,-1
588,False,0
589,True,-1
590,False,0
591,True,-1
592,False,0
593,True,-1
594,False,0
595,True,-1
596,False,0
597,True,-1
598,False,0
599,True,-1
600,False,0
601,True,-1
602,False,0
603,True,-1
604,False,0
605,True,-1
606,False,0
607,True,-1
608,False,0
609,True,-1
610,False,0
611,True,-1
612,False,0
613,True,-1
614,False,0
615,True,-1
616,False,0
617,True,-1
618,False,0
619,True,-1
620,False,0
621,True,-1
622,False,0
623,True,-1
624,False,0
625,True,-1
626,False,0
627,True,-1
628,False,0
629,True,-1
630,False,0
631,True,-1
632,False,0
633,True,-1
634,False,0
635,True,-1
636,False,0
639,False,1
640,False,1
641,False,1
642,False,1
643,False,1
644,False,1
645,False,1
646,False,1
647,False,1
648,False,1
649,False,1
650,False,1
651,False,1
652,False,1
653,False,1
654,False,1
655,False,1
656,False,1
657,False,1
658,False,1
659,False,1
660,False,1
661,False,1
662,False,1
663,False,1
664,False,1
665,False,1
666,False,1
667,False,1
668,False,1
669,False,1
670,False,1
671,False,1
672,False,1
673,False,1
674,False,1
675,False,1
676,False,1
677,False,1
678,False,1
679,False,1
680,False,1
681,False,1
682,False,1
683,False,1
684,False,1
685,False,1
686,False,1
687,False,1
688,False,1
689,False,1
690,False,1
691,False,1
692,False,1
693,False,1
694,False,1
695,False,1
698,True,-1
699,False,3
700,True,-1
701,False,3
702,True,-1
703,False,3
704,True,-1
705,False,3
706,True,-1
707,False,3
708,True,-1
709,False,3
710,True,-1
711,False,3
712,True,-1
713,False,3
714,True,-1
715,False,3
716,True,-1
717,False,3
718,True,-1
719,False,3
720,True,-1
721,False,3
722,True,-1
723,True,-1
724,True,-1
725,False,3
726,True,-1
727,True,-1
728,True,-1
729,False,3
730,True,-1
731,True,-1
732,True,-1
733,False,3
734,True,-1
735,True,-1
736,True,-1
737,False,3
738,True,-1
739,True,-1
740,True,-1
741,False,3
742,True,-1
743,True,-1
744,True,-1
745,True,-1
746,False,3
747,True,-1
748,False,3
749,True,-1
750,False,3
751,True,-1
752,False,3
753,True,-1
754,False,3
757,False,1
758,False,0
759,False,1
760,False,0
761,False,1
762,False,0
763,False,1
764,False,0
765,False,1
766,False,0
767,False,1
768,False,0
769,False,1
770,False,0
771,False,1
772,False,0
773,False,1
774,False,0
775,False,1
776,False,0
777,False,1
778,False,0
779,False,1
780,False,0
781,False,1
782,False,0
783,False,1
784,False,0
785,False,1
786,False,0
787,False,1
788,False,0
789,False,1
790,False,0
791,False,1
792,False,0
793,False,1
794,False,0
795,False,1
796,False,0
797,False,1
798,False,0
799,False,1
800,False,0
852,True,-1
853,True,-1
854,True,-1
855,True,-1
856,True,-1
857,True,-1
858,True,-1
859,True,-1
860,True,-1
861,True,-1
862,True,-1
863,True,-1
864,True,-1
865,True,-1
866,True,-1
867,True,-1
868,True,-1
869,True,-1
870,True,-1
871,True,-1
872,True,-1
873,True,-1
874,True,-1
875,False,2
876,False,2
877,False,2
878,False,2
879,False,2
880,False,2
881,False,2
882,False,2
883,False,2
884,False,2
885,False,2
886,False,2
887,False,2
888,False,2
889,False,2
890,False,2
891,False,2
892,False,2
893,False,2
894,False,2
895,False,2
896,False,2
897,False,2
898,True,-1
899,True,-1
900,True,-1
901,True,-1
902,True,-1
903,True,-1
904,True,-1
905,True,-1
906,True,-1
907,True,-1
908,True,-1
909,True,-1
910,True,-1
911,True,-1
912,True,-1
913,True,-1
914,True,-1
915,True,-1
916,True,-1
917,True,-1
918,True,-1
919,True,-1
920,True,-1
921,True,-1
922,False,2
923,False,2
924,False,2
925,False,2
926,False,2
927,False,2
928,False,2
929,False,2
930,False,2
931,False,2
932,False,2
933,False,2
934,False,2
935,False,2
936,False,2
937,False,2
938,False,2
939,False,2
940,False,2
941,False,2
942,False,2
943,False,2
944,False,2
945,False,1
946,False,1
947,False,1
948,False,1
949,False,1
950,False,1
951,False,1
952,False,1
953,False,1
954,False,1
955,False,1
956,False,1
957,False,1
958,False,1
959,False,1
960,False,1
961,False,1
962,False,1
963,False,1
964,False,1
965,False,1
966,False,1
967,False,1
968,True,-1
969,True,-1
970,True,-1
971,True,-1
972,True,-1
973,True,-1
974,True,-1
975,True,-1
976,True,-1
977,True,-1
978,True,-1
979,True,-1
980,True,-1
981,True,-1
982,True,-1
983,True,-1
984,True,-1
985,True,-1
986,True,-1
987,False,0
988,False,0
989,False,0
990,False,0
991,False,0
992,False,0
993,False,0
994,False,0
995,False,0
996,False,0
997,False,0
998,False,0
999,False,0
1000,False,0
1001,False,0
1002,False,0
1003,False,0
1004,False,0
1005,False,0
1006,False,1
1007,False,1
1008,False,1
1009,False,1
1010,False,1
1011,False,1
1012,False,1
1013,False,1
1014,False,1
1015,False,1
1016,False,1
1017,False,1
1018,False,1
1019,False,1
1020,False,1
1021,False,1
1022,False,1
1023,False,1
1024,False,1
1025,False,1
1026,False,1
1027,False,1
1028,False,1
1029,True,-1
1030,True,-1
1031,True,-1
1032,True,-1
1033,True,-1
1034,True,-1
1035,True,-1
1036,True,-1
1037,True,-1
1038,True,-1
1039,True,-1
1040,True,-1
1041,True,-1
1042,True,-1
1043,True,-1
1044,True,-1
1045,True,-1
1046,True,-1
1047,True,-1
1048,True,-1
1049,True,-1
1050,True,-1
1051,True,-1
1052,False,0
1053,False,0
1054,False,0
1055,False,0
1056,False,0
1057,False,0
1058,False,0
1059,False,0
1060,False,0
1061,False,0
1062,False,0
1063,False,0
1064,False,0
1065,False,0
1066,False,0
1067,False,0
1068,False,0
1069,False,0
1070,False,0
1071,False,0
1072,False,0
1073,False,0
1074,False,0
1075,False,0
1076,True,-1
1077,False,2
1078,True,-1
1079,False,2
1080,True,-1
1081,False,2
1082,True,-1
1083,False,2
1084,True,-1
1085,False,2
1086,True,-1
1087,False,2
1088,True,-1
1089,False,2
1090,True,-1
1091,False,2
1092,True,-1
1093,False,2
1094,True,-1
1095,False,2
1096,True,-1
1097,False,2
1098,True,-1
1099,False,2
1100,True,-1
1101,False,2
1102,True,-1
1103,False,2
1104,True,-1
1105,False,2
1106,True,-1
1107,False,2
1108,True,-1
1109,False,2
1110,True,-1
1111,False,2
1112,True,-1
1113,False,2
1114,True,-1
1115,False,2
1116,False,0
1117,False,3
1118,False,0
1119,False,3
1120,False,0
1121,False,3
1122,False,0
1123,False,3
1124,False,0
1125,False,3
1126,False,0
1127,False,3
1128,False,0
1129,False,3
1130,False,0
1131,False,3
1132,False,0
1133,False,3
1134,False,0
1135,False,3
1136,False,0
1137,False,3
1138,False,0
1139,False,3
1140,False,0
1141,False,3
1142,False,0
1143,False,3
1144,False,0
1145,False,3
1146,False,0
1147,False,3
1148,False,0
1149,False,3
1150,False,0
1151,False,3
1152,False,0
1153,False,3
1154,False,0
1155,False,3
1156,False,3
1157,False,3
1158,False,3
1159,False,3
1160,False,3
1161,False,3
1162,False,3
1163,False,3
1164,False,3
1165,False,3
1166,False,3
1167,False,3
1168,False,3
1169,False,3
1170,False,3
1171,False,3
1172,False,3
1173,False,3
1174,False,3
1175,False,3
1176,False,3
1177,False,3
1178,False,3
1179,False,3
1180,False,3
1181,False,3
1182,False,3
1183,False,3
1184,False,3
1185,False,3
1186,False,3
1187,False,3
1188,False,3
1189,False,3
1190,False,3
1191,False,3
1192,False,3
1193,False,3
1194,False,3
1195,False,3
1198,False,1
1199,False,1
1200,False,1
1201,False,1
1202,False,1
1203,False,1
1204,False,1
1205,False,1
1206,False,1
1207,False,1
1208,False,1
1209,False,1
1210,False,1
1211,False,1
1212,False,1
1213,False,1
1214,False,1
1215,False,1
1216,False,1
1217,False,1
1218,False,1
1219,False,1
1220,False,1
1221,False,1
1222,False,1
1223,False,1
1224,False,1
1225,False,1
1226,False,1
1227,False,1
1228,False,1
1229,False,1
1230,False,1
1231,False,1
1232,False,1
1233,False,1
1234,False,1
1235,False,1
1236,False,1
1237,False,1
1238,False,1
1239,False,1
1240,False,1
1241,False,1
1242,False,1
1243,False,1
1244,False,1
1245,False,1
1246,False,1
1247,False,1
1248,False,1
1249,False,1
1250,False,1
1253,True,-1
1254,False,3
1255,True,-1
1256,False,3
1257,True,-1
1258,False,3
1259,True,-1
1260,False,3
1261,True,-1
1262,False,3
1263,True,-1
1264,False,3
1265,True,-1
1266,False,3
1267,False,3
1268,False,3
1269,True,-1
1270,False,3
1271,True,-1
1272,False,3
1273,True,-1
1274,False,3
1275,True,-1
1276,True,-1
1277,True,-1
1278,False,3
1279,True,-1
1280,True,-1
1281,True,-1
1282,False,3
1283,True,-1
1284,True,-1
1285,True,-1
1286,False,3
1287,True,-1
1288,True,-1
1289,True,-1
1290,False,3
1291,True,-1
1292,True,-1
1293,True,-1
1294,False,3
1295,True,-1
1296,True,-1
1297,True,-1
1298,True,-1
1299,False,3
1300,True,-1
1301,False,3
1302,True,-1
1303,False,3
1304,False,3
1305,False,3
1308,False,1
1309,False,0
1310,False,1
1311,False,0
1312,False,1
1313,False,0
1314,False,1
1315,False,0
1316,False,1
1317,False,0
1318,False,1
1319,False,0
1320,False,1
1321,False,0
1322,False,0
1323,False,0
1324,False,1
1325,False,0
1326,False,1
1327,False,0
1328,False,1
1329,False,0
1330,False,1
1331,False,0
1332,False,1
1333,False,0
1334,False,1
1335,False,0
1336,False,1
1337,False,0
1338,False,1
1339,False,0
1340,False,1
1341,False,0
1342,False,1
1343,False,0
1344,False,1
1345,False,0
1346,False,0
1347,False,0
