id,method,family,point,contrast,loss,warnings,topsis
ARD_1,ARD,Bayesian linear,0.18153335115912997,0.18011575656140266,0.00010687601574292125,[],0.8579136807854236
AdaBoost_1,AdaBoost,Boosted trees,0.13076575976944285,0.1810656499435963,0.0004919771635711172,[],0.9648413372533456
Bagging_2,Bagging,Bagged trees,0.12878193493008552,0.1806689950370017,0.01713141358713108,[],0.6137707125134587
BayesianRidge_1,BayesianRidge,Bayesian linear,0.1842407816612365,0.16801386649787364,0.00010687601574292125,[],0.8547975422702054
CatBoost_1,CatBoost,Boosted trees,0.1278985387300748,0.18323739865678323,0.017744427475111613,[],0.6004170116964712
DecisionTree_1,DecisionTree,Tree,0.14105933702261905,0.18870436268350513,0.00010687601574292125,[],0.9371331850926109
ElasticNet_2,ElasticNet,Linear,0.16183554428990962,0.20445685427173244,0.00010687601574292125,[],0.8794435571025994
ExtraTrees_2,ExtraTrees,Bagged trees,0.13240239141987226,0.18297879331112896,0.018398698243766082,[],0.5844169376861694
GradientBoosting_2,GradientBoosting,Boosted trees,0.1253755135542704,0.17862042744809833,0.03796045541764695,[],0.30017593704861645
HistGradientBoosting_2,HistGradientBoosting,Boosted trees,0.1274523179043914,0.1795313783800209,0.026465667061578074,[],0.4363179335165807
Huber_2,Huber,Robust linear,0.2365025450125939,0.17260106540641815,0.00010687601574292125,[],0.7566837403836324
KNN_1,KNN,Neighbour,0.1525595248961395,0.1848823566620209,0.00010687601574292125,[],0.918310936824267
KernelRidge_1,KernelRidge,Kernel,0.13912874198280387,0.16906658739529645,0.0001271450307672871,[],0.9597941042505376
Lasso_2,Lasso,Linear,0.16999028758645254,0.21174551904094355,0.00010687601574292125,[],0.8568721022015199
LightGBM_1,LightGBM,Boosted trees,0.12656001139072992,0.1762978326525433,0.03757876532284111,[],0.3031341244167836
MLP_1,MLP,Neural network,0.20786432687050055,0.282584153506957,0.004081853322684217,[],0.7002767453414604
OLS_1,OLS,Linear,0.21058977123872588,0.1735364619386052,0.00010687601574292125,[],0.8017806798756155
PCR_2,PCR,Latent linear,0.155627466904419,0.22067803701567926,0.00010687601574292125,[],0.8676514358020148
PLS_1,PLS,Latent linear,0.15103458150676105,0.21967030836959808,0.00010687601574292125,[],0.8751050110599644
RandomForest_2,RandomForest,Bagged trees,0.12780128751915948,0.18264288562492895,0.023128035923825088,[],0.4938782639714809
Ridge_2,Ridge,Linear,0.16905212076050252,0.1787409365719844,0.00010687601574292125,[],0.8854344779994202
SVR_1,SVR,Kernel,0.14094211692154054,0.17012136976251027,0.00010926997360425937,[],0.9550080605140909
SplineRidge_2,SplineRidge,Spline,0.17141232245124424,0.23342668247219633,0.03921995808451786,[],0.18123983143432962
XGBoost_2,XGBoost,Boosted trees,0.1238964201887374,0.1738020165135323,0.03768081974626925,[],0.3074324069091136
