seed,track,fold,pareto_methods,point_range,contrast_range,loss_range,winner,winner_dominated,outer_selected_point,outer_best_point,outer_point_gap
11,exact,0,5,0.042696558382528005,0.10298710103613329,0.00039127290074070004,XGBoost,False,0.07795999044742451,0.07795999044742451,0.0
11,exact,1,4,0.052549981633190815,0.11113519417111808,0.0004205698457095,HistGradientBoosting,False,0.11946294970607817,0.11610896018048945,0.003353989525588713
11,exact,2,4,0.0383085449353083,0.095529344188301,0.0004658225014472,CatBoost,False,0.10079936996793011,0.08659240718155935,0.014206962786370764
11,exact,3,2,0.0403582845158004,0.1004643153776569,0.0008331914613185001,XGBoost,False,0.10818388687097615,0.10196409885766954,0.00621978801330661
11,exact,4,4,0.03959591481639779,0.09908955407913281,0.000297879558565,XGBoost,False,0.09161965299937717,0.09161965299937717,0.0
11,broad,0,3,0.203792017597834,0.05035239113076079,0.0009431341940401001,RandomForest,False,0.15249435660747834,0.1356062998835463,0.016888056723932038
11,broad,1,3,0.2758722546164702,0.31453591233496603,0.0784152215895395,KernelRidge,False,0.11193077462023049,0.10720657245256038,0.004724202167670111
11,broad,2,4,0.13782149674622907,0.15226721566242357,0.0663230409056135,SVR,False,0.10088801529220211,0.08387675977855022,0.017011255513651888
11,broad,3,4,0.0815733899676771,0.07830985275348912,0.0393425349794335,XGBoost,False,0.08590238148108616,0.07997744606178851,0.0059249354192976444
11,broad,4,4,0.2527268079494453,0.0812203805034298,0.017880027057330102,GradientBoosting,False,0.12205139868756747,0.11148758887716148,0.010563809810405986
11,source,0,3,1.1160837976046978,1.5798719481792247,0.1933546470245489,PLS,False,0.27905342646817344,0.18444584449019932,0.09460758197797411
11,source,1,2,0.37808004129553174,0.3204232704106441,0.2401819769676731,SVR,False,0.1723514874935121,0.1361333584238704,0.0362181290696417
11,source,2,2,0.8994381790216591,0.9016806464654958,0.15812248610137608,SVR,False,0.18887345788232013,0.10896457000620073,0.0799088878761194
11,source,3,2,0.5296139738764003,0.45641667559238386,0.20024195458923238,PCR,False,0.872856557025543,0.11729715699697178,0.7555594000285712
11,source,4,6,0.2721227823485558,0.2569540814817095,0.24029034550707878,PCR,False,0.17332938058648853,0.13928887070517482,0.03404050988131371
11,source,5,4,1.5027484329527805,0.5901975451277449,0.1921810583747258,PCR,False,0.18421346612902434,0.10674066755280877,0.07747279857621557
11,source,6,3,2.3577217724064115,1.014669030138792,0.20038308649251688,KernelRidge,False,0.25517807363553174,0.1331385095079774,0.12203956412755435
23,exact,0,7,0.04113701903617349,0.0953699512432861,0.0035012623930453,LightGBM,False,0.08887536002794734,0.08781051607375875,0.0010648439541885851
23,exact,1,4,0.0463658485901835,0.1066835780265387,0.0051498529983289,CatBoost,False,0.11613185046717356,0.11353952749905034,0.0025923229681232146
23,exact,2,5,0.041732506710709605,0.1018874524527017,0.0006396081024214999,XGBoost,False,0.10718590878496921,0.10401078451710669,0.0031751242678625252
23,exact,3,2,0.038190133050821,0.09985473114405681,0.0041109550190375,XGBoost,False,0.0849780542447822,0.07504774768637625,0.00993030655840596
23,exact,4,6,0.0493268334910512,0.1123867715226075,0.0024960006279309997,HistGradientBoosting,False,0.1047998330174722,0.1027662638014031,0.002033569216069106
23,broad,0,6,0.22550563888330308,0.09820072120320097,0.039265873858926804,SVR,False,0.10213910560989425,0.10213910560989425,0.0
23,broad,1,6,0.10144495418172819,0.10376286471707719,0.0352751029187374,PLS,False,0.1631320701479509,0.08800777111285188,0.07512429903509901
23,broad,2,4,0.6414786249656736,0.09318482674551729,0.0429510612188124,SVR,False,0.1076005820380845,0.10455556071583612,0.0030450213222483757
23,broad,3,6,0.087559893629576,0.0676837352232372,0.0723691312475765,SVR,False,0.12084630166498282,0.11243489431520255,0.00841140734978027
23,broad,4,6,0.2508235602368398,0.0888018077445322,0.0332560491788016,SVR,False,0.14407766642716852,0.12119176874842762,0.0228858976787409
23,source,0,3,1.1160837976046978,1.5798719481792247,0.1933546470245489,PLS,False,0.27905342646817344,0.1815183186826107,0.09753510778556274
23,source,1,2,0.37808004129553174,0.3204232704106441,0.24029034550707878,SVR,False,0.1723514874935121,0.1361333584238704,0.0362181290696417
23,source,2,2,0.8994381790216591,0.9016806464654958,0.15812248610137608,SVR,False,0.18887345788232013,0.10896457000620073,0.0799088878761194
23,source,3,2,0.5296139738764003,0.45641667559238386,0.20024195458923238,PCR,False,0.872856557025543,0.11729715699697178,0.7555594000285712
23,source,4,6,0.2721227823485558,0.2569540814817095,0.24029034550707878,PCR,False,0.17332938058648853,0.13928887070517482,0.03404050988131371
23,source,5,4,1.5027484329527805,0.5901975451277449,0.19286659396605169,PCR,False,0.18421346612902434,0.10674066755280877,0.07747279857621557
23,source,6,3,2.3596795376435673,1.014669030138792,0.20038308649251688,KernelRidge,False,0.25517807363553174,0.1331385095079774,0.12203956412755435
47,exact,0,1,0.043054367328925494,0.10287500705540789,0.00040483748814959997,XGBoost,False,0.09239579151444717,0.0913549566024171,0.001040834912030067
47,exact,1,3,0.04754170145311511,0.09489139621240861,0.0003585956507413,XGBoost,False,0.08820858336471463,0.08149797592310566,0.006710607441608965
47,exact,2,4,0.04090666256391001,0.1035490274298448,0.0013468910772352,HistGradientBoosting,False,0.09732227161710427,0.09732227161710427,0.0
47,exact,3,4,0.04144773506946549,0.0904188904131562,0.0006674360547356,CatBoost,False,0.11365980319035243,0.11047842913755547,0.003181374052796962
47,exact,4,4,0.046553149484323986,0.10673610265728842,0.0018782483950390999,CatBoost,False,0.096174014588756,0.09264337466931935,0.003530639919436654
47,broad,0,13,0.11260612482385651,0.1145702870090834,0.0391130820687749,AdaBoost,False,0.1539207197510086,0.09501457882820541,0.05890614092280319
47,broad,1,4,0.2776574237889056,0.46557326169354496,0.179652642590134,KernelRidge,False,0.12973334159117328,0.09910579720006149,0.03062754439111179
47,broad,2,6,0.45465658507145756,0.09615823759695688,0.0354641603707271,SVR,False,0.10959649336699337,0.08785295333946705,0.02174354002752632
47,broad,3,2,0.45242344146506064,0.1150457594598264,0.076207110397614,SVR,False,0.1256334842848663,0.12482704080549355,0.0008064434793727399
47,broad,4,5,0.13484829574346469,0.1709142914256555,0.15803378790442751,KernelRidge,False,0.11929105034442497,0.11929105034442497,0.0
47,source,0,3,1.1160837976046978,1.5798719481792247,0.1933546470245489,PLS,False,0.27905342646817344,0.1771948111784042,0.10185861528976925
47,source,1,2,0.37808004129553174,0.32189778569825955,0.24029034550707878,SVR,False,0.1723514874935121,0.1361333584238704,0.0362181290696417
47,source,2,2,0.8994381790216591,0.9016806464654958,0.15812248610137608,SVR,False,0.18887345788232013,0.10896457000620073,0.0799088878761194
47,source,3,2,0.5296139738764003,0.45641667559238386,0.20024195458923238,PCR,False,0.872856557025543,0.11729715699697178,0.7555594000285712
47,source,4,6,0.2721227823485558,0.27686617326168017,0.24029034550707878,PCR,False,0.17332938058648853,0.13928887070517482,0.03404050988131371
47,source,5,4,1.5027484329527805,0.5901975451277449,0.20038308649251688,PCR,False,0.18421346612902434,0.10674066755280877,0.07747279857621557
47,source,6,2,2.3543582534173075,1.014669030138792,0.20038308649251688,KernelRidge,False,0.25517807363553174,0.1331385095079774,0.12203956412755435
