seed,track,fold,a,b,rho
11,exact,0,point,point,1.0
11,exact,0,point,contrast,0.9252173913043479
11,exact,0,point,loss,-0.6463710434840751
11,exact,0,contrast,point,0.9252173913043479
11,exact,0,contrast,contrast,1.0
11,exact,0,contrast,loss,-0.46266083768936944
11,exact,0,loss,point,-0.6463710434840751
11,exact,0,loss,contrast,-0.46266083768936944
11,exact,0,loss,loss,1.0
11,exact,1,point,point,1.0
11,exact,1,point,contrast,0.9478260869565217
11,exact,1,point,loss,-0.4101427519823639
11,exact,1,contrast,point,0.9478260869565217
11,exact,1,contrast,contrast,1.0
11,exact,1,contrast,loss,-0.471023316729746
11,exact,1,loss,point,-0.4101427519823639
11,exact,1,loss,contrast,-0.471023316729746
11,exact,1,loss,loss,1.0
11,exact,2,point,point,1.0
11,exact,2,point,contrast,0.9504347826086956
11,exact,2,point,loss,-0.6895416385662048
11,exact,2,contrast,point,0.9504347826086956
11,exact,2,contrast,contrast,1.0
11,exact,2,contrast,loss,-0.6769060588019026
11,exact,2,loss,point,-0.6895416385662048
11,exact,2,loss,contrast,-0.6769060588019026
11,exact,2,loss,loss,1.0
11,exact,3,point,point,1.0
11,exact,3,point,contrast,0.951304347826087
11,exact,3,point,loss,-0.6236561155094863
11,exact,3,contrast,point,0.951304347826087
11,exact,3,contrast,contrast,1.0
11,exact,3,contrast,loss,-0.5455862833943335
11,exact,3,loss,point,-0.6236561155094863
11,exact,3,loss,contrast,-0.5455862833943335
11,exact,3,loss,loss,1.0
11,exact,4,point,point,1.0
11,exact,4,point,contrast,0.951304347826087
11,exact,4,point,loss,-0.44439655074536893
11,exact,4,contrast,point,0.951304347826087
11,exact,4,contrast,contrast,1.0
11,exact,4,contrast,loss,-0.4864587757130376
11,exact,4,loss,point,-0.44439655074536893
11,exact,4,loss,contrast,-0.4864587757130376
11,exact,4,loss,loss,1.0
11,broad,0,point,point,1.0
11,broad,0,point,contrast,0.7243478260869565
11,broad,0,point,loss,-0.35874209096291376
11,broad,0,contrast,point,0.7243478260869565
11,broad,0,contrast,contrast,1.0
11,broad,0,contrast,loss,-0.2048567826608249
11,broad,0,loss,point,-0.35874209096291376
11,broad,0,loss,contrast,-0.2048567826608249
11,broad,0,loss,loss,1.0
11,broad,1,point,point,1.0
11,broad,1,point,contrast,0.5939130434782609
11,broad,1,point,loss,-0.07191081748197431
11,broad,1,contrast,point,0.5939130434782609
11,broad,1,contrast,contrast,1.0
11,broad,1,contrast,loss,0.5341946441518092
11,broad,1,loss,point,-0.07191081748197431
11,broad,1,loss,contrast,0.5341946441518092
11,broad,1,loss,loss,1.0
11,broad,2,point,point,1.0
11,broad,2,point,contrast,-0.09130434782608696
11,broad,2,point,loss,-0.21646293770802794
11,broad,2,contrast,point,-0.09130434782608696
11,broad,2,contrast,contrast,1.0
11,broad,2,contrast,loss,0.786680316955814
11,broad,2,loss,point,-0.21646293770802794
11,broad,2,loss,contrast,0.786680316955814
11,broad,2,loss,loss,1.0
11,broad,3,point,point,1.0
11,broad,3,point,contrast,0.7269565217391304
11,broad,3,point,loss,-0.46404528295124803
11,broad,3,contrast,point,0.7269565217391304
11,broad,3,contrast,contrast,1.0
11,broad,3,contrast,loss,-0.18305533844230693
11,broad,3,loss,point,-0.46404528295124803
11,broad,3,loss,contrast,-0.18305533844230693
11,broad,3,loss,loss,1.0
11,broad,4,point,point,1.0
11,broad,4,point,contrast,0.6043478260869565
11,broad,4,point,loss,-0.4957591839956572
11,broad,4,contrast,point,0.6043478260869565
11,broad,4,contrast,contrast,1.0
11,broad,4,contrast,loss,-0.27041410036126756
11,broad,4,loss,point,-0.4957591839956572
11,broad,4,loss,contrast,-0.27041410036126756
11,broad,4,loss,loss,1.0
11,source,0,point,point,1.0
11,source,0,point,contrast,0.4121739130434783
11,source,0,point,loss,0.25791847343418217
11,source,0,contrast,point,0.4121739130434783
11,source,0,contrast,contrast,1.0
11,source,0,contrast,loss,0.658429655751387
11,source,0,loss,point,0.25791847343418217
11,source,0,loss,contrast,0.658429655751387
11,source,0,loss,loss,1.0
11,source,1,point,point,1.0
11,source,1,point,contrast,-0.3939130434782609
11,source,1,point,loss,-0.30791757479002174
11,source,1,contrast,point,-0.3939130434782609
11,source,1,contrast,contrast,1.0
11,source,1,contrast,loss,0.7778734068675038
11,source,1,loss,point,-0.30791757479002174
11,source,1,loss,contrast,0.7778734068675038
11,source,1,loss,loss,1.0
11,source,2,point,point,1.0
11,source,2,point,contrast,0.2782608695652174
11,source,2,point,loss,0.17431548215134846
11,source,2,contrast,point,0.2782608695652174
11,source,2,contrast,contrast,1.0
11,source,2,contrast,loss,0.9008552049165295
11,source,2,loss,point,0.17431548215134846
11,source,2,loss,contrast,0.9008552049165295
11,source,2,loss,loss,1.0
11,source,3,point,point,1.0
11,source,3,point,contrast,0.7852173913043479
11,source,3,point,loss,0.6684467705305374
11,source,3,contrast,point,0.7852173913043479
11,source,3,contrast,contrast,1.0
11,source,3,contrast,loss,0.81099611463974
11,source,3,loss,point,0.6684467705305374
11,source,3,loss,contrast,0.81099611463974
11,source,3,loss,loss,1.0
11,source,4,point,point,1.0
11,source,4,point,contrast,-0.08434782608695653
11,source,4,point,loss,-0.16405478421558486
11,source,4,contrast,point,-0.08434782608695653
11,source,4,contrast,contrast,1.0
11,source,4,contrast,loss,0.8216681543715412
11,source,4,loss,point,-0.16405478421558486
11,source,4,loss,contrast,0.8216681543715412
11,source,4,loss,loss,1.0
11,source,5,point,point,1.0
11,source,5,point,contrast,0.1634782608695652
11,source,5,point,loss,-0.2676909505532238
11,source,5,contrast,point,0.1634782608695652
11,source,5,contrast,contrast,1.0
11,source,5,contrast,loss,0.5291253513439348
11,source,5,loss,point,-0.2676909505532238
11,source,5,loss,contrast,0.5291253513439348
11,source,5,loss,loss,1.0
11,source,6,point,point,1.0
11,source,6,point,contrast,0.5756521739130435
11,source,6,point,loss,0.46825708153027135
11,source,6,contrast,point,0.5756521739130435
11,source,6,contrast,contrast,1.0
11,source,6,contrast,loss,0.8455132585367352
11,source,6,loss,point,0.46825708153027135
11,source,6,loss,contrast,0.8455132585367352
11,source,6,loss,loss,1.0
23,exact,0,point,point,1.0
23,exact,0,point,contrast,0.9539130434782609
23,exact,0,point,loss,-0.4571372250442182
23,exact,0,contrast,point,0.9539130434782609
23,exact,0,contrast,contrast,1.0
23,exact,0,contrast,loss,-0.5306943501006917
23,exact,0,loss,point,-0.4571372250442182
23,exact,0,loss,contrast,-0.5306943501006917
23,exact,0,loss,loss,1.0
23,exact,1,point,point,1.0
23,exact,1,point,contrast,0.9452173913043478
23,exact,1,point,loss,-0.5716350506349809
23,exact,1,contrast,point,0.9452173913043478
23,exact,1,contrast,contrast,1.0
23,exact,1,contrast,loss,-0.6173658546857793
23,exact,1,loss,point,-0.5716350506349809
23,exact,1,loss,contrast,-0.6173658546857793
23,exact,1,loss,loss,1.0
23,exact,2,point,point,1.0
23,exact,2,point,contrast,0.9104347826086957
23,exact,2,point,loss,-0.4196817564571796
23,exact,2,contrast,point,0.9104347826086957
23,exact,2,contrast,contrast,1.0
23,exact,2,contrast,loss,-0.4995566713958041
23,exact,2,loss,point,-0.4196817564571796
23,exact,2,loss,contrast,-0.4995566713958041
23,exact,2,loss,loss,1.0
23,exact,3,point,point,1.0
23,exact,3,point,contrast,0.9582608695652174
23,exact,3,point,loss,-0.5326910348671131
23,exact,3,contrast,point,0.9582608695652174
23,exact,3,contrast,contrast,1.0
23,exact,3,contrast,loss,-0.5125549476384593
23,exact,3,loss,point,-0.5326910348671131
23,exact,3,loss,contrast,-0.5125549476384593
23,exact,3,loss,loss,1.0
23,exact,4,point,point,1.0
23,exact,4,point,contrast,0.9426086956521739
23,exact,4,point,loss,-0.5315968915124275
23,exact,4,contrast,point,0.9426086956521739
23,exact,4,contrast,contrast,1.0
23,exact,4,contrast,loss,-0.5613807580997112
23,exact,4,loss,point,-0.5315968915124275
23,exact,4,loss,contrast,-0.5613807580997112
23,exact,4,loss,loss,1.0
23,broad,0,point,point,1.0
23,broad,0,point,contrast,-0.30695652173913046
23,broad,0,point,loss,-0.6802242755101267
23,broad,0,contrast,point,-0.30695652173913046
23,broad,0,contrast,contrast,1.0
23,broad,0,contrast,loss,0.5082498568177853
23,broad,0,loss,point,-0.6802242755101267
23,broad,0,loss,contrast,0.5082498568177853
23,broad,0,loss,loss,1.0
23,broad,1,point,point,1.0
23,broad,1,point,contrast,-0.2573913043478261
23,broad,1,point,loss,0.34874179656302695
23,broad,1,contrast,point,-0.2573913043478261
23,broad,1,contrast,contrast,1.0
23,broad,1,contrast,loss,0.47037381280299273
23,broad,1,loss,point,0.34874179656302695
23,broad,1,loss,contrast,0.47037381280299273
23,broad,1,loss,loss,1.0
23,broad,2,point,point,1.0
23,broad,2,point,contrast,-0.5121739130434783
23,broad,2,point,loss,-0.4122142706347438
23,broad,2,contrast,point,-0.5121739130434783
23,broad,2,contrast,contrast,1.0
23,broad,2,contrast,loss,0.6713064949841759
23,broad,2,loss,point,-0.4122142706347438
23,broad,2,loss,contrast,0.6713064949841759
23,broad,2,loss,loss,1.0
23,broad,3,point,point,1.0
23,broad,3,point,contrast,-0.23217391304347826
23,broad,3,point,loss,-0.5280310940301903
23,broad,3,contrast,point,-0.23217391304347826
23,broad,3,contrast,contrast,1.0
23,broad,3,contrast,loss,0.42223251416986074
23,broad,3,loss,point,-0.5280310940301903
23,broad,3,loss,contrast,0.42223251416986074
23,broad,3,loss,loss,1.0
23,broad,4,point,point,1.0
23,broad,4,point,contrast,-0.4643478260869565
23,broad,4,point,loss,-0.43939437870149883
23,broad,4,contrast,point,-0.4643478260869565
23,broad,4,contrast,contrast,1.0
23,broad,4,contrast,loss,0.8239867858945702
23,broad,4,loss,point,-0.43939437870149883
23,broad,4,loss,contrast,0.8239867858945702
23,broad,4,loss,loss,1.0
23,source,0,point,point,1.0
23,source,0,point,contrast,0.44869565217391305
23,source,0,point,loss,0.22612958427367486
23,source,0,contrast,point,0.44869565217391305
23,source,0,contrast,contrast,1.0
23,source,0,contrast,loss,0.7186094298657493
23,source,0,loss,point,0.22612958427367486
23,source,0,loss,contrast,0.7186094298657493
23,source,0,loss,loss,1.0
23,source,1,point,point,1.0
23,source,1,point,contrast,-0.40956521739130436
23,source,1,point,loss,-0.28329595182311496
23,source,1,contrast,point,-0.40956521739130436
23,source,1,contrast,contrast,1.0
23,source,1,contrast,loss,0.7771557727508905
23,source,1,loss,point,-0.28329595182311496
23,source,1,loss,contrast,0.7771557727508905
23,source,1,loss,loss,1.0
23,source,2,point,point,1.0
23,source,2,point,contrast,0.24347826086956523
23,source,2,point,loss,0.10336243312507064
23,source,2,contrast,point,0.24347826086956523
23,source,2,contrast,contrast,1.0
23,source,2,contrast,loss,0.8678801653585226
23,source,2,loss,point,0.10336243312507064
23,source,2,loss,contrast,0.8678801653585226
23,source,2,loss,loss,1.0
23,source,3,point,point,1.0
23,source,3,point,contrast,0.7217391304347827
23,source,3,point,loss,0.6895002121220504
23,source,3,contrast,point,0.7217391304347827
23,source,3,contrast,contrast,1.0
23,source,3,contrast,loss,0.8338040096972124
23,source,3,loss,point,0.6895002121220504
23,source,3,loss,contrast,0.8338040096972124
23,source,3,loss,loss,1.0
23,source,4,point,point,1.0
23,source,4,point,contrast,-0.21217391304347827
23,source,4,point,loss,-0.21197611896344537
23,source,4,contrast,point,-0.21217391304347827
23,source,4,contrast,contrast,1.0
23,source,4,contrast,loss,0.777245769532633
23,source,4,loss,point,-0.21197611896344537
23,source,4,loss,contrast,0.777245769532633
23,source,4,loss,loss,1.0
23,source,5,point,point,1.0
23,source,5,point,contrast,0.20347826086956522
23,source,5,point,loss,-0.16481326257989634
23,source,5,contrast,point,0.20347826086956522
23,source,5,contrast,contrast,1.0
23,source,5,contrast,loss,0.5555801915999731
23,source,5,loss,point,-0.16481326257989634
23,source,5,loss,contrast,0.5555801915999731
23,source,5,loss,loss,1.0
23,source,6,point,point,1.0
23,source,6,point,contrast,0.5652173913043478
23,source,6,point,loss,0.41067477884118453
23,source,6,contrast,point,0.5652173913043478
23,source,6,contrast,contrast,1.0
23,source,6,contrast,loss,0.7964601771465397
23,source,6,loss,point,0.41067477884118453
23,source,6,loss,contrast,0.7964601771465397
23,source,6,loss,loss,1.0
47,exact,0,point,point,1.0
47,exact,0,point,contrast,0.9826086956521739
47,exact,0,point,loss,-0.30906591389286975
47,exact,0,contrast,point,0.9826086956521739
47,exact,0,contrast,contrast,1.0
47,exact,0,contrast,loss,-0.3264394415969068
47,exact,0,loss,point,-0.30906591389286975
47,exact,0,loss,contrast,-0.3264394415969068
47,exact,0,loss,loss,1.0
47,exact,1,point,point,1.0
47,exact,1,point,contrast,0.9139130434782609
47,exact,1,point,loss,-0.6030389064907293
47,exact,1,contrast,point,0.9139130434782609
47,exact,1,contrast,contrast,1.0
47,exact,1,contrast,loss,-0.5109581153798695
47,exact,1,loss,point,-0.6030389064907293
47,exact,1,loss,contrast,-0.5109581153798695
47,exact,1,loss,loss,1.0
47,exact,2,point,point,1.0
47,exact,2,point,contrast,0.9530434782608695
47,exact,2,point,loss,-0.3676756645684197
47,exact,2,contrast,point,0.9530434782608695
47,exact,2,contrast,contrast,1.0
47,exact,2,contrast,loss,-0.4659968932776364
47,exact,2,loss,point,-0.3676756645684197
47,exact,2,loss,contrast,-0.4659968932776364
47,exact,2,loss,loss,1.0
47,exact,3,point,point,1.0
47,exact,3,point,contrast,0.9756521739130435
47,exact,3,point,loss,-0.6057217033884519
47,exact,3,contrast,point,0.9756521739130435
47,exact,3,contrast,contrast,1.0
47,exact,3,contrast,loss,-0.5614556877791541
47,exact,3,loss,point,-0.6057217033884519
47,exact,3,loss,contrast,-0.5614556877791541
47,exact,3,loss,loss,1.0
47,exact,4,point,point,1.0
47,exact,4,point,contrast,0.9904347826086957
47,exact,4,point,loss,-0.6445655377760191
47,exact,4,contrast,point,0.9904347826086957
47,exact,4,contrast,contrast,1.0
47,exact,4,contrast,loss,-0.6368921385167807
47,exact,4,loss,point,-0.6445655377760191
47,exact,4,loss,contrast,-0.6368921385167807
47,exact,4,loss,loss,1.0
47,broad,0,point,point,1.0
47,broad,0,point,contrast,0.1443478260869565
47,broad,0,point,loss,-0.6857971462119891
47,broad,0,contrast,point,0.1443478260869565
47,broad,0,contrast,contrast,1.0
47,broad,0,contrast,loss,-0.044805413552516625
47,broad,0,loss,point,-0.6857971462119891
47,broad,0,loss,contrast,-0.044805413552516625
47,broad,0,loss,loss,1.0
47,broad,1,point,point,1.0
47,broad,1,point,contrast,0.24869565217391304
47,broad,1,point,loss,0.22414647093414178
47,broad,1,contrast,point,0.24869565217391304
47,broad,1,contrast,contrast,1.0
47,broad,1,contrast,loss,0.7065687108458955
47,broad,1,loss,point,0.22414647093414178
47,broad,1,loss,contrast,0.7065687108458955
47,broad,1,loss,loss,1.0
47,broad,2,point,point,1.0
47,broad,2,point,contrast,-0.4043478260869565
47,broad,2,point,loss,-0.47006312247541177
47,broad,2,contrast,point,-0.4043478260869565
47,broad,2,contrast,contrast,1.0
47,broad,2,contrast,loss,0.6381522224042492
47,broad,2,loss,point,-0.47006312247541177
47,broad,2,loss,contrast,0.6381522224042492
47,broad,2,loss,loss,1.0
47,broad,3,point,point,1.0
47,broad,3,point,contrast,-0.35739130434782607
47,broad,3,point,loss,-0.6241847685251533
47,broad,3,contrast,point,-0.35739130434782607
47,broad,3,contrast,contrast,1.0
47,broad,3,contrast,loss,0.8006847325263748
47,broad,3,loss,point,-0.6241847685251533
47,broad,3,loss,contrast,0.8006847325263748
47,broad,3,loss,loss,1.0
47,broad,4,point,point,1.0
47,broad,4,point,contrast,0.2408695652173913
47,broad,4,point,loss,0.23062946392942563
47,broad,4,contrast,point,0.2408695652173913
47,broad,4,contrast,contrast,1.0
47,broad,4,contrast,loss,0.747239463131339
47,broad,4,loss,point,0.23062946392942563
47,broad,4,loss,contrast,0.747239463131339
47,broad,4,loss,loss,1.0
47,source,0,point,point,1.0
47,source,0,point,contrast,0.37043478260869567
47,source,0,point,loss,0.17398386758101084
47,source,0,contrast,point,0.37043478260869567
47,source,0,contrast,contrast,1.0
47,source,0,contrast,loss,0.7302803376906845
47,source,0,loss,point,0.17398386758101084
47,source,0,loss,contrast,0.7302803376906845
47,source,0,loss,loss,1.0
47,source,1,point,point,1.0
47,source,1,point,contrast,-0.4156521739130435
47,source,1,point,loss,-0.30612213703614405
47,source,1,contrast,point,-0.4156521739130435
47,source,1,contrast,contrast,1.0
47,source,1,contrast,loss,0.8025606759833219
47,source,1,loss,point,-0.30612213703614405
47,source,1,loss,contrast,0.8025606759833219
47,source,1,loss,loss,1.0
47,source,2,point,point,1.0
47,source,2,point,contrast,0.2791304347826087
47,source,2,point,loss,-0.014670289407654772
47,source,2,contrast,point,0.2791304347826087
47,source,2,contrast,contrast,1.0
47,source,2,contrast,loss,0.8530995567663487
47,source,2,loss,point,-0.014670289407654772
47,source,2,loss,contrast,0.8530995567663487
47,source,2,loss,loss,1.0
47,source,3,point,point,1.0
47,source,3,point,contrast,0.671304347826087
47,source,3,point,loss,0.6166287297903998
47,source,3,contrast,point,0.671304347826087
47,source,3,contrast,contrast,1.0
47,source,3,contrast,loss,0.8348068722108772
47,source,3,loss,point,0.6166287297903998
47,source,3,loss,contrast,0.8348068722108772
47,source,3,loss,loss,1.0
47,source,4,point,point,1.0
47,source,4,point,contrast,-0.15391304347826087
47,source,4,point,loss,-0.28497145318290984
47,source,4,contrast,point,-0.15391304347826087
47,source,4,contrast,contrast,1.0
47,source,4,contrast,loss,0.8475956705424269
47,source,4,loss,point,-0.28497145318290984
47,source,4,loss,contrast,0.8475956705424269
47,source,4,loss,loss,1.0
47,source,5,point,point,1.0
47,source,5,point,contrast,0.30695652173913046
47,source,5,point,loss,-0.05939503921303148
47,source,5,contrast,point,0.30695652173913046
47,source,5,contrast,contrast,1.0
47,source,5,contrast,loss,0.5270201613753316
47,source,5,loss,point,-0.05939503921303148
47,source,5,loss,contrast,0.5270201613753316
47,source,5,loss,loss,1.0
47,source,6,point,point,1.0
47,source,6,point,contrast,0.47130434782608693
47,source,6,point,loss,0.44447398655299325
47,source,6,contrast,point,0.47130434782608693
47,source,6,contrast,contrast,1.0
47,source,6,contrast,loss,0.8742509374784827
47,source,6,loss,point,0.44447398655299325
47,source,6,loss,contrast,0.8742509374784827
47,source,6,loss,loss,1.0
