seed,track,strategy,pair,pair_number,queries,blocks,observed_pp,predicted_pp,error_pp,positive,negative,min_pp,max_pp,wrong
11,broad,Contrast,AMCB / CB,6,22,8,81.38505987375737,55.37740650279238,29.338842094861512,22,0,26.91299010778168,97.13234710421335,0
11,broad,Contrast,AMCB / MCB,7,106,30,59.86088852184287,50.267019225431376,18.354187415071074,106,0,26.63720616215553,97.28688772730024,0
11,broad,Contrast,Alkali-modified SCG biochars / Pristine SCG biochar,4,113,71,59.296371272762016,56.81336034132827,22.992577692466973,113,0,0.46859327482227003,94.00571318268136,0
11,broad,Contrast,CB / MCB,8,22,8,-0.7248756971908306,-5.1771966551833115,4.723795735109001,0,22,-1.27256559895219,-0.15813399503721,3
11,broad,Contrast,GCRB / GCRB-N,2,42,21,-57.447200268187224,-54.102734638064234,16.572498149913052,0,42,-79.08251190472446,-11.53694792588274,0
11,broad,Contrast,NaOH-activated SCW biochars / Pristine SCW Biochar,5,146,104,44.541663553174494,51.6679539328977,12.234957762962472,146,0,10.27120731794283,89.87480477164395,0
11,broad,Contrast,PB600 / PB800,1,47,32,-23.467849241264958,-21.640550708009044,7.798276066699812,1,46,-43.52441613588111,2.05201950226408,1
11,broad,Contrast,PSB / PSBOX-A,3,61,40,-76.72369400499352,-70.98640582321701,16.47238921617916,0,61,-91.55406663974854,-39.88019406040695,0
11,broad,History,AMCB / CB,6,22,8,81.38505987375737,81.38505987375737,16.112935963789102,22,0,26.91299010778168,97.13234710421335,0
11,broad,History,AMCB / MCB,7,106,30,59.86088852184287,59.86088852184286,17.354736050694193,106,0,26.63720616215553,97.28688772730024,0
11,broad,History,Alkali-modified SCG biochars / Pristine SCG biochar,4,113,71,59.296371272762016,58.96988479177768,23.52861674751698,113,0,0.46859327482227003,94.00571318268136,0
11,broad,History,CB / MCB,8,22,8,-0.7248756971908306,-0.7248756971908301,0.34648027556910693,0,22,-1.27256559895219,-0.15813399503721,0
11,broad,History,GCRB / GCRB-N,2,42,21,-57.447200268187224,-57.44720026818724,16.209077544648917,0,42,-79.08251190472446,-11.53694792588274,0
11,broad,History,NaOH-activated SCW biochars / Pristine SCW Biochar,5,146,104,44.541663553174494,44.677467394236295,21.601482126100997,146,0,10.27120731794283,89.87480477164395,0
11,broad,History,PB600 / PB800,1,47,32,-23.467849241264958,-23.467849241264954,7.848484402299357,1,46,-43.52441613588111,2.05201950226408,1
11,broad,History,PSB / PSBOX-A,3,61,40,-76.72369400499352,-76.2533109679436,13.10570211283367,0,61,-91.55406663974854,-39.88019406040695,0
11,broad,Point,AMCB / CB,6,22,8,81.38505987375737,56.534385268746234,28.001073178606735,22,0,26.91299010778168,97.13234710421335,0
11,broad,Point,AMCB / MCB,7,106,30,59.86088852184287,44.81403469690798,17.480449753381407,106,0,26.63720616215553,97.28688772730024,0
11,broad,Point,Alkali-modified SCG biochars / Pristine SCG biochar,4,113,71,59.296371272762016,58.61328668853493,22.979982777118618,113,0,0.46859327482227003,94.00571318268136,0
11,broad,Point,CB / MCB,8,22,8,-0.7248756971908306,-11.86217210452293,11.177137199182454,0,22,-1.27256559895219,-0.15813399503721,1
11,broad,Point,GCRB / GCRB-N,2,42,21,-57.447200268187224,-52.16311830610726,16.02648021421766,0,42,-79.08251190472446,-11.53694792588274,0
11,broad,Point,NaOH-activated SCW biochars / Pristine SCW Biochar,5,146,104,44.541663553174494,49.33943903045963,11.364496893789827,146,0,10.27120731794283,89.87480477164395,0
11,broad,Point,PB600 / PB800,1,47,32,-23.467849241264958,-42.2614979883105,20.194631243354333,1,46,-43.52441613588111,2.05201950226408,1
11,broad,Point,PSB / PSBOX-A,3,61,40,-76.72369400499352,-73.90610112127514,16.499604795384816,0,61,-91.55406663974854,-39.88019406040695,0
11,broad,TOPSIS,AMCB / CB,6,22,8,81.38505987375737,57.04122205392005,26.635813535679535,22,0,26.91299010778168,97.13234710421335,0
11,broad,TOPSIS,AMCB / MCB,7,106,30,59.86088852184287,52.114611526843305,17.284426224711613,106,0,26.63720616215553,97.28688772730024,0
11,broad,TOPSIS,Alkali-modified SCG biochars / Pristine SCG biochar,4,113,71,59.296371272762016,56.014307320346745,24.135633856680727,113,0,0.46859327482227003,94.00571318268136,0
11,broad,TOPSIS,CB / MCB,8,22,8,-0.7248756971908306,-5.135241437583747,4.721681309359791,0,22,-1.27256559895219,-0.15813399503721,4
11,broad,TOPSIS,GCRB / GCRB-N,2,42,21,-57.447200268187224,-54.01272115251277,16.662511635464522,0,42,-79.08251190472446,-11.53694792588274,0
11,broad,TOPSIS,NaOH-activated SCW biochars / Pristine SCW Biochar,5,146,104,44.541663553174494,47.31187075760882,8.464220989278784,146,0,10.27120731794283,89.87480477164395,0
11,broad,TOPSIS,PB600 / PB800,1,47,32,-23.467849241264958,-28.66480618410474,10.53685198222599,1,46,-43.52441613588111,2.05201950226408,1
11,broad,TOPSIS,PSB / PSBOX-A,3,61,40,-76.72369400499352,-74.27985991758757,16.29557933378041,0,61,-91.55406663974854,-39.88019406040695,0
11,exact,Contrast,AMCB / CB,6,22,8,81.38505987375737,67.45072800619246,19.925104446554297,22,0,26.91299010778168,97.13234710421335,0
11,exact,Contrast,AMCB / MCB,7,106,30,59.86088852184287,59.93098470652293,8.623682441594264,106,0,26.63720616215553,97.28688772730024,0
11,exact,Contrast,Alkali-modified SCG biochars / Pristine SCG biochar,4,113,71,59.296371272762016,59.14662477301024,20.643875640279433,113,0,0.46859327482227003,94.00571318268136,0
11,exact,Contrast,CB / MCB,8,22,8,-0.7248756971908306,-0.1483025622919063,0.7522119364837635,0,22,-1.27256559895219,-0.15813399503721,8
11,exact,Contrast,GCRB / GCRB-N,2,42,21,-57.447200268187224,-56.70406657217113,6.419778841307533,0,42,-79.08251190472446,-11.53694792588274,0
11,exact,Contrast,NaOH-activated SCW biochars / Pristine SCW Biochar,5,146,104,44.541663553174494,45.37607720733368,5.468478984259385,146,0,10.27120731794283,89.87480477164395,0
11,exact,Contrast,PB600 / PB800,1,47,32,-23.467849241264958,-22.11047668408848,7.449535357161839,1,46,-43.52441613588111,2.05201950226408,1
11,exact,Contrast,PSB / PSBOX-A,3,61,40,-76.72369400499352,-73.03779532189468,15.186199412256219,0,61,-91.55406663974854,-39.88019406040695,0
11,exact,History,AMCB / CB,6,22,8,81.38505987375737,80.80239900657469,18.57186230356574,22,0,26.91299010778168,97.13234710421335,0
11,exact,History,AMCB / MCB,7,106,30,59.86088852184287,59.874639179277565,16.968422776684772,106,0,26.63720616215553,97.28688772730024,0
11,exact,History,Alkali-modified SCG biochars / Pristine SCG biochar,4,113,71,59.296371272762016,59.20353783098402,21.56361665153058,113,0,0.46859327482227003,94.00571318268136,0
11,exact,History,CB / MCB,8,22,8,-0.7248756971908306,-0.7294968778716574,0.35556657065404196,0,22,-1.27256559895219,-0.15813399503721,0
11,exact,History,GCRB / GCRB-N,2,42,21,-57.447200268187224,-58.323841738729655,13.245801324057904,0,42,-79.08251190472446,-11.53694792588274,0
11,exact,History,NaOH-activated SCW biochars / Pristine SCW Biochar,5,146,104,44.541663553174494,44.564192494186315,19.2266671384997,146,0,10.27120731794283,89.87480477164395,0
11,exact,History,PB600 / PB800,1,47,32,-23.467849241264958,-23.465788707384682,7.096866906248947,1,46,-43.52441613588111,2.05201950226408,1
11,exact,History,PSB / PSBOX-A,3,61,40,-76.72369400499352,-76.49454890683239,12.93694402289848,0,61,-91.55406663974854,-39.88019406040695,0
11,exact,Point,AMCB / CB,6,22,8,81.38505987375737,66.46164543992681,19.988957890134195,22,0,26.91299010778168,97.13234710421335,0
11,exact,Point,AMCB / MCB,7,106,30,59.86088852184287,58.93835353801828,11.382745109518314,106,0,26.63720616215553,97.28688772730024,0
11,exact,Point,Alkali-modified SCG biochars / Pristine SCG biochar,4,113,71,59.296371272762016,61.80169574491495,20.410073103410994,113,0,0.46859327482227003,94.00571318268136,0
11,exact,Point,CB / MCB,8,22,8,-0.7248756971908306,0.15778291978610576,0.8826586169769365,0,22,-1.27256559895219,-0.15813399503721,17
11,exact,Point,GCRB / GCRB-N,2,42,21,-57.447200268187224,-57.714748311562936,6.433419395462479,0,42,-79.08251190472446,-11.53694792588274,0
11,exact,Point,NaOH-activated SCW biochars / Pristine SCW Biochar,5,146,104,44.541663553174494,45.10054132557951,5.741964635632724,146,0,10.27120731794283,89.87480477164395,0
11,exact,Point,PB600 / PB800,1,47,32,-23.467849241264958,-22.857696618415858,8.071968662022519,1,46,-43.52441613588111,2.05201950226408,1
11,exact,Point,PSB / PSBOX-A,3,61,40,-76.72369400499352,-73.23385586771818,15.327297521941368,0,61,-91.55406663974854,-39.88019406040695,0
11,exact,TOPSIS,AMCB / CB,6,22,8,81.38505987375737,66.46590587505096,21.095633651216396,22,0,26.91299010778168,97.13234710421335,0
11,exact,TOPSIS,AMCB / MCB,7,106,30,59.86088852184287,59.63704093101689,9.446321804283002,106,0,26.63720616215553,97.28688772730024,0
11,exact,TOPSIS,Alkali-modified SCG biochars / Pristine SCG biochar,4,113,71,59.296371272762016,60.30968381796836,20.9686477668425,113,0,0.46859327482227003,94.00571318268136,0
11,exact,TOPSIS,CB / MCB,8,22,8,-0.7248756971908306,-0.8343432477183184,1.0066286398780797,0,22,-1.27256559895219,-0.15813399503721,9
11,exact,TOPSIS,GCRB / GCRB-N,2,42,21,-57.447200268187224,-55.34425374000836,7.355383500770644,0,42,-79.08251190472446,-11.53694792588274,0
11,exact,TOPSIS,NaOH-activated SCW biochars / Pristine SCW Biochar,5,146,104,44.541663553174494,45.36308132560675,5.680843983901976,146,0,10.27120731794283,89.87480477164395,0
11,exact,TOPSIS,PB600 / PB800,1,47,32,-23.467849241264958,-21.793952532745337,7.375054128430106,1,46,-43.52441613588111,2.05201950226408,1
11,exact,TOPSIS,PSB / PSBOX-A,3,61,40,-76.72369400499352,-72.85164376017711,14.856348897063116,0,61,-91.55406663974854,-39.88019406040695,0
11,source,Contrast,AMCB / CB,6,22,8,81.38505987375737,64.9993166532873,21.644951372087533,22,0,26.91299010778168,97.13234710421335,0
11,source,Contrast,AMCB / MCB,7,106,30,59.86088852184287,24.658711376950336,35.202177144892524,106,0,26.63720616215553,97.28688772730024,0
11,source,Contrast,Alkali-modified SCG biochars / Pristine SCG biochar,4,113,71,59.296371272762016,51.23787030628342,24.46542610506984,113,0,0.46859327482227003,94.00571318268136,0
11,source,Contrast,CB / MCB,8,22,8,-0.7248756971908306,-39.85116294451668,39.126287247325855,0,22,-1.27256559895219,-0.15813399503721,0
11,source,Contrast,GCRB / GCRB-N,2,42,21,-57.447200268187224,-58.42383111788809,12.320761328001455,0,42,-79.08251190472446,-11.53694792588274,0
11,source,Contrast,NaOH-activated SCW biochars / Pristine SCW Biochar,5,146,104,44.541663553174494,65.99081162665173,29.01719012790967,146,0,10.27120731794283,89.87480477164395,0
11,source,Contrast,PB600 / PB800,1,47,32,-23.467849241264958,-59.28570633927228,35.81785709800732,1,46,-43.52441613588111,2.05201950226408,1
11,source,Contrast,PSB / PSBOX-A,3,61,40,-76.72369400499352,-46.81777064092195,30.297501220087952,0,61,-91.55406663974854,-39.88019406040695,0
11,source,Point,AMCB / CB,6,22,8,81.38505987375737,57.43960575481923,27.04036336525762,22,0,26.91299010778168,97.13234710421335,0
11,source,Point,AMCB / MCB,7,106,30,59.86088852184287,0.776501350471974,59.08438717137088,106,0,26.63720616215553,97.28688772730024,6
11,source,Point,Alkali-modified SCG biochars / Pristine SCG biochar,4,113,71,59.296371272762016,50.284202220299704,24.960396280024874,113,0,0.46859327482227003,94.00571318268136,0
11,source,Point,CB / MCB,8,22,8,-0.7248756971908306,-56.477971140353425,55.75309544316259,0,22,-1.27256559895219,-0.15813399503721,0
11,source,Point,GCRB / GCRB-N,2,42,21,-57.447200268187224,-60.29189940666079,13.506327076048507,0,42,-79.08251190472446,-11.53694792588274,0
11,source,Point,NaOH-activated SCW biochars / Pristine SCW Biochar,5,146,104,44.541663553174494,34.904789655842144,16.315832081830063,146,0,10.27120731794283,89.87480477164395,0
11,source,Point,PB600 / PB800,1,47,32,-23.467849241264958,-40.50330159498249,17.319554040139494,1,46,-43.52441613588111,2.05201950226408,1
11,source,Point,PSB / PSBOX-A,3,61,40,-76.72369400499352,-35.93832001518109,40.78537398981242,0,61,-91.55406663974854,-39.88019406040695,0
11,source,TOPSIS,AMCB / CB,6,22,8,81.38505987375737,64.9993166532873,21.644951372087533,22,0,26.91299010778168,97.13234710421335,0
11,source,TOPSIS,AMCB / MCB,7,106,30,59.86088852184287,24.658711376950336,35.202177144892524,106,0,26.63720616215553,97.28688772730024,0
11,source,TOPSIS,Alkali-modified SCG biochars / Pristine SCG biochar,4,113,71,59.296371272762016,40.92844520284257,28.21773758542536,113,0,0.46859327482227003,94.00571318268136,0
11,source,TOPSIS,CB / MCB,8,22,8,-0.7248756971908306,-39.85116294451668,39.126287247325855,0,22,-1.27256559895219,-0.15813399503721,0
11,source,TOPSIS,GCRB / GCRB-N,2,42,21,-57.447200268187224,-60.29189940666079,13.506327076048507,0,42,-79.08251190472446,-11.53694792588274,0
11,source,TOPSIS,NaOH-activated SCW biochars / Pristine SCW Biochar,5,146,104,44.541663553174494,65.99081162665173,29.01719012790967,146,0,10.27120731794283,89.87480477164395,0
11,source,TOPSIS,PB600 / PB800,1,47,32,-23.467849241264958,-40.50330159498249,17.319554040139494,1,46,-43.52441613588111,2.05201950226408,1
11,source,TOPSIS,PSB / PSBOX-A,3,61,40,-76.72369400499352,-35.93832001518109,40.78537398981242,0,61,-91.55406663974854,-39.88019406040695,0
23,broad,Contrast,AMCB / CB,6,22,8,81.38505987375737,67.86087345780709,30.521821475737287,22,0,26.91299010778168,97.13234710421335,0
23,broad,Contrast,AMCB / MCB,7,106,30,59.86088852184287,50.128213468266225,19.538337148189083,106,0,26.63720616215553,97.28688772730024,0
23,broad,Contrast,Alkali-modified SCG biochars / Pristine SCG biochar,4,113,71,59.296371272762016,61.648393790637,22.196956122257582,113,0,0.46859327482227003,94.00571318268136,0
23,broad,Contrast,CB / MCB,8,22,8,-0.7248756971908306,-17.520187340813482,16.79531164362265,0,22,-1.27256559895219,-0.15813399503721,0
23,broad,Contrast,GCRB / GCRB-N,2,42,21,-57.447200268187224,-55.74065433813884,13.3231580129694,0,42,-79.08251190472446,-11.53694792588274,0
23,broad,Contrast,NaOH-activated SCW biochars / Pristine SCW Biochar,5,146,104,44.541663553174494,56.900513447246006,21.014412489720886,146,0,10.27120731794283,89.87480477164395,0
23,broad,Contrast,PB600 / PB800,1,47,32,-23.467849241264958,-18.72405993487767,12.601624179314491,1,46,-43.52441613588111,2.05201950226408,7
23,broad,Contrast,PSB / PSBOX-A,3,61,40,-76.72369400499352,-67.3553838385684,18.405999781447154,0,61,-91.55406663974854,-39.88019406040695,0
23,broad,History,AMCB / CB,6,22,8,81.38505987375737,81.38505987375737,16.112935963789102,22,0,26.91299010778168,97.13234710421335,0
23,broad,History,AMCB / MCB,7,106,30,59.86088852184287,59.86088852184286,17.354736050694193,106,0,26.63720616215553,97.28688772730024,0
23,broad,History,Alkali-modified SCG biochars / Pristine SCG biochar,4,113,71,59.296371272762016,59.68954402205188,22.1750998630393,113,0,0.46859327482227003,94.00571318268136,0
23,broad,History,CB / MCB,8,22,8,-0.7248756971908306,-0.7248756971908301,0.34648027556910693,0,22,-1.27256559895219,-0.15813399503721,0
23,broad,History,GCRB / GCRB-N,2,42,21,-57.447200268187224,-57.44720026818724,16.209077544648917,0,42,-79.08251190472446,-11.53694792588274,0
23,broad,History,NaOH-activated SCW biochars / Pristine SCW Biochar,5,146,104,44.541663553174494,44.87274019514254,21.393373993828128,146,0,10.27120731794283,89.87480477164395,0
23,broad,History,PB600 / PB800,1,47,32,-23.467849241264958,-23.467849241264954,7.848484402299357,1,46,-43.52441613588111,2.05201950226408,1
23,broad,History,PSB / PSBOX-A,3,61,40,-76.72369400499352,-76.2533109679436,13.10570211283367,0,61,-91.55406663974854,-39.88019406040695,0
23,broad,Point,AMCB / CB,6,22,8,81.38505987375737,62.972608502246594,21.5599074735381,22,0,26.91299010778168,97.13234710421335,0
23,broad,Point,AMCB / MCB,7,106,30,59.86088852184287,56.98943555155203,13.106248412821408,106,0,26.63720616215553,97.28688772730024,0
23,broad,Point,Alkali-modified SCG biochars / Pristine SCG biochar,4,113,71,59.296371272762016,62.3056629786702,21.824714625585546,113,0,0.46859327482227003,94.00571318268136,0
23,broad,Point,CB / MCB,8,22,8,-0.7248756971908306,-2.00822809061011,1.9291406900913732,0,22,-1.27256559895219,-0.15813399503721,3
23,broad,Point,GCRB / GCRB-N,2,42,21,-57.447200268187224,-60.260292703595375,18.168257065050618,0,42,-79.08251190472446,-11.53694792588274,0
23,broad,Point,NaOH-activated SCW biochars / Pristine SCW Biochar,5,146,104,44.541663553174494,50.30477788610496,9.759393041353897,146,0,10.27120731794283,89.87480477164395,0
23,broad,Point,PB600 / PB800,1,47,32,-23.467849241264958,-16.866209489615212,9.767195897869055,1,46,-43.52441613588111,2.05201950226408,1
23,broad,Point,PSB / PSBOX-A,3,61,40,-76.72369400499352,-69.64503171483479,16.679211886425517,0,61,-91.55406663974854,-39.88019406040695,0
23,broad,TOPSIS,AMCB / CB,6,22,8,81.38505987375737,56.00586614145024,28.155332759102556,22,0,26.91299010778168,97.13234710421335,0
23,broad,TOPSIS,AMCB / MCB,7,106,30,59.86088852184287,44.725933787835274,20.80293488363828,106,0,26.63720616215553,97.28688772730024,0
23,broad,TOPSIS,Alkali-modified SCG biochars / Pristine SCG biochar,4,113,71,59.296371272762016,64.99670725904322,24.4105161018228,113,0,0.46859327482227003,94.00571318268136,0
23,broad,TOPSIS,CB / MCB,8,22,8,-0.7248756971908306,-11.796992660706639,11.124471786792956,0,22,-1.27256559895219,-0.15813399503721,1
23,broad,TOPSIS,GCRB / GCRB-N,2,42,21,-57.447200268187224,-59.64868259688414,16.085576298669157,0,42,-79.08251190472446,-11.53694792588274,0
23,broad,TOPSIS,NaOH-activated SCW biochars / Pristine SCW Biochar,5,146,104,44.541663553174494,48.707927035780344,12.343676135902385,146,0,10.27120731794283,89.87480477164395,0
23,broad,TOPSIS,PB600 / PB800,1,47,32,-23.467849241264958,-35.054969432450136,15.969864869465322,1,46,-43.52441613588111,2.05201950226408,1
23,broad,TOPSIS,PSB / PSBOX-A,3,61,40,-76.72369400499352,-74.90919147346506,16.9421891608711,0,61,-91.55406663974854,-39.88019406040695,0
23,exact,Contrast,AMCB / CB,6,22,8,81.38505987375737,66.23085599858314,22.72062738831419,22,0,26.91299010778168,97.13234710421335,0
23,exact,Contrast,AMCB / MCB,7,106,30,59.86088852184287,58.99504720562636,8.834241258931984,106,0,26.63720616215553,97.28688772730024,0
23,exact,Contrast,Alkali-modified SCG biochars / Pristine SCG biochar,4,113,71,59.296371272762016,60.3693686373217,20.369587593946115,113,0,0.46859327482227003,94.00571318268136,0
23,exact,Contrast,CB / MCB,8,22,8,-0.7248756971908306,-1.058010756969448,0.7773252645379111,0,22,-1.27256559895219,-0.15813399503721,4
23,exact,Contrast,GCRB / GCRB-N,2,42,21,-57.447200268187224,-56.9877789134071,6.2083594747893915,0,42,-79.08251190472446,-11.53694792588274,0
23,exact,Contrast,NaOH-activated SCW biochars / Pristine SCW Biochar,5,146,104,44.541663553174494,45.12585498517952,5.287467242603334,146,0,10.27120731794283,89.87480477164395,0
23,exact,Contrast,PB600 / PB800,1,47,32,-23.467849241264958,-24.156913999468088,8.101425614284596,1,46,-43.52441613588111,2.05201950226408,1
23,exact,Contrast,PSB / PSBOX-A,3,61,40,-76.72369400499352,-73.03089070832357,14.960746039230752,0,61,-91.55406663974854,-39.88019406040695,0
23,exact,History,AMCB / CB,6,22,8,81.38505987375737,80.87380546320175,18.3235927755736,22,0,26.91299010778168,97.13234710421335,0
23,exact,History,AMCB / MCB,7,106,30,59.86088852184287,59.32673873801215,17.00002038786593,106,0,26.63720616215553,97.28688772730024,0
23,exact,History,Alkali-modified SCG biochars / Pristine SCG biochar,4,113,71,59.296371272762016,59.33892995684633,21.376803730554762,113,0,0.46859327482227003,94.00571318268136,0
23,exact,History,CB / MCB,8,22,8,-0.7248756971908306,-0.7189477164003387,0.3204869711590307,0,22,-1.27256559895219,-0.15813399503721,0
23,exact,History,GCRB / GCRB-N,2,42,21,-57.447200268187224,-57.07275415230365,12.369345072104975,0,42,-79.08251190472446,-11.53694792588274,0
23,exact,History,NaOH-activated SCW biochars / Pristine SCW Biochar,5,146,104,44.541663553174494,44.554277016776894,19.341358293759512,146,0,10.27120731794283,89.87480477164395,0
23,exact,History,PB600 / PB800,1,47,32,-23.467849241264958,-23.605996986735327,7.266230120590322,1,46,-43.52441613588111,2.05201950226408,1
23,exact,History,PSB / PSBOX-A,3,61,40,-76.72369400499352,-76.76203992535562,12.95074627141922,0,61,-91.55406663974854,-39.88019406040695,0
23,exact,Point,AMCB / CB,6,22,8,81.38505987375737,63.98901860490322,24.9624647819941,22,0,26.91299010778168,97.13234710421335,0
23,exact,Point,AMCB / MCB,7,106,30,59.86088852184287,58.984089392991,12.966488288821246,106,0,26.63720616215553,97.28688772730024,0
23,exact,Point,Alkali-modified SCG biochars / Pristine SCG biochar,4,113,71,59.296371272762016,59.993424952179176,20.278939552189183,113,0,0.46859327482227003,94.00571318268136,0
23,exact,Point,CB / MCB,8,22,8,-0.7248756971908306,-0.6720123223117291,0.7979001734272974,0,22,-1.27256559895219,-0.15813399503721,5
23,exact,Point,GCRB / GCRB-N,2,42,21,-57.447200268187224,-56.61442227694246,6.149737144246535,0,42,-79.08251190472446,-11.53694792588274,0
23,exact,Point,NaOH-activated SCW biochars / Pristine SCW Biochar,5,146,104,44.541663553174494,44.673709403548315,5.537777470551608,146,0,10.27120731794283,89.87480477164395,0
23,exact,Point,PB600 / PB800,1,47,32,-23.467849241264958,-24.72488437746326,8.13162612431432,1,46,-43.52441613588111,2.05201950226408,1
23,exact,Point,PSB / PSBOX-A,3,61,40,-76.72369400499352,-72.33205337337789,15.200930952440656,0,61,-91.55406663974854,-39.88019406040695,0
23,exact,TOPSIS,AMCB / CB,6,22,8,81.38505987375737,66.70221683879973,21.265613073150046,22,0,26.91299010778168,97.13234710421335,0
23,exact,TOPSIS,AMCB / MCB,7,106,30,59.86088852184287,59.5872693871926,10.216143324870867,106,0,26.63720616215553,97.28688772730024,0
23,exact,TOPSIS,Alkali-modified SCG biochars / Pristine SCG biochar,4,113,71,59.296371272762016,60.45463832989357,20.959935919516035,113,0,0.46859327482227003,94.00571318268136,0
23,exact,TOPSIS,CB / MCB,8,22,8,-0.7248756971908306,-1.2833097957428317,1.2014940759669197,0,22,-1.27256559895219,-0.15813399503721,8
23,exact,TOPSIS,GCRB / GCRB-N,2,42,21,-57.447200268187224,-55.071594856797404,5.799376141499716,0,42,-79.08251190472446,-11.53694792588274,0
23,exact,TOPSIS,NaOH-activated SCW biochars / Pristine SCW Biochar,5,146,104,44.541663553174494,45.15129040506543,5.402173962951868,146,0,10.27120731794283,89.87480477164395,0
23,exact,TOPSIS,PB600 / PB800,1,47,32,-23.467849241264958,-24.444823350591875,7.8098807405244735,1,46,-43.52441613588111,2.05201950226408,1
23,exact,TOPSIS,PSB / PSBOX-A,3,61,40,-76.72369400499352,-71.96867320990876,14.936510918677854,0,61,-91.55406663974854,-39.88019406040695,0
23,source,Contrast,AMCB / CB,6,22,8,81.38505987375737,64.9993166532873,21.644951372087533,22,0,26.91299010778168,97.13234710421335,0
23,source,Contrast,AMCB / MCB,7,106,30,59.86088852184287,24.658711376950336,35.202177144892524,106,0,26.63720616215553,97.28688772730024,0
23,source,Contrast,Alkali-modified SCG biochars / Pristine SCG biochar,4,113,71,59.296371272762016,51.23787030628342,24.46542610506984,113,0,0.46859327482227003,94.00571318268136,0
23,source,Contrast,CB / MCB,8,22,8,-0.7248756971908306,-39.85116294451668,39.126287247325855,0,22,-1.27256559895219,-0.15813399503721,0
23,source,Contrast,GCRB / GCRB-N,2,42,21,-57.447200268187224,-58.42383111788809,12.320761328001455,0,42,-79.08251190472446,-11.53694792588274,0
23,source,Contrast,NaOH-activated SCW biochars / Pristine SCW Biochar,5,146,104,44.541663553174494,65.99081162665173,29.01719012790967,146,0,10.27120731794283,89.87480477164395,0
23,source,Contrast,PB600 / PB800,1,47,32,-23.467849241264958,-59.28570633927228,35.81785709800732,1,46,-43.52441613588111,2.05201950226408,1
23,source,Contrast,PSB / PSBOX-A,3,61,40,-76.72369400499352,-46.81777064092195,30.297501220087952,0,61,-91.55406663974854,-39.88019406040695,0
23,source,Point,AMCB / CB,6,22,8,81.38505987375737,46.33608768418036,35.22673544870201,22,0,26.91299010778168,97.13234710421335,0
23,source,Point,AMCB / MCB,7,106,30,59.86088852184287,-2.6830295467865044,62.54391806862938,106,0,26.63720616215553,97.28688772730024,106
23,source,Point,Alkali-modified SCG biochars / Pristine SCG biochar,4,113,71,59.296371272762016,50.284202220299704,24.960396280024874,113,0,0.46859327482227003,94.00571318268136,0
23,source,Point,CB / MCB,8,22,8,-0.7248756971908306,-50.137899252721276,49.41302355553045,0,22,-1.27256559895219,-0.15813399503721,0
23,source,Point,GCRB / GCRB-N,2,42,21,-57.447200268187224,-60.29189940666079,13.506327076048507,0,42,-79.08251190472446,-11.53694792588274,0
23,source,Point,NaOH-activated SCW biochars / Pristine SCW Biochar,5,146,104,44.541663553174494,34.904789655842144,16.315832081830063,146,0,10.27120731794283,89.87480477164395,0
23,source,Point,PB600 / PB800,1,47,32,-23.467849241264958,-40.50330159498249,17.319554040139494,1,46,-43.52441613588111,2.05201950226408,1
23,source,Point,PSB / PSBOX-A,3,61,40,-76.72369400499352,-35.93832001518109,40.78537398981242,0,61,-91.55406663974854,-39.88019406040695,0
23,source,TOPSIS,AMCB / CB,6,22,8,81.38505987375737,64.9993166532873,21.644951372087533,22,0,26.91299010778168,97.13234710421335,0
23,source,TOPSIS,AMCB / MCB,7,106,30,59.86088852184287,24.658711376950336,35.202177144892524,106,0,26.63720616215553,97.28688772730024,0
23,source,TOPSIS,Alkali-modified SCG biochars / Pristine SCG biochar,4,113,71,59.296371272762016,40.92844520284257,28.21773758542536,113,0,0.46859327482227003,94.00571318268136,0
23,source,TOPSIS,CB / MCB,8,22,8,-0.7248756971908306,-39.85116294451668,39.126287247325855,0,22,-1.27256559895219,-0.15813399503721,0
23,source,TOPSIS,GCRB / GCRB-N,2,42,21,-57.447200268187224,-60.29189940666079,13.506327076048507,0,42,-79.08251190472446,-11.53694792588274,0
23,source,TOPSIS,NaOH-activated SCW biochars / Pristine SCW Biochar,5,146,104,44.541663553174494,65.99081162665173,29.01719012790967,146,0,10.27120731794283,89.87480477164395,0
23,source,TOPSIS,PB600 / PB800,1,47,32,-23.467849241264958,-40.50330159498249,17.319554040139494,1,46,-43.52441613588111,2.05201950226408,1
23,source,TOPSIS,PSB / PSBOX-A,3,61,40,-76.72369400499352,-35.93832001518109,40.78537398981242,0,61,-91.55406663974854,-39.88019406040695,0
47,broad,Contrast,AMCB / CB,6,22,8,81.38505987375737,53.08866869315458,32.284018733872024,22,0,26.91299010778168,97.13234710421335,0
47,broad,Contrast,AMCB / MCB,7,106,30,59.86088852184287,44.80398784686781,18.016000723191393,106,0,26.63720616215553,97.28688772730024,0
47,broad,Contrast,Alkali-modified SCG biochars / Pristine SCG biochar,4,113,71,59.296371272762016,60.37469807470164,21.393891424646768,113,0,0.46859327482227003,94.00571318268136,0
47,broad,Contrast,CB / MCB,8,22,8,-0.7248756971908306,-8.284680846286763,7.559805149095933,0,22,-1.27256559895219,-0.15813399503721,0
47,broad,Contrast,GCRB / GCRB-N,2,42,21,-57.447200268187224,-53.28539184213996,13.540005269281755,0,42,-79.08251190472446,-11.53694792588274,0
47,broad,Contrast,NaOH-activated SCW biochars / Pristine SCW Biochar,5,146,104,44.541663553174494,53.18357657025869,21.29288435579409,146,0,10.27120731794283,89.87480477164395,0
47,broad,Contrast,PB600 / PB800,1,47,32,-23.467849241264958,-26.014937428766384,9.054401774862205,1,46,-43.52441613588111,2.05201950226408,1
47,broad,Contrast,PSB / PSBOX-A,3,61,40,-76.72369400499352,-55.155302855967,24.19024540966524,0,61,-91.55406663974854,-39.88019406040695,0
47,broad,History,AMCB / CB,6,22,8,81.38505987375737,81.38505987375737,16.112935963789102,22,0,26.91299010778168,97.13234710421335,0
47,broad,History,AMCB / MCB,7,106,30,59.86088852184287,59.86088852184286,17.354736050694193,106,0,26.63720616215553,97.28688772730024,0
47,broad,History,Alkali-modified SCG biochars / Pristine SCG biochar,4,113,71,59.296371272762016,60.0518533972667,22.612571162489164,113,0,0.46859327482227003,94.00571318268136,0
47,broad,History,CB / MCB,8,22,8,-0.7248756971908306,-0.7248756971908301,0.34648027556910693,0,22,-1.27256559895219,-0.15813399503721,0
47,broad,History,GCRB / GCRB-N,2,42,21,-57.447200268187224,-57.44720026818724,16.209077544648917,0,42,-79.08251190472446,-11.53694792588274,0
47,broad,History,NaOH-activated SCW biochars / Pristine SCW Biochar,5,146,104,44.541663553174494,43.50372347638597,19.873768265547522,146,0,10.27120731794283,89.87480477164395,0
47,broad,History,PB600 / PB800,1,47,32,-23.467849241264958,-23.467849241264954,7.848484402299357,1,46,-43.52441613588111,2.05201950226408,1
47,broad,History,PSB / PSBOX-A,3,61,40,-76.72369400499352,-78.37003463466822,12.595190704705722,0,61,-91.55406663974854,-39.88019406040695,0
47,broad,Point,AMCB / CB,6,22,8,81.38505987375737,61.12754905446584,22.446297956306996,22,0,26.91299010778168,97.13234710421335,0
47,broad,Point,AMCB / MCB,7,106,30,59.86088852184287,53.779982991977285,14.180713606797129,106,0,26.63720616215553,97.28688772730024,0
47,broad,Point,Alkali-modified SCG biochars / Pristine SCG biochar,4,113,71,59.296371272762016,63.39177917577431,21.15538899702,113,0,0.46859327482227003,94.00571318268136,0
47,broad,Point,CB / MCB,8,22,8,-0.7248756971908306,-4.5376523875317245,4.142676232424658,0,22,-1.27256559895219,-0.15813399503721,6
47,broad,Point,GCRB / GCRB-N,2,42,21,-57.447200268187224,-58.45843280790612,17.37789390468819,0,42,-79.08251190472446,-11.53694792588274,0
47,broad,Point,NaOH-activated SCW biochars / Pristine SCW Biochar,5,146,104,44.541663553174494,50.90062356153003,12.271214112466824,146,0,10.27120731794283,89.87480477164395,0
47,broad,Point,PB600 / PB800,1,47,32,-23.467849241264958,-27.974593282029858,11.870093479845595,1,46,-43.52441613588111,2.05201950226408,1
47,broad,Point,PSB / PSBOX-A,3,61,40,-76.72369400499352,-76.2747603310192,14.950942276457862,0,61,-91.55406663974854,-39.88019406040695,0
47,broad,TOPSIS,AMCB / CB,6,22,8,81.38505987375737,57.36387511447848,26.05261680453762,22,0,26.91299010778168,97.13234710421335,0
47,broad,TOPSIS,AMCB / MCB,7,106,30,59.86088852184287,52.36301228174308,16.169829590114926,106,0,26.63720616215553,97.28688772730024,0
47,broad,TOPSIS,Alkali-modified SCG biochars / Pristine SCG biochar,4,113,71,59.296371272762016,62.517667565716465,21.731257429676123,113,0,0.46859327482227003,94.00571318268136,0
47,broad,TOPSIS,CB / MCB,8,22,8,-0.7248756971908306,-5.6132984654588585,5.263921553348781,0,22,-1.27256559895219,-0.15813399503721,5
47,broad,TOPSIS,GCRB / GCRB-N,2,42,21,-57.447200268187224,-52.298485610823576,17.33982610337056,0,42,-79.08251190472446,-11.53694792588274,0
47,broad,TOPSIS,NaOH-activated SCW biochars / Pristine SCW Biochar,5,146,104,44.541663553174494,49.56865628794271,17.254391102102066,146,0,10.27120731794283,89.87480477164395,0
47,broad,TOPSIS,PB600 / PB800,1,47,32,-23.467849241264958,-25.830593467835726,9.71874467973241,1,46,-43.52441613588111,2.05201950226408,1
47,broad,TOPSIS,PSB / PSBOX-A,3,61,40,-76.72369400499352,-73.11434166230468,15.234089713970006,0,61,-91.55406663974854,-39.88019406040695,0
47,exact,Contrast,AMCB / CB,6,22,8,81.38505987375737,68.16828496307419,21.06463394656955,22,0,26.91299010778168,97.13234710421335,0
47,exact,Contrast,AMCB / MCB,7,106,30,59.86088852184287,59.736083211947324,7.467346056179429,106,0,26.63720616215553,97.28688772730024,0
47,exact,Contrast,Alkali-modified SCG biochars / Pristine SCG biochar,4,113,71,59.296371272762016,60.59187697350104,19.749264090301864,113,0,0.46859327482227003,94.00571318268136,0
47,exact,Contrast,CB / MCB,8,22,8,-0.7248756971908306,-0.7225998924519093,0.7181664700294198,0,22,-1.27256559895219,-0.15813399503721,6
47,exact,Contrast,GCRB / GCRB-N,2,42,21,-57.447200268187224,-55.777976754456695,5.740344417767193,0,42,-79.08251190472446,-11.53694792588274,0
47,exact,Contrast,NaOH-activated SCW biochars / Pristine SCW Biochar,5,146,104,44.541663553174494,45.39087762332418,5.223936435777751,146,0,10.27120731794283,89.87480477164395,0
47,exact,Contrast,PB600 / PB800,1,47,32,-23.467849241264958,-22.81220557085905,7.572861601386889,1,46,-43.52441613588111,2.05201950226408,1
47,exact,Contrast,PSB / PSBOX-A,3,61,40,-76.72369400499352,-72.11776990898177,15.073327850788587,0,61,-91.55406663974854,-39.88019406040695,0
47,exact,History,AMCB / CB,6,22,8,81.38505987375737,81.85459691794068,17.348392847971045,22,0,26.91299010778168,97.13234710421335,0
47,exact,History,AMCB / MCB,7,106,30,59.86088852184287,59.96986015854241,16.903410848903338,106,0,26.63720616215553,97.28688772730024,0
47,exact,History,Alkali-modified SCG biochars / Pristine SCG biochar,4,113,71,59.296371272762016,59.631744798895426,21.701646242937812,113,0,0.46859327482227003,94.00571318268136,0
47,exact,History,CB / MCB,8,22,8,-0.7248756971908306,-0.7172491794115362,0.3083283909007107,0,22,-1.27256559895219,-0.15813399503721,0
47,exact,History,GCRB / GCRB-N,2,42,21,-57.447200268187224,-57.27529708237734,12.7113034347007,0,42,-79.08251190472446,-11.53694792588274,0
47,exact,History,NaOH-activated SCW biochars / Pristine SCW Biochar,5,146,104,44.541663553174494,44.53768043227168,19.24530888977314,146,0,10.27120731794283,89.87480477164395,0
47,exact,History,PB600 / PB800,1,47,32,-23.467849241264958,-23.268762401223995,7.457484593067446,1,46,-43.52441613588111,2.05201950226408,1
47,exact,History,PSB / PSBOX-A,3,61,40,-76.72369400499352,-76.67061259647238,13.133677011172862,0,61,-91.55406663974854,-39.88019406040695,0
47,exact,Point,AMCB / CB,6,22,8,81.38505987375737,65.0055927752939,22.775127741346722,22,0,26.91299010778168,97.13234710421335,0
47,exact,Point,AMCB / MCB,7,106,30,59.86088852184287,57.93978129093386,11.422745266068254,106,0,26.63720616215553,97.28688772730024,0
47,exact,Point,Alkali-modified SCG biochars / Pristine SCG biochar,4,113,71,59.296371272762016,63.65381584188202,20.235942879825767,113,0,0.46859327482227003,94.00571318268136,0
47,exact,Point,CB / MCB,8,22,8,-0.7248756971908306,-0.5834759381300199,0.8615900330880545,0,22,-1.27256559895219,-0.15813399503721,9
47,exact,Point,GCRB / GCRB-N,2,42,21,-57.447200268187224,-56.23184103232136,6.040931547106878,0,42,-79.08251190472446,-11.53694792588274,0
47,exact,Point,NaOH-activated SCW biochars / Pristine SCW Biochar,5,146,104,44.541663553174494,44.88035357104696,5.343130835216833,146,0,10.27120731794283,89.87480477164395,0
47,exact,Point,PB600 / PB800,1,47,32,-23.467849241264958,-23.247264884224936,7.371047655508116,1,46,-43.52441613588111,2.05201950226408,1
47,exact,Point,PSB / PSBOX-A,3,61,40,-76.72369400499352,-74.12908542827266,13.966610794408657,0,61,-91.55406663974854,-39.88019406040695,0
47,exact,TOPSIS,AMCB / CB,6,22,8,81.38505987375737,64.96920084406281,21.89665058016067,22,0,26.91299010778168,97.13234710421335,0
47,exact,TOPSIS,AMCB / MCB,7,106,30,59.86088852184287,59.83535866578108,9.860458837158008,106,0,26.63720616215553,97.28688772730024,0
47,exact,TOPSIS,Alkali-modified SCG biochars / Pristine SCG biochar,4,113,71,59.296371272762016,60.504900214342115,19.88462868902328,113,0,0.46859327482227003,94.00571318268136,0
47,exact,TOPSIS,CB / MCB,8,22,8,-0.7248756971908306,-1.3013355068329082,1.285408009169765,0,22,-1.27256559895219,-0.15813399503721,4
47,exact,TOPSIS,GCRB / GCRB-N,2,42,21,-57.447200268187224,-53.87874507113261,7.237349322856018,0,42,-79.08251190472446,-11.53694792588274,0
47,exact,TOPSIS,NaOH-activated SCW biochars / Pristine SCW Biochar,5,146,104,44.541663553174494,45.53662723543059,5.302329388096054,146,0,10.27120731794283,89.87480477164395,0
47,exact,TOPSIS,PB600 / PB800,1,47,32,-23.467849241264958,-22.339962126248707,7.356311985146122,1,46,-43.52441613588111,2.05201950226408,1
47,exact,TOPSIS,PSB / PSBOX-A,3,61,40,-76.72369400499352,-72.83625042820793,14.369483738800765,0,61,-91.55406663974854,-39.88019406040695,0
47,source,Contrast,AMCB / CB,6,22,8,81.38505987375737,64.9993166532873,21.644951372087533,22,0,26.91299010778168,97.13234710421335,0
47,source,Contrast,AMCB / MCB,7,106,30,59.86088852184287,24.658711376950336,35.202177144892524,106,0,26.63720616215553,97.28688772730024,0
47,source,Contrast,Alkali-modified SCG biochars / Pristine SCG biochar,4,113,71,59.296371272762016,51.23787030628342,24.46542610506984,113,0,0.46859327482227003,94.00571318268136,0
47,source,Contrast,CB / MCB,8,22,8,-0.7248756971908306,-39.85116294451668,39.126287247325855,0,22,-1.27256559895219,-0.15813399503721,0
47,source,Contrast,GCRB / GCRB-N,2,42,21,-57.447200268187224,-58.42383111788809,12.320761328001455,0,42,-79.08251190472446,-11.53694792588274,0
47,source,Contrast,NaOH-activated SCW biochars / Pristine SCW Biochar,5,146,104,44.541663553174494,65.99081162665173,29.01719012790967,146,0,10.27120731794283,89.87480477164395,0
47,source,Contrast,PB600 / PB800,1,47,32,-23.467849241264958,-59.28570633927228,35.81785709800732,1,46,-43.52441613588111,2.05201950226408,1
47,source,Contrast,PSB / PSBOX-A,3,61,40,-76.72369400499352,-46.81777064092195,30.297501220087952,0,61,-91.55406663974854,-39.88019406040695,0
47,source,Point,AMCB / CB,6,22,8,81.38505987375737,57.25679804030219,25.47468959512339,22,0,26.91299010778168,97.13234710421335,0
47,source,Point,AMCB / MCB,7,106,30,59.86088852184287,15.79365572636455,44.06723279547832,106,0,26.63720616215553,97.28688772730024,0
47,source,Point,Alkali-modified SCG biochars / Pristine SCG biochar,4,113,71,59.296371272762016,50.284202220299704,24.960396280024874,113,0,0.46859327482227003,94.00571318268136,0
47,source,Point,CB / MCB,8,22,8,-0.7248756971908306,-40.98984165326387,40.26496595607304,0,22,-1.27256559895219,-0.15813399503721,0
47,source,Point,GCRB / GCRB-N,2,42,21,-57.447200268187224,-60.29189940666079,13.506327076048507,0,42,-79.08251190472446,-11.53694792588274,0
47,source,Point,NaOH-activated SCW biochars / Pristine SCW Biochar,5,146,104,44.541663553174494,34.904789655842144,16.315832081830063,146,0,10.27120731794283,89.87480477164395,0
47,source,Point,PB600 / PB800,1,47,32,-23.467849241264958,-40.50330159498249,17.319554040139494,1,46,-43.52441613588111,2.05201950226408,1
47,source,Point,PSB / PSBOX-A,3,61,40,-76.72369400499352,-35.93832001518109,40.78537398981242,0,61,-91.55406663974854,-39.88019406040695,0
47,source,TOPSIS,AMCB / CB,6,22,8,81.38505987375737,64.9993166532873,21.644951372087533,22,0,26.91299010778168,97.13234710421335,0
47,source,TOPSIS,AMCB / MCB,7,106,30,59.86088852184287,24.658711376950336,35.202177144892524,106,0,26.63720616215553,97.28688772730024,0
47,source,TOPSIS,Alkali-modified SCG biochars / Pristine SCG biochar,4,113,71,59.296371272762016,40.92844520284257,28.21773758542536,113,0,0.46859327482227003,94.00571318268136,0
47,source,TOPSIS,CB / MCB,8,22,8,-0.7248756971908306,-39.85116294451668,39.126287247325855,0,22,-1.27256559895219,-0.15813399503721,0
47,source,TOPSIS,GCRB / GCRB-N,2,42,21,-57.447200268187224,-60.29189940666079,13.506327076048507,0,42,-79.08251190472446,-11.53694792588274,0
47,source,TOPSIS,NaOH-activated SCW biochars / Pristine SCW Biochar,5,146,104,44.541663553174494,65.99081162665173,29.01719012790967,146,0,10.27120731794283,89.87480477164395,0
47,source,TOPSIS,PB600 / PB800,1,47,32,-23.467849241264958,-40.50330159498249,17.319554040139494,1,46,-43.52441613588111,2.05201950226408,1
47,source,TOPSIS,PSB / PSBOX-A,3,61,40,-76.72369400499352,-35.93832001518109,40.78537398981242,0,61,-91.55406663974854,-39.88019406040695,0
