seed,track,rule,w_point,w_contrast,w_loss,point_mae,contrast_mae,selection_loss,wrong,n
11,exact,W118,0.1,0.1,0.8,0.0984244296858164,0.12131183371012465,0.00012463471877532587,7,559
11,exact,W127,0.1,0.2,0.7,0.09568770294618825,0.11339507733411354,0.00012463471877532587,7,559
11,exact,W136,0.1,0.3,0.6,0.09568770294618825,0.11339507733411354,0.00012463471877532587,7,559
11,exact,W145,0.1,0.4,0.5,0.09546181171444526,0.11125412162577918,0.00013595345896954067,10,559
11,exact,W154,0.1,0.5,0.4,0.09546181171444526,0.11125412162577918,0.00013595345896954067,10,559
11,exact,W163,0.1,0.6,0.3,0.09546181171444526,0.11125412162577918,0.00013595345896954067,10,559
11,exact,W172,0.1,0.7,0.2,0.09546181171444526,0.11125412162577918,0.00013595345896954067,10,559
11,exact,W181,0.1,0.8,0.1,0.09488498553764395,0.1079996226038706,0.0002100234373960795,10,559
11,exact,W217,0.2,0.1,0.7,0.09568770294618825,0.11339507733411354,0.00012463471877532587,7,559
11,exact,W226,0.2,0.2,0.6,0.09568770294618825,0.11339507733411354,0.00012463471877532587,7,559
11,exact,W235,0.2,0.3,0.5,0.09546181171444526,0.11125412162577918,0.00013595345896954067,10,559
11,exact,W244,0.2,0.4,0.4,0.09546181171444526,0.11125412162577918,0.00013595345896954067,10,559
11,exact,W253,0.2,0.5,0.3,0.09546181171444526,0.11125412162577918,0.00013595345896954067,10,559
11,exact,W262,0.2,0.6,0.2,0.09546181171444526,0.11125412162577918,0.00013595345896954067,10,559
11,exact,W271,0.2,0.7,0.1,0.09546181171444526,0.11125412162577918,0.00013595345896954067,10,559
11,exact,W316,0.3,0.1,0.6,0.09568770294618825,0.11339507733411354,0.00012463471877532587,7,559
11,exact,W325,0.3,0.2,0.5,0.09568770294618825,0.11339507733411354,0.00012463471877532587,7,559
11,exact,W334,0.3,0.3,0.4,0.09546181171444526,0.11125412162577918,0.00013595345896954067,10,559
11,exact,W343,0.3,0.4,0.3,0.09546181171444526,0.11125412162577918,0.00013595345896954067,10,559
11,exact,W352,0.3,0.5,0.2,0.09546181171444526,0.11125412162577918,0.00013595345896954067,10,559
11,exact,W361,0.3,0.6,0.1,0.09546181171444526,0.11125412162577918,0.00013595345896954067,10,559
11,exact,W415,0.4,0.1,0.5,0.09568770294618825,0.11339507733411354,0.00012463471877532587,7,559
11,exact,W424,0.4,0.2,0.4,0.09546181171444526,0.11125412162577918,0.00013595345896954067,10,559
11,exact,W433,0.4,0.3,0.3,0.09546181171444526,0.11125412162577918,0.00013595345896954067,10,559
11,exact,W442,0.4,0.4,0.2,0.09546181171444526,0.11125412162577918,0.00013595345896954067,10,559
11,exact,W451,0.4,0.5,0.1,0.09546181171444526,0.11125412162577918,0.00013595345896954067,10,559
11,exact,W514,0.5,0.1,0.4,0.09644859607624497,0.1153425366454729,0.00013595345896954067,10,559
11,exact,W523,0.5,0.2,0.3,0.09546181171444526,0.11125412162577918,0.00013595345896954067,10,559
11,exact,W532,0.5,0.3,0.2,0.09546181171444526,0.11125412162577918,0.00013595345896954067,10,559
11,exact,W541,0.5,0.4,0.1,0.09546181171444526,0.11125412162577918,0.00013595345896954067,10,559
11,exact,W613,0.6,0.1,0.3,0.09546181171444526,0.11125412162577918,0.00013595345896954067,10,559
11,exact,W622,0.6,0.2,0.2,0.09546181171444526,0.11125412162577918,0.00013595345896954067,10,559
11,exact,W631,0.6,0.3,0.1,0.0954737581654246,0.11092949937195433,0.00013595345896954067,10,559
11,exact,W712,0.7,0.1,0.2,0.0954737581654246,0.11092949937195433,0.00013595345896954067,10,559
11,exact,W721,0.7,0.2,0.1,0.0954737581654246,0.11092949937195433,0.00013595345896954067,10,559
11,exact,W811,0.8,0.1,0.1,0.0954737581654246,0.11092949937195433,0.00013595345896954067,10,559
11,exact,Full,0.3333333333333333,0.3333333333333333,0.3333333333333333,0.09546181171444526,0.11125412162577918,0.00013595345896954067,10,559
11,exact,No_point,0.0,0.5,0.5,0.09546181171444526,0.11125412162577918,0.00013595345896954067,10,559
11,exact,No_contrast,0.5,0.0,0.5,0.09568770294618825,0.11339507733411354,0.00012463471877532587,7,559
11,exact,No_loss,0.5,0.5,0.0,0.0947907814793351,0.1082247797391253,0.00016154751886536664,9,559
11,broad,W118,0.1,0.1,0.8,0.1227884493229856,0.15384795247891234,0.00011717579955834217,5,559
11,broad,W127,0.1,0.2,0.7,0.1227884493229856,0.15384795247891234,0.00011717579955834217,5,559
11,broad,W136,0.1,0.3,0.6,0.1227884493229856,0.15384795247891234,0.00011717579955834217,5,559
11,broad,W145,0.1,0.4,0.5,0.1227884493229856,0.15384795247891234,0.00011717579955834217,5,559
11,broad,W154,0.1,0.5,0.4,0.12206764377568802,0.15420243638916906,0.00011717579955834217,5,559
11,broad,W163,0.1,0.6,0.3,0.12206764377568802,0.15420243638916906,0.00011717579955834217,5,559
11,broad,W172,0.1,0.7,0.2,0.12206764377568802,0.15420243638916906,0.00011717579955834217,5,559
11,broad,W181,0.1,0.8,0.1,0.1214081065443992,0.15510348386302697,0.00011717579955834217,5,559
11,broad,W217,0.2,0.1,0.7,0.12216100844642974,0.15347963511829568,0.00011064266453340183,3,559
11,broad,W226,0.2,0.2,0.6,0.1227884493229856,0.15384795247891234,0.00011717579955834217,5,559
11,broad,W235,0.2,0.3,0.5,0.1227884493229856,0.15384795247891234,0.00011717579955834217,5,559
11,broad,W244,0.2,0.4,0.4,0.1227884493229856,0.15384795247891234,0.00011717579955834217,5,559
11,broad,W253,0.2,0.5,0.3,0.1227884493229856,0.15384795247891234,0.00011717579955834217,5,559
11,broad,W262,0.2,0.6,0.2,0.12212891209169682,0.15474899995277025,0.00011717579955834217,5,559
11,broad,W271,0.2,0.7,0.1,0.12212891209169682,0.15474899995277025,0.00011717579955834217,5,559
11,broad,W316,0.3,0.1,0.6,0.1267239644513597,0.17877353459135648,0.00010824870667206372,2,559
11,broad,W325,0.3,0.2,0.5,0.12216100844642974,0.15347963511829568,0.00011064266453340183,3,559
11,broad,W334,0.3,0.3,0.4,0.1227884493229856,0.15384795247891234,0.00011717579955834217,5,559
11,broad,W343,0.3,0.4,0.3,0.1227884493229856,0.15384795247891234,0.00011717579955834217,5,559
11,broad,W352,0.3,0.5,0.2,0.12212891209169682,0.15474899995277025,0.00011717579955834217,5,559
11,broad,W361,0.3,0.6,0.1,0.12212891209169682,0.15474899995277025,0.00011717579955834217,5,559
11,broad,W415,0.4,0.1,0.5,0.1267239644513597,0.17877353459135648,0.00010824870667206372,2,559
11,broad,W424,0.4,0.2,0.4,0.12216100844642974,0.15347963511829568,0.00011064266453340183,3,559
11,broad,W433,0.4,0.3,0.3,0.12150147121514095,0.15438068259215357,0.00011064266453340183,3,559
11,broad,W442,0.4,0.4,0.2,0.12212891209169682,0.15474899995277025,0.00011717579955834217,5,559
11,broad,W451,0.4,0.5,0.1,0.12212891209169682,0.15474899995277025,0.00011717579955834217,5,559
11,broad,W514,0.5,0.1,0.4,0.1260644272200709,0.17967458206521436,0.00010824870667206372,2,559
11,broad,W523,0.5,0.2,0.3,0.12150147121514095,0.15438068259215357,0.00011064266453340183,3,559
11,broad,W532,0.5,0.3,0.2,0.12150147121514095,0.15438068259215357,0.00011064266453340183,3,559
11,broad,W541,0.5,0.4,0.1,0.12150147121514095,0.15438068259215357,0.00011064266453340183,3,559
11,broad,W613,0.6,0.1,0.3,0.1260644272200709,0.17967458206521436,0.00010824870667206372,2,559
11,broad,W622,0.6,0.2,0.2,0.1260644272200709,0.17967458206521436,0.00010824870667206372,2,559
11,broad,W631,0.6,0.3,0.1,0.12150147121514095,0.15438068259215357,0.00011064266453340183,3,559
11,broad,W712,0.7,0.1,0.2,0.1260644272200709,0.17967458206521436,0.00010824870667206372,2,559
11,broad,W721,0.7,0.2,0.1,0.1260644272200709,0.17967458206521436,0.00010824870667206372,2,559
11,broad,W811,0.8,0.1,0.1,0.1260644272200709,0.17967458206521436,0.00010824870667206372,2,559
11,broad,Full,0.3333333333333333,0.3333333333333333,0.3333333333333333,0.1227884493229856,0.15384795247891234,0.00011717579955834217,5,559
11,broad,No_point,0.0,0.5,0.5,0.13431198137121428,0.15809279792854516,0.0001158031086291997,4,559
11,broad,No_contrast,0.5,0.0,0.5,0.1267239644513597,0.17877353459135648,0.00010824870667206372,2,559
11,broad,No_loss,0.5,0.5,0.0,0.11961299272790406,0.15166011116687053,0.00011717579955834217,5,559
11,source,W118,0.1,0.1,0.8,0.30369369274579905,0.26806220234572903,0.00010687601574292125,1,559
11,source,W127,0.1,0.2,0.7,0.28172487176683003,0.2505824143961882,0.00010687601574292125,1,559
11,source,W136,0.1,0.3,0.6,0.28535952601000014,0.24860647148277648,0.00010687601574292125,1,559
11,source,W145,0.1,0.4,0.5,0.2837770710375854,0.27943697657922284,0.00010687601574292125,1,559
11,source,W154,0.1,0.5,0.4,0.27891414105454065,0.27318312411196366,0.00010687601574292125,1,559
11,source,W163,0.1,0.6,0.3,0.27891414105454065,0.27318312411196366,0.00010687601574292125,1,559
11,source,W172,0.1,0.7,0.2,0.27891414105454065,0.27318312411196366,0.00010687601574292125,1,559
11,source,W181,0.1,0.8,0.1,0.27891414105454065,0.27318312411196366,0.00010687601574292125,1,559
11,source,W217,0.2,0.1,0.7,0.292626150092054,0.24689327226892968,0.00010687601574292125,1,559
11,source,W226,0.2,0.2,0.6,0.30369369274579905,0.26806220234572903,0.00010687601574292125,1,559
11,source,W235,0.2,0.3,0.5,0.28172487176683003,0.2505824143961882,0.00010687601574292125,1,559
11,source,W244,0.2,0.4,0.4,0.28535952601000014,0.24860647148277648,0.00010687601574292125,1,559
11,source,W253,0.2,0.5,0.3,0.28535952601000014,0.24860647148277648,0.00010687601574292125,1,559
11,source,W262,0.2,0.6,0.2,0.28535952601000014,0.24860647148277648,0.00010687601574292125,1,559
11,source,W271,0.2,0.7,0.1,0.2837770710375854,0.27943697657922284,0.00010687601574292125,1,559
11,source,W316,0.3,0.1,0.6,0.28856039572788655,0.25457853481469017,0.00010687601574292125,1,559
11,source,W325,0.3,0.2,0.5,0.3025333224437014,0.2719610900955139,0.00010687601574292125,1,559
11,source,W334,0.3,0.3,0.4,0.30369369274579905,0.26806220234572903,0.00010687601574292125,1,559
11,source,W343,0.3,0.4,0.3,0.28172487176683003,0.2505824143961882,0.00010687601574292125,1,559
11,source,W352,0.3,0.5,0.2,0.28172487176683003,0.2505824143961882,0.00010687601574292125,1,559
11,source,W361,0.3,0.6,0.1,0.28535952601000014,0.24860647148277648,0.00010687601574292125,1,559
11,source,W415,0.4,0.1,0.5,0.28856039572788655,0.25457853481469017,0.00010687601574292125,1,559
11,source,W424,0.4,0.2,0.4,0.292626150092054,0.24689327226892968,0.00010687601574292125,1,559
11,source,W433,0.4,0.3,0.3,0.3025333224437014,0.2719610900955139,0.00010687601574292125,1,559
11,source,W442,0.4,0.4,0.2,0.30369369274579905,0.26806220234572903,0.00010687601574292125,1,559
11,source,W451,0.4,0.5,0.1,0.30369369274579905,0.26806220234572903,0.00010687601574292125,1,559
11,source,W514,0.5,0.1,0.4,0.28856039572788655,0.25457853481469017,0.00010687601574292125,1,559
11,source,W523,0.5,0.2,0.3,0.28856039572788655,0.25457853481469017,0.00010687601574292125,1,559
11,source,W532,0.5,0.3,0.2,0.3025333224437014,0.2719610900955139,0.00010687601574292125,1,559
11,source,W541,0.5,0.4,0.1,0.301089853240244,0.26972766671165166,0.00010687601574292125,1,559
11,source,W613,0.6,0.1,0.3,0.28856039572788655,0.25457853481469017,0.00010687601574292125,1,559
11,source,W622,0.6,0.2,0.2,0.28856039572788655,0.25457853481469017,0.00010687601574292125,1,559
11,source,W631,0.6,0.3,0.1,0.292626150092054,0.24689327226892968,0.00010687601574292125,1,559
11,source,W712,0.7,0.1,0.2,0.28856039572788655,0.25457853481469017,0.00010687601574292125,1,559
11,source,W721,0.7,0.2,0.1,0.28856039572788655,0.25457853481469017,0.00010687601574292125,1,559
11,source,W811,0.8,0.1,0.1,0.28856039572788655,0.25457853481469017,0.00010687601574292125,1,559
11,source,Full,0.3333333333333333,0.3333333333333333,0.3333333333333333,0.30369369274579905,0.26806220234572903,0.00010687601574292125,1,559
11,source,No_point,0.0,0.5,0.5,0.27891414105454065,0.27318312411196366,0.00010687601574292125,1,559
11,source,No_contrast,0.5,0.0,0.5,0.2854292386094025,0.24914963263902268,0.00010687601574292125,1,559
11,source,No_loss,0.5,0.5,0.0,0.30369369274579905,0.26806220234572903,0.00010687601574292125,1,559
23,exact,W118,0.1,0.1,0.8,0.0992207962966049,0.11326341931001092,0.00011328531457787326,3,559
23,exact,W127,0.1,0.2,0.7,0.10095240379986843,0.11230685332871397,0.00015331957172549332,4,559
23,exact,W136,0.1,0.3,0.6,0.0996440227025344,0.10967049084638758,0.00016573096468462277,9,559
23,exact,W145,0.1,0.4,0.5,0.0996440227025344,0.10967049084638758,0.00016573096468462277,9,559
23,exact,W154,0.1,0.5,0.4,0.0996440227025344,0.10967049084638758,0.00016573096468462277,9,559
23,exact,W163,0.1,0.6,0.3,0.09933229944660815,0.11025289553070382,0.00016573096468462277,9,559
23,exact,W172,0.1,0.7,0.2,0.0995413641909696,0.11056766823521187,0.00012569670753700268,8,559
23,exact,W181,0.1,0.8,0.1,0.10025528730748859,0.10950830655908146,0.00012035952790686715,5,559
23,exact,W217,0.2,0.1,0.7,0.0992207962966049,0.11326341931001092,0.00011328531457787326,3,559
23,exact,W226,0.2,0.2,0.6,0.10095240379986843,0.11230685332871397,0.00015331957172549332,4,559
23,exact,W235,0.2,0.3,0.5,0.0996440227025344,0.10967049084638758,0.00016573096468462277,9,559
23,exact,W244,0.2,0.4,0.4,0.0996440227025344,0.10967049084638758,0.00016573096468462277,9,559
23,exact,W253,0.2,0.5,0.3,0.09933229944660815,0.11025289553070382,0.00016573096468462277,9,559
23,exact,W262,0.2,0.6,0.2,0.09933229944660815,0.11025289553070382,0.00016573096468462277,9,559
23,exact,W271,0.2,0.7,0.1,0.0995413641909696,0.11056766823521187,0.00012569670753700268,8,559
23,exact,W316,0.3,0.1,0.6,0.0992207962966049,0.11326341931001092,0.00011328531457787326,3,559
23,exact,W325,0.3,0.2,0.5,0.0996440227025344,0.10967049084638758,0.00016573096468462277,9,559
23,exact,W334,0.3,0.3,0.4,0.0996440227025344,0.10967049084638758,0.00016573096468462277,9,559
23,exact,W343,0.3,0.4,0.3,0.0996440227025344,0.10967049084638758,0.00016573096468462277,9,559
23,exact,W352,0.3,0.5,0.2,0.09933229944660815,0.11025289553070382,0.00016573096468462277,9,559
23,exact,W361,0.3,0.6,0.1,0.0995413641909696,0.11056766823521187,0.00012569670753700268,8,559
23,exact,W415,0.4,0.1,0.5,0.0992207962966049,0.11326341931001092,0.00011328531457787326,3,559
23,exact,W424,0.4,0.2,0.4,0.0996440227025344,0.10967049084638758,0.00016573096468462277,9,559
23,exact,W433,0.4,0.3,0.3,0.0996440227025344,0.10967049084638758,0.00016573096468462277,9,559
23,exact,W442,0.4,0.4,0.2,0.09933229944660815,0.11025289553070382,0.00016573096468462277,9,559
23,exact,W451,0.4,0.5,0.1,0.0995413641909696,0.11056766823521187,0.00012569670753700268,8,559
23,exact,W514,0.5,0.1,0.4,0.09967412776323,0.11066472593253758,0.00015331957172549332,4,559
23,exact,W523,0.5,0.2,0.3,0.0996440227025344,0.10967049084638758,0.00016573096468462277,9,559
23,exact,W532,0.5,0.3,0.2,0.09933229944660815,0.11025289553070382,0.00016573096468462277,9,559
23,exact,W541,0.5,0.4,0.1,0.0995413641909696,0.11056766823521187,0.00012569670753700268,8,559
23,exact,W613,0.6,0.1,0.3,0.09967412776323,0.11066472593253758,0.00015331957172549332,4,559
23,exact,W622,0.6,0.2,0.2,0.0996440227025344,0.10967049084638758,0.00016573096468462277,9,559
23,exact,W631,0.6,0.3,0.1,0.0995413641909696,0.11056766823521187,0.00012569670753700268,8,559
23,exact,W712,0.7,0.1,0.2,0.09967412776323,0.11066472593253758,0.00015331957172549332,4,559
23,exact,W721,0.7,0.2,0.1,0.09933229944660815,0.11025289553070382,0.00016573096468462277,9,559
23,exact,W811,0.8,0.1,0.1,0.1005245089049248,0.11690752237606862,0.00015331957172549332,4,559
23,exact,Full,0.3333333333333333,0.3333333333333333,0.3333333333333333,0.0996440227025344,0.10967049084638758,0.00016573096468462277,9,559
23,exact,No_point,0.0,0.5,0.5,0.0996440227025344,0.10967049084638758,0.00016573096468462277,9,559
23,exact,No_contrast,0.5,0.0,0.5,0.0992207962966049,0.11326341931001092,0.00011328531457787326,3,559
23,exact,No_loss,0.5,0.5,0.0,0.10025528730748859,0.10950830655908146,0.00012035952790686715,5,559
23,broad,W118,0.1,0.1,0.8,0.1409639732552823,0.17629900396095896,0.00010926997360425937,2,559
23,broad,W127,0.1,0.2,0.7,0.13536522266404963,0.17746016931968275,0.00010926997360425937,2,559
23,broad,W136,0.1,0.3,0.6,0.13141162923318622,0.1616008021272126,0.00010926997360425937,2,559
23,broad,W145,0.1,0.4,0.5,0.13141162923318622,0.1616008021272126,0.00010926997360425937,2,559
23,broad,W154,0.1,0.5,0.4,0.13141162923318622,0.1616008021272126,0.00010926997360425937,2,559
23,broad,W163,0.1,0.6,0.3,0.13141162923318622,0.1616008021272126,0.00010926997360425937,2,559
23,broad,W172,0.1,0.7,0.2,0.13141162923318622,0.1616008021272126,0.00010926997360425937,2,559
23,broad,W181,0.1,0.8,0.1,0.13141162923318622,0.1616008021272126,0.00010926997360425937,2,559
23,broad,W217,0.2,0.1,0.7,0.12461637316174765,0.14844560824936984,0.00011064266453340183,3,559
23,broad,W226,0.2,0.2,0.6,0.1409639732552823,0.17629900396095896,0.00010926997360425937,2,559
23,broad,W235,0.2,0.3,0.5,0.13890103829688108,0.1703455047620898,0.00010926997360425937,2,559
23,broad,W244,0.2,0.4,0.4,0.13536522266404963,0.17746016931968275,0.00010926997360425937,2,559
23,broad,W253,0.2,0.5,0.3,0.13391225496601364,0.16722090902520223,0.00010926997360425937,2,559
23,broad,W262,0.2,0.6,0.2,0.13141162923318622,0.1616008021272126,0.00010926997360425937,2,559
23,broad,W271,0.2,0.7,0.1,0.13141162923318622,0.1616008021272126,0.00010926997360425937,2,559
23,broad,W316,0.3,0.1,0.6,0.12688202674720095,0.15167375463228494,0.00011064266453340183,3,559
23,broad,W325,0.3,0.2,0.5,0.1409639732552823,0.17629900396095896,0.00010926997360425937,2,559
23,broad,W334,0.3,0.3,0.4,0.1409639732552823,0.17629900396095896,0.00010926997360425937,2,559
23,broad,W343,0.3,0.4,0.3,0.13890103829688108,0.1703455047620898,0.00010926997360425937,2,559
23,broad,W352,0.3,0.5,0.2,0.13890103829688108,0.1703455047620898,0.00010926997360425937,2,559
23,broad,W361,0.3,0.6,0.1,0.13536522266404963,0.17746016931968275,0.00010926997360425937,2,559
23,broad,W415,0.4,0.1,0.5,0.1295396643775216,0.15408492052630363,0.00011064266453340183,3,559
23,broad,W424,0.4,0.2,0.4,0.12461637316174765,0.14844560824936984,0.00011064266453340183,3,559
23,broad,W433,0.4,0.3,0.3,0.1409639732552823,0.17629900396095896,0.00010926997360425937,2,559
23,broad,W442,0.4,0.4,0.2,0.1409639732552823,0.17629900396095896,0.00010926997360425937,2,559
23,broad,W451,0.4,0.5,0.1,0.1409639732552823,0.17629900396095896,0.00010926997360425937,2,559
23,broad,W514,0.5,0.1,0.4,0.1295396643775216,0.15408492052630363,0.00011064266453340183,3,559
23,broad,W523,0.5,0.2,0.3,0.12461637316174765,0.14844560824936984,0.00011064266453340183,3,559
23,broad,W532,0.5,0.3,0.2,0.1409639732552823,0.17629900396095896,0.00010926997360425937,2,559
23,broad,W541,0.5,0.4,0.1,0.1409639732552823,0.17629900396095896,0.00010926997360425937,2,559
23,broad,W613,0.6,0.1,0.3,0.12934468591187195,0.15841166534176504,0.00010824870667206372,2,559
23,broad,W622,0.6,0.2,0.2,0.12688202674720095,0.15167375463228494,0.00011064266453340183,3,559
23,broad,W631,0.6,0.3,0.1,0.12461637316174765,0.14844560824936984,0.00011064266453340183,3,559
23,broad,W712,0.7,0.1,0.2,0.12693506687478767,0.15091988688621197,0.00018218651726395151,4,559
23,broad,W721,0.7,0.2,0.1,0.1295396643775216,0.15408492052630363,0.00011064266453340183,3,559
23,broad,W811,0.8,0.1,0.1,0.12693506687478767,0.15091988688621197,0.00018218651726395151,4,559
23,broad,Full,0.3333333333333333,0.3333333333333333,0.3333333333333333,0.1409639732552823,0.17629900396095896,0.00010926997360425937,2,559
23,broad,No_point,0.0,0.5,0.5,0.14482349038670783,0.1734874632446843,0.00010687601574292125,1,559
23,broad,No_contrast,0.5,0.0,0.5,0.1208226759190696,0.14674224540703304,0.00018218651726395151,4,559
23,broad,No_loss,0.5,0.5,0.0,0.1409639732552823,0.17629900396095896,0.00010926997360425937,2,559
23,source,W118,0.1,0.1,0.8,0.30369369274579905,0.26806220234572903,0.00010687601574292125,1,559
23,source,W127,0.1,0.2,0.7,0.28172487176683003,0.2505824143961882,0.00010687601574292125,1,559
23,source,W136,0.1,0.3,0.6,0.28535952601000014,0.24860647148277648,0.00010687601574292125,1,559
23,source,W145,0.1,0.4,0.5,0.28075911827056316,0.27468335669205424,0.00010687601574292125,1,559
23,source,W154,0.1,0.5,0.4,0.27891414105454065,0.27318312411196366,0.00010687601574292125,1,559
23,source,W163,0.1,0.6,0.3,0.27891414105454065,0.27318312411196366,0.00010687601574292125,1,559
23,source,W172,0.1,0.7,0.2,0.27891414105454065,0.27318312411196366,0.00010687601574292125,1,559
23,source,W181,0.1,0.8,0.1,0.27891414105454065,0.27318312411196366,0.00010687601574292125,1,559
23,source,W217,0.2,0.1,0.7,0.292626150092054,0.24689327226892968,0.00010687601574292125,1,559
23,source,W226,0.2,0.2,0.6,0.30369369274579905,0.26806220234572903,0.00010687601574292125,1,559
23,source,W235,0.2,0.3,0.5,0.28172487176683003,0.2505824143961882,0.00010687601574292125,1,559
23,source,W244,0.2,0.4,0.4,0.28172487176683003,0.2505824143961882,0.00010687601574292125,1,559
23,source,W253,0.2,0.5,0.3,0.28535952601000014,0.24860647148277648,0.00010687601574292125,1,559
23,source,W262,0.2,0.6,0.2,0.28535952601000014,0.24860647148277648,0.00010687601574292125,1,559
23,source,W271,0.2,0.7,0.1,0.2837770710375854,0.27943697657922284,0.00010687601574292125,1,559
23,source,W316,0.3,0.1,0.6,0.28856039572788655,0.25457853481469017,0.00010687601574292125,1,559
23,source,W325,0.3,0.2,0.5,0.3025333224437014,0.2719610900955139,0.00010687601574292125,1,559
23,source,W334,0.3,0.3,0.4,0.30369369274579905,0.26806220234572903,0.00010687601574292125,1,559
23,source,W343,0.3,0.4,0.3,0.28172487176683003,0.2505824143961882,0.00010687601574292125,1,559
23,source,W352,0.3,0.5,0.2,0.28172487176683003,0.2505824143961882,0.00010687601574292125,1,559
23,source,W361,0.3,0.6,0.1,0.28172487176683003,0.2505824143961882,0.00010687601574292125,1,559
23,source,W415,0.4,0.1,0.5,0.28856039572788655,0.25457853481469017,0.00010687601574292125,1,559
23,source,W424,0.4,0.2,0.4,0.292626150092054,0.24689327226892968,0.00010687601574292125,1,559
23,source,W433,0.4,0.3,0.3,0.3025333224437014,0.2719610900955139,0.00010687601574292125,1,559
23,source,W442,0.4,0.4,0.2,0.30369369274579905,0.26806220234572903,0.00010687601574292125,1,559
23,source,W451,0.4,0.5,0.1,0.30369369274579905,0.26806220234572903,0.00010687601574292125,1,559
23,source,W514,0.5,0.1,0.4,0.28856039572788655,0.25457853481469017,0.00010687601574292125,1,559
23,source,W523,0.5,0.2,0.3,0.28856039572788655,0.25457853481469017,0.00010687601574292125,1,559
23,source,W532,0.5,0.3,0.2,0.3025333224437014,0.2719610900955139,0.00010687601574292125,1,559
23,source,W541,0.5,0.4,0.1,0.301089853240244,0.26972766671165166,0.00010687601574292125,1,559
23,source,W613,0.6,0.1,0.3,0.28856039572788655,0.25457853481469017,0.00010687601574292125,1,559
23,source,W622,0.6,0.2,0.2,0.28856039572788655,0.25457853481469017,0.00010687601574292125,1,559
23,source,W631,0.6,0.3,0.1,0.292626150092054,0.24689327226892968,0.00010687601574292125,1,559
23,source,W712,0.7,0.1,0.2,0.28856039572788655,0.25457853481469017,0.00010687601574292125,1,559
23,source,W721,0.7,0.2,0.1,0.28856039572788655,0.25457853481469017,0.00010687601574292125,1,559
23,source,W811,0.8,0.1,0.1,0.28856039572788655,0.25457853481469017,0.00010687601574292125,1,559
23,source,Full,0.3333333333333333,0.3333333333333333,0.3333333333333333,0.30369369274579905,0.26806220234572903,0.00010687601574292125,1,559
23,source,No_point,0.0,0.5,0.5,0.27891414105454065,0.27318312411196366,0.00010687601574292125,1,559
23,source,No_contrast,0.5,0.0,0.5,0.2854292386094025,0.24914963263902268,0.00010687601574292125,1,559
23,source,No_loss,0.5,0.5,0.0,0.30369369274579905,0.26806220234572903,0.00010687601574292125,1,559
47,exact,W118,0.1,0.1,0.8,0.09934001856871809,0.12060457121717759,0.00011328531457787326,3,559
47,exact,W127,0.1,0.2,0.7,0.09502882868256833,0.10860712599903062,0.00011864042899750376,5,559
47,exact,W136,0.1,0.3,0.6,0.09502882868256833,0.10860712599903062,0.00011864042899750376,5,559
47,exact,W145,0.1,0.4,0.5,0.09502882868256833,0.10860712599903062,0.00011864042899750376,5,559
47,exact,W154,0.1,0.5,0.4,0.09502882868256833,0.10860712599903062,0.00011864042899750376,5,559
47,exact,W163,0.1,0.6,0.3,0.09502882868256833,0.10860712599903062,0.00011864042899750376,5,559
47,exact,W172,0.1,0.7,0.2,0.09613851939707539,0.10908554780144498,0.00011328531457787326,3,559
47,exact,W181,0.1,0.8,0.1,0.09507890294690748,0.10391594153324668,0.0001889212057108119,3,559
47,exact,W217,0.2,0.1,0.7,0.09934001856871809,0.12060457121717759,0.00011328531457787326,3,559
47,exact,W226,0.2,0.2,0.6,0.09502882868256833,0.10860712599903062,0.00011864042899750376,5,559
47,exact,W235,0.2,0.3,0.5,0.09502882868256833,0.10860712599903062,0.00011864042899750376,5,559
47,exact,W244,0.2,0.4,0.4,0.09502882868256833,0.10860712599903062,0.00011864042899750376,5,559
47,exact,W253,0.2,0.5,0.3,0.09502882868256833,0.10860712599903062,0.00011864042899750376,5,559
47,exact,W262,0.2,0.6,0.2,0.09613851939707539,0.10908554780144498,0.00011328531457787326,3,559
47,exact,W271,0.2,0.7,0.1,0.09507890294690748,0.10391594153324668,0.0001889212057108119,3,559
47,exact,W316,0.3,0.1,0.6,0.09614974550158732,0.11022424987565087,0.00011328531457787326,3,559
47,exact,W325,0.3,0.2,0.5,0.09502882868256833,0.10860712599903062,0.00011864042899750376,5,559
47,exact,W334,0.3,0.3,0.4,0.09502882868256833,0.10860712599903062,0.00011864042899750376,5,559
47,exact,W343,0.3,0.4,0.3,0.09502882868256833,0.10860712599903062,0.00011864042899750376,5,559
47,exact,W352,0.3,0.5,0.2,0.09613851939707539,0.10908554780144498,0.00011328531457787326,3,559
47,exact,W361,0.3,0.6,0.1,0.09527385732122853,0.1074421063200681,0.0001889212057108119,3,559
47,exact,W415,0.4,0.1,0.5,0.09502882868256833,0.10860712599903062,0.00011864042899750376,5,559
47,exact,W424,0.4,0.2,0.4,0.09502882868256833,0.10860712599903062,0.00011864042899750376,5,559
47,exact,W433,0.4,0.3,0.3,0.09502882868256833,0.10860712599903062,0.00011864042899750376,5,559
47,exact,W442,0.4,0.4,0.2,0.09502882868256833,0.10860712599903062,0.00011864042899750376,5,559
47,exact,W451,0.4,0.5,0.1,0.09613851939707539,0.10908554780144498,0.00011328531457787326,3,559
47,exact,W514,0.5,0.1,0.4,0.09502882868256833,0.10860712599903062,0.00011864042899750376,5,559
47,exact,W523,0.5,0.2,0.3,0.09502882868256833,0.10860712599903062,0.00011864042899750376,5,559
47,exact,W532,0.5,0.3,0.2,0.09502882868256833,0.10860712599903062,0.00011864042899750376,5,559
47,exact,W541,0.5,0.4,0.1,0.09613851939707539,0.10908554780144498,0.00011328531457787326,3,559
47,exact,W613,0.6,0.1,0.3,0.09502882868256833,0.10860712599903062,0.00011864042899750376,5,559
47,exact,W622,0.6,0.2,0.2,0.09502882868256833,0.10860712599903062,0.00011864042899750376,5,559
47,exact,W631,0.6,0.3,0.1,0.09502882868256833,0.10860712599903062,0.00011864042899750376,5,559
47,exact,W712,0.7,0.1,0.2,0.09502882868256833,0.10860712599903062,0.00011864042899750376,5,559
47,exact,W721,0.7,0.2,0.1,0.09502882868256833,0.10860712599903062,0.00011864042899750376,5,559
47,exact,W811,0.8,0.1,0.1,0.09502882868256833,0.10860712599903062,0.00011864042899750376,5,559
47,exact,Full,0.3333333333333333,0.3333333333333333,0.3333333333333333,0.09502882868256833,0.10860712599903062,0.00011864042899750376,5,559
47,exact,No_point,0.0,0.5,0.5,0.09502882868256833,0.10860712599903062,0.00011864042899750376,5,559
47,exact,No_contrast,0.5,0.0,0.5,0.09614974550158732,0.11022424987565087,0.00011328531457787326,3,559
47,exact,No_loss,0.5,0.5,0.0,0.09423262270064767,0.10478982296673019,0.0002075023563142311,10,559
47,broad,W118,0.1,0.1,0.8,0.12282416634497616,0.15168103858368168,0.00012143402102637121,6,559
47,broad,W127,0.1,0.2,0.7,0.12282416634497616,0.15168103858368168,0.00012143402102637121,6,559
47,broad,W136,0.1,0.3,0.6,0.12902523806996086,0.16016314780673863,0.0001190400631650331,5,559
47,broad,W145,0.1,0.4,0.5,0.12902523806996086,0.16016314780673863,0.0001190400631650331,5,559
47,broad,W154,0.1,0.5,0.4,0.1278832719997175,0.15996295384333328,0.0001190400631650331,5,559
47,broad,W163,0.1,0.6,0.3,0.1278832719997175,0.15996295384333328,0.0001190400631650331,5,559
47,broad,W172,0.1,0.7,0.2,0.1278832719997175,0.15996295384333328,0.0001190400631650331,5,559
47,broad,W181,0.1,0.8,0.1,0.1372282123238134,0.17852852368433145,0.00010687601574292125,1,559
47,broad,W217,0.2,0.1,0.7,0.12492523496294554,0.161845163908086,0.00012143402102637121,6,559
47,broad,W226,0.2,0.2,0.6,0.12282416634497616,0.15168103858368168,0.00012143402102637121,6,559
47,broad,W235,0.2,0.3,0.5,0.12282416634497616,0.15168103858368168,0.00012143402102637121,6,559
47,broad,W244,0.2,0.4,0.4,0.12282416634497616,0.15168103858368168,0.00012143402102637121,6,559
47,broad,W253,0.2,0.5,0.3,0.12282416634497616,0.15168103858368168,0.00012143402102637121,6,559
47,broad,W262,0.2,0.6,0.2,0.12902523806996086,0.16016314780673863,0.0001190400631650331,5,559
47,broad,W271,0.2,0.7,0.1,0.12902523806996086,0.16016314780673863,0.0001190400631650331,5,559
47,broad,W316,0.3,0.1,0.6,0.12492523496294554,0.161845163908086,0.00012143402102637121,6,559
47,broad,W325,0.3,0.2,0.5,0.12492523496294554,0.161845163908086,0.00012143402102637121,6,559
47,broad,W334,0.3,0.3,0.4,0.12492523496294554,0.161845163908086,0.00012143402102637121,6,559
47,broad,W343,0.3,0.4,0.3,0.12282416634497616,0.15168103858368168,0.00012143402102637121,6,559
47,broad,W352,0.3,0.5,0.2,0.12282416634497616,0.15168103858368168,0.00012143402102637121,6,559
47,broad,W361,0.3,0.6,0.1,0.12282416634497616,0.15168103858368168,0.00012143402102637121,6,559
47,broad,W415,0.4,0.1,0.5,0.12796431405796208,0.17010400989154342,0.00012143402102637121,6,559
47,broad,W424,0.4,0.2,0.4,0.12492523496294554,0.161845163908086,0.00012143402102637121,6,559
47,broad,W433,0.4,0.3,0.3,0.12492523496294554,0.161845163908086,0.00012143402102637121,6,559
47,broad,W442,0.4,0.4,0.2,0.12492523496294554,0.161845163908086,0.00012143402102637121,6,559
47,broad,W451,0.4,0.5,0.1,0.12282416634497616,0.15168103858368168,0.00012143402102637121,6,559
47,broad,W514,0.5,0.1,0.4,0.12580975157635713,0.1738598431540588,0.00010926997360425937,2,559
47,broad,W523,0.5,0.2,0.3,0.12492523496294554,0.161845163908086,0.00012143402102637121,6,559
47,broad,W532,0.5,0.3,0.2,0.12492523496294554,0.161845163908086,0.00012143402102637121,6,559
47,broad,W541,0.5,0.4,0.1,0.12492523496294554,0.161845163908086,0.00012143402102637121,6,559
47,broad,W613,0.6,0.1,0.3,0.12580975157635713,0.1738598431540588,0.00010926997360425937,2,559
47,broad,W622,0.6,0.2,0.2,0.12492523496294554,0.161845163908086,0.00012143402102637121,6,559
47,broad,W631,0.6,0.3,0.1,0.12492523496294554,0.161845163908086,0.00012143402102637121,6,559
47,broad,W712,0.7,0.1,0.2,0.1212313543817926,0.16693848714865014,0.00012410133101626192,7,559
47,broad,W721,0.7,0.2,0.1,0.1212313543817926,0.16693848714865014,0.00012410133101626192,7,559
47,broad,W811,0.8,0.1,0.1,0.1212313543817926,0.16693848714865014,0.00012410133101626192,7,559
47,broad,Full,0.3333333333333333,0.3333333333333333,0.3333333333333333,0.12492523496294554,0.161845163908086,0.00012143402102637121,6,559
47,broad,No_point,0.0,0.5,0.5,0.14418806248539287,0.1812633940605053,0.00010687601574292125,1,559
47,broad,No_contrast,0.5,0.0,0.5,0.12580975157635713,0.1738598431540588,0.00010926997360425937,2,559
47,broad,No_loss,0.5,0.5,0.0,0.11925231074136368,0.14693239126330485,0.00012143402102637121,6,559
47,source,W118,0.1,0.1,0.8,0.30369369274579905,0.26806220234572903,0.00010687601574292125,1,559
47,source,W127,0.1,0.2,0.7,0.28535952601000014,0.24860647148277648,0.00010687601574292125,1,559
47,source,W136,0.1,0.3,0.6,0.28535952601000014,0.24860647148277648,0.00010687601574292125,1,559
47,source,W145,0.1,0.4,0.5,0.28075911827056316,0.27468335669205424,0.00010687601574292125,1,559
47,source,W154,0.1,0.5,0.4,0.27891414105454065,0.27318312411196366,0.00010687601574292125,1,559
47,source,W163,0.1,0.6,0.3,0.27891414105454065,0.27318312411196366,0.00010687601574292125,1,559
47,source,W172,0.1,0.7,0.2,0.27891414105454065,0.27318312411196366,0.00010687601574292125,1,559
47,source,W181,0.1,0.8,0.1,0.27891414105454065,0.27318312411196366,0.00010687601574292125,1,559
47,source,W217,0.2,0.1,0.7,0.292626150092054,0.24689327226892968,0.00010687601574292125,1,559
47,source,W226,0.2,0.2,0.6,0.30369369274579905,0.26806220234572903,0.00010687601574292125,1,559
47,source,W235,0.2,0.3,0.5,0.28172487176683003,0.2505824143961882,0.00010687601574292125,1,559
47,source,W244,0.2,0.4,0.4,0.28535952601000014,0.24860647148277648,0.00010687601574292125,1,559
47,source,W253,0.2,0.5,0.3,0.28535952601000014,0.24860647148277648,0.00010687601574292125,1,559
47,source,W262,0.2,0.6,0.2,0.28535952601000014,0.24860647148277648,0.00010687601574292125,1,559
47,source,W271,0.2,0.7,0.1,0.2837770710375854,0.27943697657922284,0.00010687601574292125,1,559
47,source,W316,0.3,0.1,0.6,0.28856039572788655,0.25457853481469017,0.00010687601574292125,1,559
47,source,W325,0.3,0.2,0.5,0.3025333224437014,0.2719610900955139,0.00010687601574292125,1,559
47,source,W334,0.3,0.3,0.4,0.30369369274579905,0.26806220234572903,0.00010687601574292125,1,559
47,source,W343,0.3,0.4,0.3,0.28172487176683003,0.2505824143961882,0.00010687601574292125,1,559
47,source,W352,0.3,0.5,0.2,0.28172487176683003,0.2505824143961882,0.00010687601574292125,1,559
47,source,W361,0.3,0.6,0.1,0.28535952601000014,0.24860647148277648,0.00010687601574292125,1,559
47,source,W415,0.4,0.1,0.5,0.28856039572788655,0.25457853481469017,0.00010687601574292125,1,559
47,source,W424,0.4,0.2,0.4,0.292626150092054,0.24689327226892968,0.00010687601574292125,1,559
47,source,W433,0.4,0.3,0.3,0.3025333224437014,0.2719610900955139,0.00010687601574292125,1,559
47,source,W442,0.4,0.4,0.2,0.30369369274579905,0.26806220234572903,0.00010687601574292125,1,559
47,source,W451,0.4,0.5,0.1,0.30369369274579905,0.26806220234572903,0.00010687601574292125,1,559
47,source,W514,0.5,0.1,0.4,0.28856039572788655,0.25457853481469017,0.00010687601574292125,1,559
47,source,W523,0.5,0.2,0.3,0.28856039572788655,0.25457853481469017,0.00010687601574292125,1,559
47,source,W532,0.5,0.3,0.2,0.3025333224437014,0.2719610900955139,0.00010687601574292125,1,559
47,source,W541,0.5,0.4,0.1,0.301089853240244,0.26972766671165166,0.00010687601574292125,1,559
47,source,W613,0.6,0.1,0.3,0.28856039572788655,0.25457853481469017,0.00010687601574292125,1,559
47,source,W622,0.6,0.2,0.2,0.28856039572788655,0.25457853481469017,0.00010687601574292125,1,559
47,source,W631,0.6,0.3,0.1,0.292626150092054,0.24689327226892968,0.00010687601574292125,1,559
47,source,W712,0.7,0.1,0.2,0.28856039572788655,0.25457853481469017,0.00010687601574292125,1,559
47,source,W721,0.7,0.2,0.1,0.28856039572788655,0.25457853481469017,0.00010687601574292125,1,559
47,source,W811,0.8,0.1,0.1,0.28856039572788655,0.25457853481469017,0.00010687601574292125,1,559
47,source,Full,0.3333333333333333,0.3333333333333333,0.3333333333333333,0.30369369274579905,0.26806220234572903,0.00010687601574292125,1,559
47,source,No_point,0.0,0.5,0.5,0.27891414105454065,0.27318312411196366,0.00010687601574292125,1,559
47,source,No_contrast,0.5,0.0,0.5,0.2854292386094025,0.24914963263902268,0.00010687601574292125,1,559
47,source,No_loss,0.5,0.5,0.0,0.30369369274579905,0.26806220234572903,0.00010687601574292125,1,559
