seed,track,fold,rule,id,method
11,exact,0,W118,XGBoost_2,XGBoost
11,exact,0,W127,XGBoost_2,XGBoost
11,exact,0,W136,XGBoost_2,XGBoost
11,exact,0,W145,XGBoost_2,XGBoost
11,exact,0,W154,XGBoost_2,XGBoost
11,exact,0,W163,XGBoost_2,XGBoost
11,exact,0,W172,XGBoost_2,XGBoost
11,exact,0,W181,XGBoost_2,XGBoost
11,exact,0,W217,XGBoost_2,XGBoost
11,exact,0,W226,XGBoost_2,XGBoost
11,exact,0,W235,XGBoost_2,XGBoost
11,exact,0,W244,XGBoost_2,XGBoost
11,exact,0,W253,XGBoost_2,XGBoost
11,exact,0,W262,XGBoost_2,XGBoost
11,exact,0,W271,XGBoost_2,XGBoost
11,exact,0,W316,XGBoost_2,XGBoost
11,exact,0,W325,XGBoost_2,XGBoost
11,exact,0,W334,XGBoost_2,XGBoost
11,exact,0,W343,XGBoost_2,XGBoost
11,exact,0,W352,XGBoost_2,XGBoost
11,exact,0,W361,XGBoost_2,XGBoost
11,exact,0,W415,XGBoost_2,XGBoost
11,exact,0,W424,XGBoost_2,XGBoost
11,exact,0,W433,XGBoost_2,XGBoost
11,exact,0,W442,XGBoost_2,XGBoost
11,exact,0,W451,XGBoost_2,XGBoost
11,exact,0,W514,XGBoost_2,XGBoost
11,exact,0,W523,XGBoost_2,XGBoost
11,exact,0,W532,XGBoost_2,XGBoost
11,exact,0,W541,XGBoost_2,XGBoost
11,exact,0,W613,XGBoost_2,XGBoost
11,exact,0,W622,XGBoost_2,XGBoost
11,exact,0,W631,XGBoost_2,XGBoost
11,exact,0,W712,XGBoost_2,XGBoost
11,exact,0,W721,XGBoost_2,XGBoost
11,exact,0,W811,XGBoost_2,XGBoost
11,exact,0,Full,XGBoost_2,XGBoost
11,exact,0,No_point,XGBoost_2,XGBoost
11,exact,0,No_contrast,XGBoost_2,XGBoost
11,exact,0,No_loss,XGBoost_2,XGBoost
11,exact,1,W118,CatBoost_2,CatBoost
11,exact,1,W127,CatBoost_2,CatBoost
11,exact,1,W136,CatBoost_2,CatBoost
11,exact,1,W145,HistGradientBoosting_2,HistGradientBoosting
11,exact,1,W154,HistGradientBoosting_2,HistGradientBoosting
11,exact,1,W163,HistGradientBoosting_2,HistGradientBoosting
11,exact,1,W172,HistGradientBoosting_2,HistGradientBoosting
11,exact,1,W181,HistGradientBoosting_2,HistGradientBoosting
11,exact,1,W217,CatBoost_2,CatBoost
11,exact,1,W226,CatBoost_2,CatBoost
11,exact,1,W235,HistGradientBoosting_2,HistGradientBoosting
11,exact,1,W244,HistGradientBoosting_2,HistGradientBoosting
11,exact,1,W253,HistGradientBoosting_2,HistGradientBoosting
11,exact,1,W262,HistGradientBoosting_2,HistGradientBoosting
11,exact,1,W271,HistGradientBoosting_2,HistGradientBoosting
11,exact,1,W316,CatBoost_2,CatBoost
11,exact,1,W325,CatBoost_2,CatBoost
11,exact,1,W334,HistGradientBoosting_2,HistGradientBoosting
11,exact,1,W343,HistGradientBoosting_2,HistGradientBoosting
11,exact,1,W352,HistGradientBoosting_2,HistGradientBoosting
11,exact,1,W361,HistGradientBoosting_2,HistGradientBoosting
11,exact,1,W415,CatBoost_2,CatBoost
11,exact,1,W424,HistGradientBoosting_2,HistGradientBoosting
11,exact,1,W433,HistGradientBoosting_2,HistGradientBoosting
11,exact,1,W442,HistGradientBoosting_2,HistGradientBoosting
11,exact,1,W451,HistGradientBoosting_2,HistGradientBoosting
11,exact,1,W514,HistGradientBoosting_2,HistGradientBoosting
11,exact,1,W523,HistGradientBoosting_2,HistGradientBoosting
11,exact,1,W532,HistGradientBoosting_2,HistGradientBoosting
11,exact,1,W541,HistGradientBoosting_2,HistGradientBoosting
11,exact,1,W613,HistGradientBoosting_2,HistGradientBoosting
11,exact,1,W622,HistGradientBoosting_2,HistGradientBoosting
11,exact,1,W631,LightGBM_2,LightGBM
11,exact,1,W712,LightGBM_2,LightGBM
11,exact,1,W721,LightGBM_2,LightGBM
11,exact,1,W811,LightGBM_2,LightGBM
11,exact,1,Full,HistGradientBoosting_2,HistGradientBoosting
11,exact,1,No_point,HistGradientBoosting_2,HistGradientBoosting
11,exact,1,No_contrast,CatBoost_2,CatBoost
11,exact,1,No_loss,HistGradientBoosting_2,HistGradientBoosting
11,exact,2,W118,CatBoost_2,CatBoost
11,exact,2,W127,CatBoost_2,CatBoost
11,exact,2,W136,CatBoost_2,CatBoost
11,exact,2,W145,CatBoost_2,CatBoost
11,exact,2,W154,CatBoost_2,CatBoost
11,exact,2,W163,CatBoost_2,CatBoost
11,exact,2,W172,CatBoost_2,CatBoost
11,exact,2,W181,XGBoost_2,XGBoost
11,exact,2,W217,CatBoost_2,CatBoost
11,exact,2,W226,CatBoost_2,CatBoost
11,exact,2,W235,CatBoost_2,CatBoost
11,exact,2,W244,CatBoost_2,CatBoost
11,exact,2,W253,CatBoost_2,CatBoost
11,exact,2,W262,CatBoost_2,CatBoost
11,exact,2,W271,CatBoost_2,CatBoost
11,exact,2,W316,CatBoost_2,CatBoost
11,exact,2,W325,CatBoost_2,CatBoost
11,exact,2,W334,CatBoost_2,CatBoost
11,exact,2,W343,CatBoost_2,CatBoost
11,exact,2,W352,CatBoost_2,CatBoost
11,exact,2,W361,CatBoost_2,CatBoost
11,exact,2,W415,CatBoost_2,CatBoost
11,exact,2,W424,CatBoost_2,CatBoost
11,exact,2,W433,CatBoost_2,CatBoost
11,exact,2,W442,CatBoost_2,CatBoost
11,exact,2,W451,CatBoost_2,CatBoost
11,exact,2,W514,CatBoost_2,CatBoost
11,exact,2,W523,CatBoost_2,CatBoost
11,exact,2,W532,CatBoost_2,CatBoost
11,exact,2,W541,CatBoost_2,CatBoost
11,exact,2,W613,CatBoost_2,CatBoost
11,exact,2,W622,CatBoost_2,CatBoost
11,exact,2,W631,CatBoost_2,CatBoost
11,exact,2,W712,CatBoost_2,CatBoost
11,exact,2,W721,CatBoost_2,CatBoost
11,exact,2,W811,CatBoost_2,CatBoost
11,exact,2,Full,CatBoost_2,CatBoost
11,exact,2,No_point,CatBoost_2,CatBoost
11,exact,2,No_contrast,CatBoost_2,CatBoost
11,exact,2,No_loss,XGBoost_2,XGBoost
11,exact,3,W118,SplineRidge_2,SplineRidge
11,exact,3,W127,XGBoost_2,XGBoost
11,exact,3,W136,XGBoost_2,XGBoost
11,exact,3,W145,XGBoost_2,XGBoost
11,exact,3,W154,XGBoost_2,XGBoost
11,exact,3,W163,XGBoost_2,XGBoost
11,exact,3,W172,XGBoost_2,XGBoost
11,exact,3,W181,XGBoost_2,XGBoost
11,exact,3,W217,XGBoost_2,XGBoost
11,exact,3,W226,XGBoost_2,XGBoost
11,exact,3,W235,XGBoost_2,XGBoost
11,exact,3,W244,XGBoost_2,XGBoost
11,exact,3,W253,XGBoost_2,XGBoost
11,exact,3,W262,XGBoost_2,XGBoost
11,exact,3,W271,XGBoost_2,XGBoost
11,exact,3,W316,XGBoost_2,XGBoost
11,exact,3,W325,XGBoost_2,XGBoost
11,exact,3,W334,XGBoost_2,XGBoost
11,exact,3,W343,XGBoost_2,XGBoost
11,exact,3,W352,XGBoost_2,XGBoost
11,exact,3,W361,XGBoost_2,XGBoost
11,exact,3,W415,XGBoost_2,XGBoost
11,exact,3,W424,XGBoost_2,XGBoost
11,exact,3,W433,XGBoost_2,XGBoost
11,exact,3,W442,XGBoost_2,XGBoost
11,exact,3,W451,XGBoost_2,XGBoost
11,exact,3,W514,XGBoost_2,XGBoost
11,exact,3,W523,XGBoost_2,XGBoost
11,exact,3,W532,XGBoost_2,XGBoost
11,exact,3,W541,XGBoost_2,XGBoost
11,exact,3,W613,XGBoost_2,XGBoost
11,exact,3,W622,XGBoost_2,XGBoost
11,exact,3,W631,XGBoost_2,XGBoost
11,exact,3,W712,XGBoost_2,XGBoost
11,exact,3,W721,XGBoost_2,XGBoost
11,exact,3,W811,XGBoost_2,XGBoost
11,exact,3,Full,XGBoost_2,XGBoost
11,exact,3,No_point,XGBoost_2,XGBoost
11,exact,3,No_contrast,XGBoost_2,XGBoost
11,exact,3,No_loss,XGBoost_2,XGBoost
11,exact,4,W118,ExtraTrees_2,ExtraTrees
11,exact,4,W127,ExtraTrees_2,ExtraTrees
11,exact,4,W136,ExtraTrees_2,ExtraTrees
11,exact,4,W145,XGBoost_2,XGBoost
11,exact,4,W154,XGBoost_2,XGBoost
11,exact,4,W163,XGBoost_2,XGBoost
11,exact,4,W172,XGBoost_2,XGBoost
11,exact,4,W181,HistGradientBoosting_2,HistGradientBoosting
11,exact,4,W217,ExtraTrees_2,ExtraTrees
11,exact,4,W226,ExtraTrees_2,ExtraTrees
11,exact,4,W235,XGBoost_2,XGBoost
11,exact,4,W244,XGBoost_2,XGBoost
11,exact,4,W253,XGBoost_2,XGBoost
11,exact,4,W262,XGBoost_2,XGBoost
11,exact,4,W271,XGBoost_2,XGBoost
11,exact,4,W316,ExtraTrees_2,ExtraTrees
11,exact,4,W325,ExtraTrees_2,ExtraTrees
11,exact,4,W334,XGBoost_2,XGBoost
11,exact,4,W343,XGBoost_2,XGBoost
11,exact,4,W352,XGBoost_2,XGBoost
11,exact,4,W361,XGBoost_2,XGBoost
11,exact,4,W415,ExtraTrees_2,ExtraTrees
11,exact,4,W424,XGBoost_2,XGBoost
11,exact,4,W433,XGBoost_2,XGBoost
11,exact,4,W442,XGBoost_2,XGBoost
11,exact,4,W451,XGBoost_2,XGBoost
11,exact,4,W514,ExtraTrees_2,ExtraTrees
11,exact,4,W523,XGBoost_2,XGBoost
11,exact,4,W532,XGBoost_2,XGBoost
11,exact,4,W541,XGBoost_2,XGBoost
11,exact,4,W613,XGBoost_2,XGBoost
11,exact,4,W622,XGBoost_2,XGBoost
11,exact,4,W631,XGBoost_2,XGBoost
11,exact,4,W712,XGBoost_2,XGBoost
11,exact,4,W721,XGBoost_2,XGBoost
11,exact,4,W811,XGBoost_2,XGBoost
11,exact,4,Full,XGBoost_2,XGBoost
11,exact,4,No_point,XGBoost_2,XGBoost
11,exact,4,No_contrast,ExtraTrees_2,ExtraTrees
11,exact,4,No_loss,LightGBM_2,LightGBM
11,broad,0,W118,RandomForest_2,RandomForest
11,broad,0,W127,RandomForest_2,RandomForest
11,broad,0,W136,RandomForest_2,RandomForest
11,broad,0,W145,RandomForest_2,RandomForest
11,broad,0,W154,RandomForest_2,RandomForest
11,broad,0,W163,RandomForest_2,RandomForest
11,broad,0,W172,RandomForest_2,RandomForest
11,broad,0,W181,CatBoost_2,CatBoost
11,broad,0,W217,RandomForest_2,RandomForest
11,broad,0,W226,RandomForest_2,RandomForest
11,broad,0,W235,RandomForest_2,RandomForest
11,broad,0,W244,RandomForest_2,RandomForest
11,broad,0,W253,RandomForest_2,RandomForest
11,broad,0,W262,CatBoost_2,CatBoost
11,broad,0,W271,CatBoost_2,CatBoost
11,broad,0,W316,RandomForest_2,RandomForest
11,broad,0,W325,RandomForest_2,RandomForest
11,broad,0,W334,RandomForest_2,RandomForest
11,broad,0,W343,RandomForest_2,RandomForest
11,broad,0,W352,CatBoost_2,CatBoost
11,broad,0,W361,CatBoost_2,CatBoost
11,broad,0,W415,RandomForest_2,RandomForest
11,broad,0,W424,RandomForest_2,RandomForest
11,broad,0,W433,CatBoost_2,CatBoost
11,broad,0,W442,CatBoost_2,CatBoost
11,broad,0,W451,CatBoost_2,CatBoost
11,broad,0,W514,CatBoost_2,CatBoost
11,broad,0,W523,CatBoost_2,CatBoost
11,broad,0,W532,CatBoost_2,CatBoost
11,broad,0,W541,CatBoost_2,CatBoost
11,broad,0,W613,CatBoost_2,CatBoost
11,broad,0,W622,CatBoost_2,CatBoost
11,broad,0,W631,CatBoost_2,CatBoost
11,broad,0,W712,CatBoost_2,CatBoost
11,broad,0,W721,CatBoost_2,CatBoost
11,broad,0,W811,CatBoost_2,CatBoost
11,broad,0,Full,RandomForest_2,RandomForest
11,broad,0,No_point,RandomForest_2,RandomForest
11,broad,0,No_contrast,RandomForest_2,RandomForest
11,broad,0,No_loss,XGBoost_2,XGBoost
11,broad,1,W118,KernelRidge_1,KernelRidge
11,broad,1,W127,KernelRidge_1,KernelRidge
11,broad,1,W136,KernelRidge_1,KernelRidge
11,broad,1,W145,KernelRidge_1,KernelRidge
11,broad,1,W154,KernelRidge_1,KernelRidge
11,broad,1,W163,KernelRidge_1,KernelRidge
11,broad,1,W172,KernelRidge_1,KernelRidge
11,broad,1,W181,KernelRidge_1,KernelRidge
11,broad,1,W217,SVR_1,SVR
11,broad,1,W226,KernelRidge_1,KernelRidge
11,broad,1,W235,KernelRidge_1,KernelRidge
11,broad,1,W244,KernelRidge_1,KernelRidge
11,broad,1,W253,KernelRidge_1,KernelRidge
11,broad,1,W262,KernelRidge_1,KernelRidge
11,broad,1,W271,KernelRidge_1,KernelRidge
11,broad,1,W316,PLS_1,PLS
11,broad,1,W325,SVR_1,SVR
11,broad,1,W334,KernelRidge_1,KernelRidge
11,broad,1,W343,KernelRidge_1,KernelRidge
11,broad,1,W352,KernelRidge_1,KernelRidge
11,broad,1,W361,KernelRidge_1,KernelRidge
11,broad,1,W415,PLS_1,PLS
11,broad,1,W424,SVR_1,SVR
11,broad,1,W433,SVR_1,SVR
11,broad,1,W442,KernelRidge_1,KernelRidge
11,broad,1,W451,KernelRidge_1,KernelRidge
11,broad,1,W514,PLS_1,PLS
11,broad,1,W523,SVR_1,SVR
11,broad,1,W532,SVR_1,SVR
11,broad,1,W541,SVR_1,SVR
11,broad,1,W613,PLS_1,PLS
11,broad,1,W622,PLS_1,PLS
11,broad,1,W631,SVR_1,SVR
11,broad,1,W712,PLS_1,PLS
11,broad,1,W721,PLS_1,PLS
11,broad,1,W811,PLS_1,PLS
11,broad,1,Full,KernelRidge_1,KernelRidge
11,broad,1,No_point,KernelRidge_1,KernelRidge
11,broad,1,No_contrast,PLS_1,PLS
11,broad,1,No_loss,KernelRidge_1,KernelRidge
11,broad,2,W118,SVR_1,SVR
11,broad,2,W127,SVR_1,SVR
11,broad,2,W136,SVR_1,SVR
11,broad,2,W145,SVR_1,SVR
11,broad,2,W154,SVR_1,SVR
11,broad,2,W163,SVR_1,SVR
11,broad,2,W172,SVR_1,SVR
11,broad,2,W181,SVR_1,SVR
11,broad,2,W217,SVR_1,SVR
11,broad,2,W226,SVR_1,SVR
11,broad,2,W235,SVR_1,SVR
11,broad,2,W244,SVR_1,SVR
11,broad,2,W253,SVR_1,SVR
11,broad,2,W262,SVR_1,SVR
11,broad,2,W271,SVR_1,SVR
11,broad,2,W316,SVR_1,SVR
11,broad,2,W325,SVR_1,SVR
11,broad,2,W334,SVR_1,SVR
11,broad,2,W343,SVR_1,SVR
11,broad,2,W352,SVR_1,SVR
11,broad,2,W361,SVR_1,SVR
11,broad,2,W415,SVR_1,SVR
11,broad,2,W424,SVR_1,SVR
11,broad,2,W433,SVR_1,SVR
11,broad,2,W442,SVR_1,SVR
11,broad,2,W451,SVR_1,SVR
11,broad,2,W514,SVR_1,SVR
11,broad,2,W523,SVR_1,SVR
11,broad,2,W532,SVR_1,SVR
11,broad,2,W541,SVR_1,SVR
11,broad,2,W613,SVR_1,SVR
11,broad,2,W622,SVR_1,SVR
11,broad,2,W631,SVR_1,SVR
11,broad,2,W712,SVR_1,SVR
11,broad,2,W721,SVR_1,SVR
11,broad,2,W811,SVR_1,SVR
11,broad,2,Full,SVR_1,SVR
11,broad,2,No_point,BayesianRidge_1,BayesianRidge
11,broad,2,No_contrast,SVR_1,SVR
11,broad,2,No_loss,SVR_1,SVR
11,broad,3,W118,XGBoost_1,XGBoost
11,broad,3,W127,XGBoost_1,XGBoost
11,broad,3,W136,XGBoost_1,XGBoost
11,broad,3,W145,XGBoost_1,XGBoost
11,broad,3,W154,SVR_2,SVR
11,broad,3,W163,SVR_2,SVR
11,broad,3,W172,SVR_2,SVR
11,broad,3,W181,SVR_2,SVR
11,broad,3,W217,XGBoost_1,XGBoost
11,broad,3,W226,XGBoost_1,XGBoost
11,broad,3,W235,XGBoost_1,XGBoost
11,broad,3,W244,XGBoost_1,XGBoost
11,broad,3,W253,XGBoost_1,XGBoost
11,broad,3,W262,XGBoost_1,XGBoost
11,broad,3,W271,XGBoost_1,XGBoost
11,broad,3,W316,XGBoost_1,XGBoost
11,broad,3,W325,XGBoost_1,XGBoost
11,broad,3,W334,XGBoost_1,XGBoost
11,broad,3,W343,XGBoost_1,XGBoost
11,broad,3,W352,XGBoost_1,XGBoost
11,broad,3,W361,XGBoost_1,XGBoost
11,broad,3,W415,XGBoost_1,XGBoost
11,broad,3,W424,XGBoost_1,XGBoost
11,broad,3,W433,XGBoost_1,XGBoost
11,broad,3,W442,XGBoost_1,XGBoost
11,broad,3,W451,XGBoost_1,XGBoost
11,broad,3,W514,XGBoost_1,XGBoost
11,broad,3,W523,XGBoost_1,XGBoost
11,broad,3,W532,XGBoost_1,XGBoost
11,broad,3,W541,XGBoost_1,XGBoost
11,broad,3,W613,XGBoost_1,XGBoost
11,broad,3,W622,XGBoost_1,XGBoost
11,broad,3,W631,XGBoost_1,XGBoost
11,broad,3,W712,XGBoost_1,XGBoost
11,broad,3,W721,XGBoost_1,XGBoost
11,broad,3,W811,XGBoost_1,XGBoost
11,broad,3,Full,XGBoost_1,XGBoost
11,broad,3,No_point,SVR_2,SVR
11,broad,3,No_contrast,XGBoost_1,XGBoost
11,broad,3,No_loss,XGBoost_1,XGBoost
11,broad,4,W118,GradientBoosting_2,GradientBoosting
11,broad,4,W127,GradientBoosting_2,GradientBoosting
11,broad,4,W136,GradientBoosting_2,GradientBoosting
11,broad,4,W145,GradientBoosting_2,GradientBoosting
11,broad,4,W154,GradientBoosting_2,GradientBoosting
11,broad,4,W163,GradientBoosting_2,GradientBoosting
11,broad,4,W172,GradientBoosting_2,GradientBoosting
11,broad,4,W181,GradientBoosting_2,GradientBoosting
11,broad,4,W217,CatBoost_2,CatBoost
11,broad,4,W226,GradientBoosting_2,GradientBoosting
11,broad,4,W235,GradientBoosting_2,GradientBoosting
11,broad,4,W244,GradientBoosting_2,GradientBoosting
11,broad,4,W253,GradientBoosting_2,GradientBoosting
11,broad,4,W262,GradientBoosting_2,GradientBoosting
11,broad,4,W271,GradientBoosting_2,GradientBoosting
11,broad,4,W316,CatBoost_2,CatBoost
11,broad,4,W325,CatBoost_2,CatBoost
11,broad,4,W334,GradientBoosting_2,GradientBoosting
11,broad,4,W343,GradientBoosting_2,GradientBoosting
11,broad,4,W352,GradientBoosting_2,GradientBoosting
11,broad,4,W361,GradientBoosting_2,GradientBoosting
11,broad,4,W415,CatBoost_2,CatBoost
11,broad,4,W424,CatBoost_2,CatBoost
11,broad,4,W433,CatBoost_2,CatBoost
11,broad,4,W442,GradientBoosting_2,GradientBoosting
11,broad,4,W451,GradientBoosting_2,GradientBoosting
11,broad,4,W514,CatBoost_2,CatBoost
11,broad,4,W523,CatBoost_2,CatBoost
11,broad,4,W532,CatBoost_2,CatBoost
11,broad,4,W541,CatBoost_2,CatBoost
11,broad,4,W613,CatBoost_2,CatBoost
11,broad,4,W622,CatBoost_2,CatBoost
11,broad,4,W631,CatBoost_2,CatBoost
11,broad,4,W712,CatBoost_2,CatBoost
11,broad,4,W721,CatBoost_2,CatBoost
11,broad,4,W811,CatBoost_2,CatBoost
11,broad,4,Full,GradientBoosting_2,GradientBoosting
11,broad,4,No_point,GradientBoosting_2,GradientBoosting
11,broad,4,No_contrast,CatBoost_2,CatBoost
11,broad,4,No_loss,GradientBoosting_2,GradientBoosting
11,source,0,W118,PLS_2,PLS
11,source,0,W127,PLS_2,PLS
11,source,0,W136,PLS_2,PLS
11,source,0,W145,PCR_2,PCR
11,source,0,W154,PCR_2,PCR
11,source,0,W163,PCR_2,PCR
11,source,0,W172,PCR_2,PCR
11,source,0,W181,PCR_2,PCR
11,source,0,W217,PLS_2,PLS
11,source,0,W226,PLS_2,PLS
11,source,0,W235,PLS_2,PLS
11,source,0,W244,PLS_2,PLS
11,source,0,W253,PLS_2,PLS
11,source,0,W262,PLS_2,PLS
11,source,0,W271,PCR_2,PCR
11,source,0,W316,PLS_2,PLS
11,source,0,W325,PLS_2,PLS
11,source,0,W334,PLS_2,PLS
11,source,0,W343,PLS_2,PLS
11,source,0,W352,PLS_2,PLS
11,source,0,W361,PLS_2,PLS
11,source,0,W415,PLS_2,PLS
11,source,0,W424,PLS_2,PLS
11,source,0,W433,PLS_2,PLS
11,source,0,W442,PLS_2,PLS
11,source,0,W451,PLS_2,PLS
11,source,0,W514,PLS_2,PLS
11,source,0,W523,PLS_2,PLS
11,source,0,W532,PLS_2,PLS
11,source,0,W541,PLS_2,PLS
11,source,0,W613,PLS_2,PLS
11,source,0,W622,PLS_2,PLS
11,source,0,W631,PLS_2,PLS
11,source,0,W712,PLS_2,PLS
11,source,0,W721,PLS_2,PLS
11,source,0,W811,PLS_2,PLS
11,source,0,Full,PLS_2,PLS
11,source,0,No_point,PCR_2,PCR
11,source,0,No_contrast,PLS_2,PLS
11,source,0,No_loss,PLS_2,PLS
11,source,1,W118,SVR_1,SVR
11,source,1,W127,SVR_1,SVR
11,source,1,W136,KernelRidge_1,KernelRidge
11,source,1,W145,KernelRidge_1,KernelRidge
11,source,1,W154,KernelRidge_1,KernelRidge
11,source,1,W163,KernelRidge_1,KernelRidge
11,source,1,W172,KernelRidge_1,KernelRidge
11,source,1,W181,KernelRidge_1,KernelRidge
11,source,1,W217,SVR_1,SVR
11,source,1,W226,SVR_1,SVR
11,source,1,W235,SVR_1,SVR
11,source,1,W244,KernelRidge_1,KernelRidge
11,source,1,W253,KernelRidge_1,KernelRidge
11,source,1,W262,KernelRidge_1,KernelRidge
11,source,1,W271,KernelRidge_1,KernelRidge
11,source,1,W316,SVR_1,SVR
11,source,1,W325,SVR_1,SVR
11,source,1,W334,SVR_1,SVR
11,source,1,W343,SVR_1,SVR
11,source,1,W352,SVR_1,SVR
11,source,1,W361,KernelRidge_1,KernelRidge
11,source,1,W415,SVR_1,SVR
11,source,1,W424,SVR_1,SVR
11,source,1,W433,SVR_1,SVR
11,source,1,W442,SVR_1,SVR
11,source,1,W451,SVR_1,SVR
11,source,1,W514,SVR_1,SVR
11,source,1,W523,SVR_1,SVR
11,source,1,W532,SVR_1,SVR
11,source,1,W541,SVR_1,SVR
11,source,1,W613,SVR_1,SVR
11,source,1,W622,SVR_1,SVR
11,source,1,W631,SVR_1,SVR
11,source,1,W712,SVR_1,SVR
11,source,1,W721,SVR_1,SVR
11,source,1,W811,SVR_1,SVR
11,source,1,Full,SVR_1,SVR
11,source,1,No_point,KernelRidge_1,KernelRidge
11,source,1,No_contrast,SVR_1,SVR
11,source,1,No_loss,SVR_1,SVR
11,source,2,W118,SVR_1,SVR
11,source,2,W127,PLS_2,PLS
11,source,2,W136,PLS_2,PLS
11,source,2,W145,PLS_2,PLS
11,source,2,W154,PLS_2,PLS
11,source,2,W163,PLS_2,PLS
11,source,2,W172,PLS_2,PLS
11,source,2,W181,PLS_2,PLS
11,source,2,W217,SVR_1,SVR
11,source,2,W226,SVR_1,SVR
11,source,2,W235,PLS_2,PLS
11,source,2,W244,PLS_2,PLS
11,source,2,W253,PLS_2,PLS
11,source,2,W262,PLS_2,PLS
11,source,2,W271,PLS_2,PLS
11,source,2,W316,SVR_1,SVR
11,source,2,W325,SVR_1,SVR
11,source,2,W334,SVR_1,SVR
11,source,2,W343,PLS_2,PLS
11,source,2,W352,PLS_2,PLS
11,source,2,W361,PLS_2,PLS
11,source,2,W415,SVR_1,SVR
11,source,2,W424,SVR_1,SVR
11,source,2,W433,SVR_1,SVR
11,source,2,W442,SVR_1,SVR
11,source,2,W451,SVR_1,SVR
11,source,2,W514,SVR_1,SVR
11,source,2,W523,SVR_1,SVR
11,source,2,W532,SVR_1,SVR
11,source,2,W541,SVR_1,SVR
11,source,2,W613,SVR_1,SVR
11,source,2,W622,SVR_1,SVR
11,source,2,W631,SVR_1,SVR
11,source,2,W712,SVR_1,SVR
11,source,2,W721,SVR_1,SVR
11,source,2,W811,SVR_1,SVR
11,source,2,Full,SVR_1,SVR
11,source,2,No_point,PLS_2,PLS
11,source,2,No_contrast,SVR_1,SVR
11,source,2,No_loss,SVR_1,SVR
11,source,3,W118,PCR_2,PCR
11,source,3,W127,KernelRidge_1,KernelRidge
11,source,3,W136,KernelRidge_1,KernelRidge
11,source,3,W145,KernelRidge_1,KernelRidge
11,source,3,W154,KernelRidge_1,KernelRidge
11,source,3,W163,KernelRidge_1,KernelRidge
11,source,3,W172,KernelRidge_1,KernelRidge
11,source,3,W181,KernelRidge_1,KernelRidge
11,source,3,W217,PCR_2,PCR
11,source,3,W226,PCR_2,PCR
11,source,3,W235,KernelRidge_1,KernelRidge
11,source,3,W244,KernelRidge_1,KernelRidge
11,source,3,W253,KernelRidge_1,KernelRidge
11,source,3,W262,KernelRidge_1,KernelRidge
11,source,3,W271,KernelRidge_1,KernelRidge
11,source,3,W316,PCR_2,PCR
11,source,3,W325,PCR_2,PCR
11,source,3,W334,PCR_2,PCR
11,source,3,W343,KernelRidge_1,KernelRidge
11,source,3,W352,KernelRidge_1,KernelRidge
11,source,3,W361,KernelRidge_1,KernelRidge
11,source,3,W415,PCR_2,PCR
11,source,3,W424,PCR_2,PCR
11,source,3,W433,PCR_2,PCR
11,source,3,W442,PCR_2,PCR
11,source,3,W451,PCR_2,PCR
11,source,3,W514,PCR_2,PCR
11,source,3,W523,PCR_2,PCR
11,source,3,W532,PCR_2,PCR
11,source,3,W541,PCR_2,PCR
11,source,3,W613,PCR_2,PCR
11,source,3,W622,PCR_2,PCR
11,source,3,W631,PCR_2,PCR
11,source,3,W712,PCR_2,PCR
11,source,3,W721,PCR_2,PCR
11,source,3,W811,PCR_2,PCR
11,source,3,Full,PCR_2,PCR
11,source,3,No_point,KernelRidge_1,KernelRidge
11,source,3,No_contrast,PCR_2,PCR
11,source,3,No_loss,PCR_2,PCR
11,source,4,W118,PCR_2,PCR
11,source,4,W127,PCR_2,PCR
11,source,4,W136,PCR_2,PCR
11,source,4,W145,PCR_2,PCR
11,source,4,W154,KernelRidge_1,KernelRidge
11,source,4,W163,KernelRidge_1,KernelRidge
11,source,4,W172,KernelRidge_1,KernelRidge
11,source,4,W181,KernelRidge_1,KernelRidge
11,source,4,W217,PCR_2,PCR
11,source,4,W226,PCR_2,PCR
11,source,4,W235,PCR_2,PCR
11,source,4,W244,PCR_2,PCR
11,source,4,W253,PCR_2,PCR
11,source,4,W262,PCR_2,PCR
11,source,4,W271,PCR_2,PCR
11,source,4,W316,PCR_2,PCR
11,source,4,W325,PCR_2,PCR
11,source,4,W334,PCR_2,PCR
11,source,4,W343,PCR_2,PCR
11,source,4,W352,PCR_2,PCR
11,source,4,W361,PCR_2,PCR
11,source,4,W415,PCR_2,PCR
11,source,4,W424,PCR_2,PCR
11,source,4,W433,PCR_2,PCR
11,source,4,W442,PCR_2,PCR
11,source,4,W451,PCR_2,PCR
11,source,4,W514,PCR_2,PCR
11,source,4,W523,PCR_2,PCR
11,source,4,W532,PCR_2,PCR
11,source,4,W541,PCR_2,PCR
11,source,4,W613,PCR_2,PCR
11,source,4,W622,PCR_2,PCR
11,source,4,W631,PCR_2,PCR
11,source,4,W712,PCR_2,PCR
11,source,4,W721,PCR_2,PCR
11,source,4,W811,PCR_2,PCR
11,source,4,Full,PCR_2,PCR
11,source,4,No_point,KernelRidge_1,KernelRidge
11,source,4,No_contrast,SVR_1,SVR
11,source,4,No_loss,PCR_2,PCR
11,source,5,W118,PCR_2,PCR
11,source,5,W127,PCR_2,PCR
11,source,5,W136,PCR_2,PCR
11,source,5,W145,PCR_2,PCR
11,source,5,W154,PCR_2,PCR
11,source,5,W163,PCR_2,PCR
11,source,5,W172,PCR_2,PCR
11,source,5,W181,PCR_2,PCR
11,source,5,W217,SVR_1,SVR
11,source,5,W226,PCR_2,PCR
11,source,5,W235,PCR_2,PCR
11,source,5,W244,PCR_2,PCR
11,source,5,W253,PCR_2,PCR
11,source,5,W262,PCR_2,PCR
11,source,5,W271,PCR_2,PCR
11,source,5,W316,SVR_1,SVR
11,source,5,W325,PLS_2,PLS
11,source,5,W334,PCR_2,PCR
11,source,5,W343,PCR_2,PCR
11,source,5,W352,PCR_2,PCR
11,source,5,W361,PCR_2,PCR
11,source,5,W415,SVR_1,SVR
11,source,5,W424,SVR_1,SVR
11,source,5,W433,PLS_2,PLS
11,source,5,W442,PCR_2,PCR
11,source,5,W451,PCR_2,PCR
11,source,5,W514,SVR_1,SVR
11,source,5,W523,SVR_1,SVR
11,source,5,W532,PLS_2,PLS
11,source,5,W541,ElasticNet_2,ElasticNet
11,source,5,W613,SVR_1,SVR
11,source,5,W622,SVR_1,SVR
11,source,5,W631,SVR_1,SVR
11,source,5,W712,SVR_1,SVR
11,source,5,W721,SVR_1,SVR
11,source,5,W811,SVR_1,SVR
11,source,5,Full,PCR_2,PCR
11,source,5,No_point,PCR_2,PCR
11,source,5,No_contrast,SVR_1,SVR
11,source,5,No_loss,PCR_2,PCR
11,source,6,W118,KernelRidge_1,KernelRidge
11,source,6,W127,KernelRidge_1,KernelRidge
11,source,6,W136,KernelRidge_1,KernelRidge
11,source,6,W145,KernelRidge_1,KernelRidge
11,source,6,W154,KernelRidge_1,KernelRidge
11,source,6,W163,KernelRidge_1,KernelRidge
11,source,6,W172,KernelRidge_1,KernelRidge
11,source,6,W181,KernelRidge_1,KernelRidge
11,source,6,W217,KernelRidge_1,KernelRidge
11,source,6,W226,KernelRidge_1,KernelRidge
11,source,6,W235,KernelRidge_1,KernelRidge
11,source,6,W244,KernelRidge_1,KernelRidge
11,source,6,W253,KernelRidge_1,KernelRidge
11,source,6,W262,KernelRidge_1,KernelRidge
11,source,6,W271,KernelRidge_1,KernelRidge
11,source,6,W316,SVR_1,SVR
11,source,6,W325,KernelRidge_1,KernelRidge
11,source,6,W334,KernelRidge_1,KernelRidge
11,source,6,W343,KernelRidge_1,KernelRidge
11,source,6,W352,KernelRidge_1,KernelRidge
11,source,6,W361,KernelRidge_1,KernelRidge
11,source,6,W415,SVR_1,SVR
11,source,6,W424,KernelRidge_1,KernelRidge
11,source,6,W433,KernelRidge_1,KernelRidge
11,source,6,W442,KernelRidge_1,KernelRidge
11,source,6,W451,KernelRidge_1,KernelRidge
11,source,6,W514,SVR_1,SVR
11,source,6,W523,SVR_1,SVR
11,source,6,W532,KernelRidge_1,KernelRidge
11,source,6,W541,KernelRidge_1,KernelRidge
11,source,6,W613,SVR_1,SVR
11,source,6,W622,SVR_1,SVR
11,source,6,W631,KernelRidge_1,KernelRidge
11,source,6,W712,SVR_1,SVR
11,source,6,W721,SVR_1,SVR
11,source,6,W811,SVR_1,SVR
11,source,6,Full,KernelRidge_1,KernelRidge
11,source,6,No_point,KernelRidge_1,KernelRidge
11,source,6,No_contrast,SVR_1,SVR
11,source,6,No_loss,KernelRidge_1,KernelRidge
23,exact,0,W118,CatBoost_2,CatBoost
23,exact,0,W127,LightGBM_2,LightGBM
23,exact,0,W136,LightGBM_2,LightGBM
23,exact,0,W145,LightGBM_2,LightGBM
23,exact,0,W154,LightGBM_2,LightGBM
23,exact,0,W163,LightGBM_2,LightGBM
23,exact,0,W172,XGBoost_2,XGBoost
23,exact,0,W181,XGBoost_2,XGBoost
23,exact,0,W217,CatBoost_2,CatBoost
23,exact,0,W226,LightGBM_2,LightGBM
23,exact,0,W235,LightGBM_2,LightGBM
23,exact,0,W244,LightGBM_2,LightGBM
23,exact,0,W253,LightGBM_2,LightGBM
23,exact,0,W262,LightGBM_2,LightGBM
23,exact,0,W271,XGBoost_2,XGBoost
23,exact,0,W316,CatBoost_2,CatBoost
23,exact,0,W325,LightGBM_2,LightGBM
23,exact,0,W334,LightGBM_2,LightGBM
23,exact,0,W343,LightGBM_2,LightGBM
23,exact,0,W352,LightGBM_2,LightGBM
23,exact,0,W361,XGBoost_2,XGBoost
23,exact,0,W415,CatBoost_2,CatBoost
23,exact,0,W424,LightGBM_2,LightGBM
23,exact,0,W433,LightGBM_2,LightGBM
23,exact,0,W442,LightGBM_2,LightGBM
23,exact,0,W451,XGBoost_2,XGBoost
23,exact,0,W514,LightGBM_2,LightGBM
23,exact,0,W523,LightGBM_2,LightGBM
23,exact,0,W532,LightGBM_2,LightGBM
23,exact,0,W541,XGBoost_2,XGBoost
23,exact,0,W613,LightGBM_2,LightGBM
23,exact,0,W622,LightGBM_2,LightGBM
23,exact,0,W631,XGBoost_2,XGBoost
23,exact,0,W712,LightGBM_2,LightGBM
23,exact,0,W721,LightGBM_2,LightGBM
23,exact,0,W811,LightGBM_2,LightGBM
23,exact,0,Full,LightGBM_2,LightGBM
23,exact,0,No_point,LightGBM_2,LightGBM
23,exact,0,No_contrast,CatBoost_2,CatBoost
23,exact,0,No_loss,XGBoost_2,XGBoost
23,exact,1,W118,CatBoost_2,CatBoost
23,exact,1,W127,CatBoost_2,CatBoost
23,exact,1,W136,CatBoost_2,CatBoost
23,exact,1,W145,CatBoost_2,CatBoost
23,exact,1,W154,CatBoost_2,CatBoost
23,exact,1,W163,XGBoost_2,XGBoost
23,exact,1,W172,XGBoost_2,XGBoost
23,exact,1,W181,XGBoost_2,XGBoost
23,exact,1,W217,CatBoost_2,CatBoost
23,exact,1,W226,CatBoost_2,CatBoost
23,exact,1,W235,CatBoost_2,CatBoost
23,exact,1,W244,CatBoost_2,CatBoost
23,exact,1,W253,XGBoost_2,XGBoost
23,exact,1,W262,XGBoost_2,XGBoost
23,exact,1,W271,XGBoost_2,XGBoost
23,exact,1,W316,CatBoost_2,CatBoost
23,exact,1,W325,CatBoost_2,CatBoost
23,exact,1,W334,CatBoost_2,CatBoost
23,exact,1,W343,CatBoost_2,CatBoost
23,exact,1,W352,XGBoost_2,XGBoost
23,exact,1,W361,XGBoost_2,XGBoost
23,exact,1,W415,CatBoost_2,CatBoost
23,exact,1,W424,CatBoost_2,CatBoost
23,exact,1,W433,CatBoost_2,CatBoost
23,exact,1,W442,XGBoost_2,XGBoost
23,exact,1,W451,XGBoost_2,XGBoost
23,exact,1,W514,CatBoost_2,CatBoost
23,exact,1,W523,CatBoost_2,CatBoost
23,exact,1,W532,XGBoost_2,XGBoost
23,exact,1,W541,XGBoost_2,XGBoost
23,exact,1,W613,CatBoost_2,CatBoost
23,exact,1,W622,CatBoost_2,CatBoost
23,exact,1,W631,XGBoost_2,XGBoost
23,exact,1,W712,CatBoost_2,CatBoost
23,exact,1,W721,XGBoost_2,XGBoost
23,exact,1,W811,XGBoost_2,XGBoost
23,exact,1,Full,CatBoost_2,CatBoost
23,exact,1,No_point,CatBoost_2,CatBoost
23,exact,1,No_contrast,CatBoost_2,CatBoost
23,exact,1,No_loss,XGBoost_2,XGBoost
23,exact,2,W118,XGBoost_2,XGBoost
23,exact,2,W127,XGBoost_2,XGBoost
23,exact,2,W136,XGBoost_2,XGBoost
23,exact,2,W145,XGBoost_2,XGBoost
23,exact,2,W154,XGBoost_2,XGBoost
23,exact,2,W163,XGBoost_2,XGBoost
23,exact,2,W172,XGBoost_2,XGBoost
23,exact,2,W181,XGBoost_2,XGBoost
23,exact,2,W217,XGBoost_2,XGBoost
23,exact,2,W226,XGBoost_2,XGBoost
23,exact,2,W235,XGBoost_2,XGBoost
23,exact,2,W244,XGBoost_2,XGBoost
23,exact,2,W253,XGBoost_2,XGBoost
23,exact,2,W262,XGBoost_2,XGBoost
23,exact,2,W271,XGBoost_2,XGBoost
23,exact,2,W316,XGBoost_2,XGBoost
23,exact,2,W325,XGBoost_2,XGBoost
23,exact,2,W334,XGBoost_2,XGBoost
23,exact,2,W343,XGBoost_2,XGBoost
23,exact,2,W352,XGBoost_2,XGBoost
23,exact,2,W361,XGBoost_2,XGBoost
23,exact,2,W415,XGBoost_2,XGBoost
23,exact,2,W424,XGBoost_2,XGBoost
23,exact,2,W433,XGBoost_2,XGBoost
23,exact,2,W442,XGBoost_2,XGBoost
23,exact,2,W451,XGBoost_2,XGBoost
23,exact,2,W514,XGBoost_2,XGBoost
23,exact,2,W523,XGBoost_2,XGBoost
23,exact,2,W532,XGBoost_2,XGBoost
23,exact,2,W541,XGBoost_2,XGBoost
23,exact,2,W613,XGBoost_2,XGBoost
23,exact,2,W622,XGBoost_2,XGBoost
23,exact,2,W631,XGBoost_2,XGBoost
23,exact,2,W712,XGBoost_2,XGBoost
23,exact,2,W721,XGBoost_2,XGBoost
23,exact,2,W811,ExtraTrees_2,ExtraTrees
23,exact,2,Full,XGBoost_2,XGBoost
23,exact,2,No_point,XGBoost_2,XGBoost
23,exact,2,No_contrast,XGBoost_2,XGBoost
23,exact,2,No_loss,XGBoost_2,XGBoost
23,exact,3,W118,XGBoost_2,XGBoost
23,exact,3,W127,XGBoost_2,XGBoost
23,exact,3,W136,XGBoost_2,XGBoost
23,exact,3,W145,XGBoost_2,XGBoost
23,exact,3,W154,XGBoost_2,XGBoost
23,exact,3,W163,XGBoost_2,XGBoost
23,exact,3,W172,XGBoost_2,XGBoost
23,exact,3,W181,XGBoost_2,XGBoost
23,exact,3,W217,XGBoost_2,XGBoost
23,exact,3,W226,XGBoost_2,XGBoost
23,exact,3,W235,XGBoost_2,XGBoost
23,exact,3,W244,XGBoost_2,XGBoost
23,exact,3,W253,XGBoost_2,XGBoost
23,exact,3,W262,XGBoost_2,XGBoost
23,exact,3,W271,XGBoost_2,XGBoost
23,exact,3,W316,XGBoost_2,XGBoost
23,exact,3,W325,XGBoost_2,XGBoost
23,exact,3,W334,XGBoost_2,XGBoost
23,exact,3,W343,XGBoost_2,XGBoost
23,exact,3,W352,XGBoost_2,XGBoost
23,exact,3,W361,XGBoost_2,XGBoost
23,exact,3,W415,XGBoost_2,XGBoost
23,exact,3,W424,XGBoost_2,XGBoost
23,exact,3,W433,XGBoost_2,XGBoost
23,exact,3,W442,XGBoost_2,XGBoost
23,exact,3,W451,XGBoost_2,XGBoost
23,exact,3,W514,XGBoost_2,XGBoost
23,exact,3,W523,XGBoost_2,XGBoost
23,exact,3,W532,XGBoost_2,XGBoost
23,exact,3,W541,XGBoost_2,XGBoost
23,exact,3,W613,XGBoost_2,XGBoost
23,exact,3,W622,XGBoost_2,XGBoost
23,exact,3,W631,XGBoost_2,XGBoost
23,exact,3,W712,XGBoost_2,XGBoost
23,exact,3,W721,XGBoost_2,XGBoost
23,exact,3,W811,XGBoost_2,XGBoost
23,exact,3,Full,XGBoost_2,XGBoost
23,exact,3,No_point,XGBoost_2,XGBoost
23,exact,3,No_contrast,XGBoost_2,XGBoost
23,exact,3,No_loss,XGBoost_2,XGBoost
23,exact,4,W118,CatBoost_2,CatBoost
23,exact,4,W127,GradientBoosting_2,GradientBoosting
23,exact,4,W136,HistGradientBoosting_1,HistGradientBoosting
23,exact,4,W145,HistGradientBoosting_1,HistGradientBoosting
23,exact,4,W154,HistGradientBoosting_1,HistGradientBoosting
23,exact,4,W163,HistGradientBoosting_1,HistGradientBoosting
23,exact,4,W172,HistGradientBoosting_1,HistGradientBoosting
23,exact,4,W181,XGBoost_2,XGBoost
23,exact,4,W217,CatBoost_2,CatBoost
23,exact,4,W226,GradientBoosting_2,GradientBoosting
23,exact,4,W235,HistGradientBoosting_1,HistGradientBoosting
23,exact,4,W244,HistGradientBoosting_1,HistGradientBoosting
23,exact,4,W253,HistGradientBoosting_1,HistGradientBoosting
23,exact,4,W262,HistGradientBoosting_1,HistGradientBoosting
23,exact,4,W271,HistGradientBoosting_1,HistGradientBoosting
23,exact,4,W316,CatBoost_2,CatBoost
23,exact,4,W325,HistGradientBoosting_1,HistGradientBoosting
23,exact,4,W334,HistGradientBoosting_1,HistGradientBoosting
23,exact,4,W343,HistGradientBoosting_1,HistGradientBoosting
23,exact,4,W352,HistGradientBoosting_1,HistGradientBoosting
23,exact,4,W361,HistGradientBoosting_1,HistGradientBoosting
23,exact,4,W415,CatBoost_2,CatBoost
23,exact,4,W424,HistGradientBoosting_1,HistGradientBoosting
23,exact,4,W433,HistGradientBoosting_1,HistGradientBoosting
23,exact,4,W442,HistGradientBoosting_1,HistGradientBoosting
23,exact,4,W451,HistGradientBoosting_1,HistGradientBoosting
23,exact,4,W514,CatBoost_2,CatBoost
23,exact,4,W523,HistGradientBoosting_1,HistGradientBoosting
23,exact,4,W532,HistGradientBoosting_1,HistGradientBoosting
23,exact,4,W541,HistGradientBoosting_1,HistGradientBoosting
23,exact,4,W613,CatBoost_2,CatBoost
23,exact,4,W622,HistGradientBoosting_1,HistGradientBoosting
23,exact,4,W631,HistGradientBoosting_1,HistGradientBoosting
23,exact,4,W712,CatBoost_2,CatBoost
23,exact,4,W721,HistGradientBoosting_1,HistGradientBoosting
23,exact,4,W811,CatBoost_2,CatBoost
23,exact,4,Full,HistGradientBoosting_1,HistGradientBoosting
23,exact,4,No_point,HistGradientBoosting_1,HistGradientBoosting
23,exact,4,No_contrast,CatBoost_2,CatBoost
23,exact,4,No_loss,XGBoost_2,XGBoost
23,broad,0,W118,SVR_2,SVR
23,broad,0,W127,SVR_2,SVR
23,broad,0,W136,SVR_2,SVR
23,broad,0,W145,SVR_2,SVR
23,broad,0,W154,SVR_2,SVR
23,broad,0,W163,SVR_2,SVR
23,broad,0,W172,SVR_2,SVR
23,broad,0,W181,SVR_2,SVR
23,broad,0,W217,SVR_2,SVR
23,broad,0,W226,SVR_2,SVR
23,broad,0,W235,SVR_2,SVR
23,broad,0,W244,SVR_2,SVR
23,broad,0,W253,SVR_2,SVR
23,broad,0,W262,SVR_2,SVR
23,broad,0,W271,SVR_2,SVR
23,broad,0,W316,ExtraTrees_1,ExtraTrees
23,broad,0,W325,SVR_2,SVR
23,broad,0,W334,SVR_2,SVR
23,broad,0,W343,SVR_2,SVR
23,broad,0,W352,SVR_2,SVR
23,broad,0,W361,SVR_2,SVR
23,broad,0,W415,ExtraTrees_1,ExtraTrees
23,broad,0,W424,SVR_2,SVR
23,broad,0,W433,SVR_2,SVR
23,broad,0,W442,SVR_2,SVR
23,broad,0,W451,SVR_2,SVR
23,broad,0,W514,ExtraTrees_1,ExtraTrees
23,broad,0,W523,SVR_2,SVR
23,broad,0,W532,SVR_2,SVR
23,broad,0,W541,SVR_2,SVR
23,broad,0,W613,ExtraTrees_1,ExtraTrees
23,broad,0,W622,ExtraTrees_1,ExtraTrees
23,broad,0,W631,SVR_2,SVR
23,broad,0,W712,ExtraTrees_1,ExtraTrees
23,broad,0,W721,ExtraTrees_1,ExtraTrees
23,broad,0,W811,ExtraTrees_1,ExtraTrees
23,broad,0,Full,SVR_2,SVR
23,broad,0,No_point,SVR_2,SVR
23,broad,0,No_contrast,ExtraTrees_1,ExtraTrees
23,broad,0,No_loss,SVR_2,SVR
23,broad,1,W118,PLS_1,PLS
23,broad,1,W127,PLS_1,PLS
23,broad,1,W136,Ridge_2,Ridge
23,broad,1,W145,Ridge_2,Ridge
23,broad,1,W154,Ridge_2,Ridge
23,broad,1,W163,Ridge_2,Ridge
23,broad,1,W172,Ridge_2,Ridge
23,broad,1,W181,Ridge_2,Ridge
23,broad,1,W217,SVR_1,SVR
23,broad,1,W226,PLS_1,PLS
23,broad,1,W235,PLS_1,PLS
23,broad,1,W244,PLS_1,PLS
23,broad,1,W253,ElasticNet_2,ElasticNet
23,broad,1,W262,Ridge_2,Ridge
23,broad,1,W271,Ridge_2,Ridge
23,broad,1,W316,SVR_1,SVR
23,broad,1,W325,PLS_1,PLS
23,broad,1,W334,PLS_1,PLS
23,broad,1,W343,PLS_1,PLS
23,broad,1,W352,PLS_1,PLS
23,broad,1,W361,PLS_1,PLS
23,broad,1,W415,GradientBoosting_2,GradientBoosting
23,broad,1,W424,SVR_1,SVR
23,broad,1,W433,PLS_1,PLS
23,broad,1,W442,PLS_1,PLS
23,broad,1,W451,PLS_1,PLS
23,broad,1,W514,GradientBoosting_2,GradientBoosting
23,broad,1,W523,SVR_1,SVR
23,broad,1,W532,PLS_1,PLS
23,broad,1,W541,PLS_1,PLS
23,broad,1,W613,GradientBoosting_2,GradientBoosting
23,broad,1,W622,SVR_1,SVR
23,broad,1,W631,SVR_1,SVR
23,broad,1,W712,XGBoost_2,XGBoost
23,broad,1,W721,GradientBoosting_2,GradientBoosting
23,broad,1,W811,XGBoost_2,XGBoost
23,broad,1,Full,PLS_1,PLS
23,broad,1,No_point,Ridge_2,Ridge
23,broad,1,No_contrast,XGBoost_2,XGBoost
23,broad,1,No_loss,PLS_1,PLS
23,broad,2,W118,SVR_1,SVR
23,broad,2,W127,SVR_1,SVR
23,broad,2,W136,SVR_1,SVR
23,broad,2,W145,SVR_1,SVR
23,broad,2,W154,SVR_1,SVR
23,broad,2,W163,SVR_1,SVR
23,broad,2,W172,SVR_1,SVR
23,broad,2,W181,SVR_1,SVR
23,broad,2,W217,SVR_1,SVR
23,broad,2,W226,SVR_1,SVR
23,broad,2,W235,SVR_1,SVR
23,broad,2,W244,SVR_1,SVR
23,broad,2,W253,SVR_1,SVR
23,broad,2,W262,SVR_1,SVR
23,broad,2,W271,SVR_1,SVR
23,broad,2,W316,SVR_1,SVR
23,broad,2,W325,SVR_1,SVR
23,broad,2,W334,SVR_1,SVR
23,broad,2,W343,SVR_1,SVR
23,broad,2,W352,SVR_1,SVR
23,broad,2,W361,SVR_1,SVR
23,broad,2,W415,SVR_1,SVR
23,broad,2,W424,SVR_1,SVR
23,broad,2,W433,SVR_1,SVR
23,broad,2,W442,SVR_1,SVR
23,broad,2,W451,SVR_1,SVR
23,broad,2,W514,SVR_1,SVR
23,broad,2,W523,SVR_1,SVR
23,broad,2,W532,SVR_1,SVR
23,broad,2,W541,SVR_1,SVR
23,broad,2,W613,GradientBoosting_1,GradientBoosting
23,broad,2,W622,SVR_1,SVR
23,broad,2,W631,SVR_1,SVR
23,broad,2,W712,GradientBoosting_1,GradientBoosting
23,broad,2,W721,SVR_1,SVR
23,broad,2,W811,GradientBoosting_1,GradientBoosting
23,broad,2,Full,SVR_1,SVR
23,broad,2,No_point,Lasso_1,Lasso
23,broad,2,No_contrast,GradientBoosting_1,GradientBoosting
23,broad,2,No_loss,SVR_1,SVR
23,broad,3,W118,SVR_1,SVR
23,broad,3,W127,KernelRidge_1,KernelRidge
23,broad,3,W136,KernelRidge_1,KernelRidge
23,broad,3,W145,KernelRidge_1,KernelRidge
23,broad,3,W154,KernelRidge_1,KernelRidge
23,broad,3,W163,KernelRidge_1,KernelRidge
23,broad,3,W172,KernelRidge_1,KernelRidge
23,broad,3,W181,KernelRidge_1,KernelRidge
23,broad,3,W217,SVR_1,SVR
23,broad,3,W226,SVR_1,SVR
23,broad,3,W235,KernelRidge_1,KernelRidge
23,broad,3,W244,KernelRidge_1,KernelRidge
23,broad,3,W253,KernelRidge_1,KernelRidge
23,broad,3,W262,KernelRidge_1,KernelRidge
23,broad,3,W271,KernelRidge_1,KernelRidge
23,broad,3,W316,SVR_1,SVR
23,broad,3,W325,SVR_1,SVR
23,broad,3,W334,SVR_1,SVR
23,broad,3,W343,KernelRidge_1,KernelRidge
23,broad,3,W352,KernelRidge_1,KernelRidge
23,broad,3,W361,KernelRidge_1,KernelRidge
23,broad,3,W415,SVR_1,SVR
23,broad,3,W424,SVR_1,SVR
23,broad,3,W433,SVR_1,SVR
23,broad,3,W442,SVR_1,SVR
23,broad,3,W451,SVR_1,SVR
23,broad,3,W514,SVR_1,SVR
23,broad,3,W523,SVR_1,SVR
23,broad,3,W532,SVR_1,SVR
23,broad,3,W541,SVR_1,SVR
23,broad,3,W613,SVR_1,SVR
23,broad,3,W622,SVR_1,SVR
23,broad,3,W631,SVR_1,SVR
23,broad,3,W712,SVR_1,SVR
23,broad,3,W721,SVR_1,SVR
23,broad,3,W811,SVR_1,SVR
23,broad,3,Full,SVR_1,SVR
23,broad,3,No_point,OLS_1,OLS
23,broad,3,No_contrast,ExtraTrees_1,ExtraTrees
23,broad,3,No_loss,SVR_1,SVR
23,broad,4,W118,SVR_1,SVR
23,broad,4,W127,Ridge_2,Ridge
23,broad,4,W136,Ridge_2,Ridge
23,broad,4,W145,Ridge_2,Ridge
23,broad,4,W154,Ridge_2,Ridge
23,broad,4,W163,Ridge_2,Ridge
23,broad,4,W172,Ridge_2,Ridge
23,broad,4,W181,Ridge_2,Ridge
23,broad,4,W217,SVR_1,SVR
23,broad,4,W226,SVR_1,SVR
23,broad,4,W235,SVR_1,SVR
23,broad,4,W244,Ridge_2,Ridge
23,broad,4,W253,Ridge_2,Ridge
23,broad,4,W262,Ridge_2,Ridge
23,broad,4,W271,Ridge_2,Ridge
23,broad,4,W316,SVR_1,SVR
23,broad,4,W325,SVR_1,SVR
23,broad,4,W334,SVR_1,SVR
23,broad,4,W343,SVR_1,SVR
23,broad,4,W352,SVR_1,SVR
23,broad,4,W361,Ridge_2,Ridge
23,broad,4,W415,SVR_1,SVR
23,broad,4,W424,SVR_1,SVR
23,broad,4,W433,SVR_1,SVR
23,broad,4,W442,SVR_1,SVR
23,broad,4,W451,SVR_1,SVR
23,broad,4,W514,SVR_1,SVR
23,broad,4,W523,SVR_1,SVR
23,broad,4,W532,SVR_1,SVR
23,broad,4,W541,SVR_1,SVR
23,broad,4,W613,SVR_1,SVR
23,broad,4,W622,SVR_1,SVR
23,broad,4,W631,SVR_1,SVR
23,broad,4,W712,SVR_1,SVR
23,broad,4,W721,SVR_1,SVR
23,broad,4,W811,SVR_1,SVR
23,broad,4,Full,SVR_1,SVR
23,broad,4,No_point,ARD_1,ARD
23,broad,4,No_contrast,ExtraTrees_1,ExtraTrees
23,broad,4,No_loss,SVR_1,SVR
23,source,0,W118,PLS_2,PLS
23,source,0,W127,PLS_2,PLS
23,source,0,W136,PLS_2,PLS
23,source,0,W145,PCR_2,PCR
23,source,0,W154,PCR_2,PCR
23,source,0,W163,PCR_2,PCR
23,source,0,W172,PCR_2,PCR
23,source,0,W181,PCR_2,PCR
23,source,0,W217,PLS_2,PLS
23,source,0,W226,PLS_2,PLS
23,source,0,W235,PLS_2,PLS
23,source,0,W244,PLS_2,PLS
23,source,0,W253,PLS_2,PLS
23,source,0,W262,PLS_2,PLS
23,source,0,W271,PCR_2,PCR
23,source,0,W316,PLS_2,PLS
23,source,0,W325,PLS_2,PLS
23,source,0,W334,PLS_2,PLS
23,source,0,W343,PLS_2,PLS
23,source,0,W352,PLS_2,PLS
23,source,0,W361,PLS_2,PLS
23,source,0,W415,PLS_2,PLS
23,source,0,W424,PLS_2,PLS
23,source,0,W433,PLS_2,PLS
23,source,0,W442,PLS_2,PLS
23,source,0,W451,PLS_2,PLS
23,source,0,W514,PLS_2,PLS
23,source,0,W523,PLS_2,PLS
23,source,0,W532,PLS_2,PLS
23,source,0,W541,PLS_2,PLS
23,source,0,W613,PLS_2,PLS
23,source,0,W622,PLS_2,PLS
23,source,0,W631,PLS_2,PLS
23,source,0,W712,PLS_2,PLS
23,source,0,W721,PLS_2,PLS
23,source,0,W811,PLS_2,PLS
23,source,0,Full,PLS_2,PLS
23,source,0,No_point,PCR_2,PCR
23,source,0,No_contrast,PLS_2,PLS
23,source,0,No_loss,PLS_2,PLS
23,source,1,W118,SVR_1,SVR
23,source,1,W127,SVR_1,SVR
23,source,1,W136,KernelRidge_1,KernelRidge
23,source,1,W145,KernelRidge_1,KernelRidge
23,source,1,W154,KernelRidge_1,KernelRidge
23,source,1,W163,KernelRidge_1,KernelRidge
23,source,1,W172,KernelRidge_1,KernelRidge
23,source,1,W181,KernelRidge_1,KernelRidge
23,source,1,W217,SVR_1,SVR
23,source,1,W226,SVR_1,SVR
23,source,1,W235,SVR_1,SVR
23,source,1,W244,SVR_1,SVR
23,source,1,W253,KernelRidge_1,KernelRidge
23,source,1,W262,KernelRidge_1,KernelRidge
23,source,1,W271,KernelRidge_1,KernelRidge
23,source,1,W316,SVR_1,SVR
23,source,1,W325,SVR_1,SVR
23,source,1,W334,SVR_1,SVR
23,source,1,W343,SVR_1,SVR
23,source,1,W352,SVR_1,SVR
23,source,1,W361,SVR_1,SVR
23,source,1,W415,SVR_1,SVR
23,source,1,W424,SVR_1,SVR
23,source,1,W433,SVR_1,SVR
23,source,1,W442,SVR_1,SVR
23,source,1,W451,SVR_1,SVR
23,source,1,W514,SVR_1,SVR
23,source,1,W523,SVR_1,SVR
23,source,1,W532,SVR_1,SVR
23,source,1,W541,SVR_1,SVR
23,source,1,W613,SVR_1,SVR
23,source,1,W622,SVR_1,SVR
23,source,1,W631,SVR_1,SVR
23,source,1,W712,SVR_1,SVR
23,source,1,W721,SVR_1,SVR
23,source,1,W811,SVR_1,SVR
23,source,1,Full,SVR_1,SVR
23,source,1,No_point,KernelRidge_1,KernelRidge
23,source,1,No_contrast,SVR_1,SVR
23,source,1,No_loss,SVR_1,SVR
23,source,2,W118,SVR_1,SVR
23,source,2,W127,PLS_2,PLS
23,source,2,W136,PLS_2,PLS
23,source,2,W145,PLS_2,PLS
23,source,2,W154,PLS_2,PLS
23,source,2,W163,PLS_2,PLS
23,source,2,W172,PLS_2,PLS
23,source,2,W181,PLS_2,PLS
23,source,2,W217,SVR_1,SVR
23,source,2,W226,SVR_1,SVR
23,source,2,W235,PLS_2,PLS
23,source,2,W244,PLS_2,PLS
23,source,2,W253,PLS_2,PLS
23,source,2,W262,PLS_2,PLS
23,source,2,W271,PLS_2,PLS
23,source,2,W316,SVR_1,SVR
23,source,2,W325,SVR_1,SVR
23,source,2,W334,SVR_1,SVR
23,source,2,W343,PLS_2,PLS
23,source,2,W352,PLS_2,PLS
23,source,2,W361,PLS_2,PLS
23,source,2,W415,SVR_1,SVR
23,source,2,W424,SVR_1,SVR
23,source,2,W433,SVR_1,SVR
23,source,2,W442,SVR_1,SVR
23,source,2,W451,SVR_1,SVR
23,source,2,W514,SVR_1,SVR
23,source,2,W523,SVR_1,SVR
23,source,2,W532,SVR_1,SVR
23,source,2,W541,SVR_1,SVR
23,source,2,W613,SVR_1,SVR
23,source,2,W622,SVR_1,SVR
23,source,2,W631,SVR_1,SVR
23,source,2,W712,SVR_1,SVR
23,source,2,W721,SVR_1,SVR
23,source,2,W811,SVR_1,SVR
23,source,2,Full,SVR_1,SVR
23,source,2,No_point,PLS_2,PLS
23,source,2,No_contrast,SVR_1,SVR
23,source,2,No_loss,SVR_1,SVR
23,source,3,W118,PCR_2,PCR
23,source,3,W127,KernelRidge_1,KernelRidge
23,source,3,W136,KernelRidge_1,KernelRidge
23,source,3,W145,KernelRidge_1,KernelRidge
23,source,3,W154,KernelRidge_1,KernelRidge
23,source,3,W163,KernelRidge_1,KernelRidge
23,source,3,W172,KernelRidge_1,KernelRidge
23,source,3,W181,KernelRidge_1,KernelRidge
23,source,3,W217,PCR_2,PCR
23,source,3,W226,PCR_2,PCR
23,source,3,W235,KernelRidge_1,KernelRidge
23,source,3,W244,KernelRidge_1,KernelRidge
23,source,3,W253,KernelRidge_1,KernelRidge
23,source,3,W262,KernelRidge_1,KernelRidge
23,source,3,W271,KernelRidge_1,KernelRidge
23,source,3,W316,PCR_2,PCR
23,source,3,W325,PCR_2,PCR
23,source,3,W334,PCR_2,PCR
23,source,3,W343,KernelRidge_1,KernelRidge
23,source,3,W352,KernelRidge_1,KernelRidge
23,source,3,W361,KernelRidge_1,KernelRidge
23,source,3,W415,PCR_2,PCR
23,source,3,W424,PCR_2,PCR
23,source,3,W433,PCR_2,PCR
23,source,3,W442,PCR_2,PCR
23,source,3,W451,PCR_2,PCR
23,source,3,W514,PCR_2,PCR
23,source,3,W523,PCR_2,PCR
23,source,3,W532,PCR_2,PCR
23,source,3,W541,PCR_2,PCR
23,source,3,W613,PCR_2,PCR
23,source,3,W622,PCR_2,PCR
23,source,3,W631,PCR_2,PCR
23,source,3,W712,PCR_2,PCR
23,source,3,W721,PCR_2,PCR
23,source,3,W811,PCR_2,PCR
23,source,3,Full,PCR_2,PCR
23,source,3,No_point,KernelRidge_1,KernelRidge
23,source,3,No_contrast,PCR_2,PCR
23,source,3,No_loss,PCR_2,PCR
23,source,4,W118,PCR_2,PCR
23,source,4,W127,PCR_2,PCR
23,source,4,W136,PCR_2,PCR
23,source,4,W145,PLS_1,PLS
23,source,4,W154,KernelRidge_1,KernelRidge
23,source,4,W163,KernelRidge_1,KernelRidge
23,source,4,W172,KernelRidge_1,KernelRidge
23,source,4,W181,KernelRidge_1,KernelRidge
23,source,4,W217,PCR_2,PCR
23,source,4,W226,PCR_2,PCR
23,source,4,W235,PCR_2,PCR
23,source,4,W244,PCR_2,PCR
23,source,4,W253,PCR_2,PCR
23,source,4,W262,PCR_2,PCR
23,source,4,W271,PCR_2,PCR
23,source,4,W316,PCR_2,PCR
23,source,4,W325,PCR_2,PCR
23,source,4,W334,PCR_2,PCR
23,source,4,W343,PCR_2,PCR
23,source,4,W352,PCR_2,PCR
23,source,4,W361,PCR_2,PCR
23,source,4,W415,PCR_2,PCR
23,source,4,W424,PCR_2,PCR
23,source,4,W433,PCR_2,PCR
23,source,4,W442,PCR_2,PCR
23,source,4,W451,PCR_2,PCR
23,source,4,W514,PCR_2,PCR
23,source,4,W523,PCR_2,PCR
23,source,4,W532,PCR_2,PCR
23,source,4,W541,PCR_2,PCR
23,source,4,W613,PCR_2,PCR
23,source,4,W622,PCR_2,PCR
23,source,4,W631,PCR_2,PCR
23,source,4,W712,PCR_2,PCR
23,source,4,W721,PCR_2,PCR
23,source,4,W811,PCR_2,PCR
23,source,4,Full,PCR_2,PCR
23,source,4,No_point,KernelRidge_1,KernelRidge
23,source,4,No_contrast,SVR_1,SVR
23,source,4,No_loss,PCR_2,PCR
23,source,5,W118,PCR_2,PCR
23,source,5,W127,PCR_2,PCR
23,source,5,W136,PCR_2,PCR
23,source,5,W145,PCR_2,PCR
23,source,5,W154,PCR_2,PCR
23,source,5,W163,PCR_2,PCR
23,source,5,W172,PCR_2,PCR
23,source,5,W181,PCR_2,PCR
23,source,5,W217,SVR_1,SVR
23,source,5,W226,PCR_2,PCR
23,source,5,W235,PCR_2,PCR
23,source,5,W244,PCR_2,PCR
23,source,5,W253,PCR_2,PCR
23,source,5,W262,PCR_2,PCR
23,source,5,W271,PCR_2,PCR
23,source,5,W316,SVR_1,SVR
23,source,5,W325,PLS_2,PLS
23,source,5,W334,PCR_2,PCR
23,source,5,W343,PCR_2,PCR
23,source,5,W352,PCR_2,PCR
23,source,5,W361,PCR_2,PCR
23,source,5,W415,SVR_1,SVR
23,source,5,W424,SVR_1,SVR
23,source,5,W433,PLS_2,PLS
23,source,5,W442,PCR_2,PCR
23,source,5,W451,PCR_2,PCR
23,source,5,W514,SVR_1,SVR
23,source,5,W523,SVR_1,SVR
23,source,5,W532,PLS_2,PLS
23,source,5,W541,ElasticNet_2,ElasticNet
23,source,5,W613,SVR_1,SVR
23,source,5,W622,SVR_1,SVR
23,source,5,W631,SVR_1,SVR
23,source,5,W712,SVR_1,SVR
23,source,5,W721,SVR_1,SVR
23,source,5,W811,SVR_1,SVR
23,source,5,Full,PCR_2,PCR
23,source,5,No_point,PCR_2,PCR
23,source,5,No_contrast,SVR_1,SVR
23,source,5,No_loss,PCR_2,PCR
23,source,6,W118,KernelRidge_1,KernelRidge
23,source,6,W127,KernelRidge_1,KernelRidge
23,source,6,W136,KernelRidge_1,KernelRidge
23,source,6,W145,KernelRidge_1,KernelRidge
23,source,6,W154,KernelRidge_1,KernelRidge
23,source,6,W163,KernelRidge_1,KernelRidge
23,source,6,W172,KernelRidge_1,KernelRidge
23,source,6,W181,KernelRidge_1,KernelRidge
23,source,6,W217,KernelRidge_1,KernelRidge
23,source,6,W226,KernelRidge_1,KernelRidge
23,source,6,W235,KernelRidge_1,KernelRidge
23,source,6,W244,KernelRidge_1,KernelRidge
23,source,6,W253,KernelRidge_1,KernelRidge
23,source,6,W262,KernelRidge_1,KernelRidge
23,source,6,W271,KernelRidge_1,KernelRidge
23,source,6,W316,SVR_1,SVR
23,source,6,W325,KernelRidge_1,KernelRidge
23,source,6,W334,KernelRidge_1,KernelRidge
23,source,6,W343,KernelRidge_1,KernelRidge
23,source,6,W352,KernelRidge_1,KernelRidge
23,source,6,W361,KernelRidge_1,KernelRidge
23,source,6,W415,SVR_1,SVR
23,source,6,W424,KernelRidge_1,KernelRidge
23,source,6,W433,KernelRidge_1,KernelRidge
23,source,6,W442,KernelRidge_1,KernelRidge
23,source,6,W451,KernelRidge_1,KernelRidge
23,source,6,W514,SVR_1,SVR
23,source,6,W523,SVR_1,SVR
23,source,6,W532,KernelRidge_1,KernelRidge
23,source,6,W541,KernelRidge_1,KernelRidge
23,source,6,W613,SVR_1,SVR
23,source,6,W622,SVR_1,SVR
23,source,6,W631,KernelRidge_1,KernelRidge
23,source,6,W712,SVR_1,SVR
23,source,6,W721,SVR_1,SVR
23,source,6,W811,SVR_1,SVR
23,source,6,Full,KernelRidge_1,KernelRidge
23,source,6,No_point,KernelRidge_1,KernelRidge
23,source,6,No_contrast,SVR_1,SVR
23,source,6,No_loss,KernelRidge_1,KernelRidge
47,exact,0,W118,XGBoost_2,XGBoost
47,exact,0,W127,XGBoost_2,XGBoost
47,exact,0,W136,XGBoost_2,XGBoost
47,exact,0,W145,XGBoost_2,XGBoost
47,exact,0,W154,XGBoost_2,XGBoost
47,exact,0,W163,XGBoost_2,XGBoost
47,exact,0,W172,XGBoost_2,XGBoost
47,exact,0,W181,XGBoost_2,XGBoost
47,exact,0,W217,XGBoost_2,XGBoost
47,exact,0,W226,XGBoost_2,XGBoost
47,exact,0,W235,XGBoost_2,XGBoost
47,exact,0,W244,XGBoost_2,XGBoost
47,exact,0,W253,XGBoost_2,XGBoost
47,exact,0,W262,XGBoost_2,XGBoost
47,exact,0,W271,XGBoost_2,XGBoost
47,exact,0,W316,XGBoost_2,XGBoost
47,exact,0,W325,XGBoost_2,XGBoost
47,exact,0,W334,XGBoost_2,XGBoost
47,exact,0,W343,XGBoost_2,XGBoost
47,exact,0,W352,XGBoost_2,XGBoost
47,exact,0,W361,XGBoost_2,XGBoost
47,exact,0,W415,XGBoost_2,XGBoost
47,exact,0,W424,XGBoost_2,XGBoost
47,exact,0,W433,XGBoost_2,XGBoost
47,exact,0,W442,XGBoost_2,XGBoost
47,exact,0,W451,XGBoost_2,XGBoost
47,exact,0,W514,XGBoost_2,XGBoost
47,exact,0,W523,XGBoost_2,XGBoost
47,exact,0,W532,XGBoost_2,XGBoost
47,exact,0,W541,XGBoost_2,XGBoost
47,exact,0,W613,XGBoost_2,XGBoost
47,exact,0,W622,XGBoost_2,XGBoost
47,exact,0,W631,XGBoost_2,XGBoost
47,exact,0,W712,XGBoost_2,XGBoost
47,exact,0,W721,XGBoost_2,XGBoost
47,exact,0,W811,XGBoost_2,XGBoost
47,exact,0,Full,XGBoost_2,XGBoost
47,exact,0,No_point,XGBoost_2,XGBoost
47,exact,0,No_contrast,XGBoost_2,XGBoost
47,exact,0,No_loss,XGBoost_2,XGBoost
47,exact,1,W118,XGBoost_2,XGBoost
47,exact,1,W127,XGBoost_2,XGBoost
47,exact,1,W136,XGBoost_2,XGBoost
47,exact,1,W145,XGBoost_2,XGBoost
47,exact,1,W154,XGBoost_2,XGBoost
47,exact,1,W163,XGBoost_2,XGBoost
47,exact,1,W172,XGBoost_2,XGBoost
47,exact,1,W181,XGBoost_2,XGBoost
47,exact,1,W217,XGBoost_2,XGBoost
47,exact,1,W226,XGBoost_2,XGBoost
47,exact,1,W235,XGBoost_2,XGBoost
47,exact,1,W244,XGBoost_2,XGBoost
47,exact,1,W253,XGBoost_2,XGBoost
47,exact,1,W262,XGBoost_2,XGBoost
47,exact,1,W271,XGBoost_2,XGBoost
47,exact,1,W316,XGBoost_2,XGBoost
47,exact,1,W325,XGBoost_2,XGBoost
47,exact,1,W334,XGBoost_2,XGBoost
47,exact,1,W343,XGBoost_2,XGBoost
47,exact,1,W352,XGBoost_2,XGBoost
47,exact,1,W361,XGBoost_2,XGBoost
47,exact,1,W415,XGBoost_2,XGBoost
47,exact,1,W424,XGBoost_2,XGBoost
47,exact,1,W433,XGBoost_2,XGBoost
47,exact,1,W442,XGBoost_2,XGBoost
47,exact,1,W451,XGBoost_2,XGBoost
47,exact,1,W514,XGBoost_2,XGBoost
47,exact,1,W523,XGBoost_2,XGBoost
47,exact,1,W532,XGBoost_2,XGBoost
47,exact,1,W541,XGBoost_2,XGBoost
47,exact,1,W613,XGBoost_2,XGBoost
47,exact,1,W622,XGBoost_2,XGBoost
47,exact,1,W631,XGBoost_2,XGBoost
47,exact,1,W712,XGBoost_2,XGBoost
47,exact,1,W721,XGBoost_2,XGBoost
47,exact,1,W811,XGBoost_2,XGBoost
47,exact,1,Full,XGBoost_2,XGBoost
47,exact,1,No_point,XGBoost_2,XGBoost
47,exact,1,No_contrast,XGBoost_2,XGBoost
47,exact,1,No_loss,XGBoost_2,XGBoost
47,exact,2,W118,CatBoost_2,CatBoost
47,exact,2,W127,HistGradientBoosting_1,HistGradientBoosting
47,exact,2,W136,HistGradientBoosting_1,HistGradientBoosting
47,exact,2,W145,HistGradientBoosting_1,HistGradientBoosting
47,exact,2,W154,HistGradientBoosting_1,HistGradientBoosting
47,exact,2,W163,HistGradientBoosting_1,HistGradientBoosting
47,exact,2,W172,XGBoost_2,XGBoost
47,exact,2,W181,XGBoost_2,XGBoost
47,exact,2,W217,CatBoost_2,CatBoost
47,exact,2,W226,HistGradientBoosting_1,HistGradientBoosting
47,exact,2,W235,HistGradientBoosting_1,HistGradientBoosting
47,exact,2,W244,HistGradientBoosting_1,HistGradientBoosting
47,exact,2,W253,HistGradientBoosting_1,HistGradientBoosting
47,exact,2,W262,XGBoost_2,XGBoost
47,exact,2,W271,XGBoost_2,XGBoost
47,exact,2,W316,CatBoost_2,CatBoost
47,exact,2,W325,HistGradientBoosting_1,HistGradientBoosting
47,exact,2,W334,HistGradientBoosting_1,HistGradientBoosting
47,exact,2,W343,HistGradientBoosting_1,HistGradientBoosting
47,exact,2,W352,XGBoost_2,XGBoost
47,exact,2,W361,XGBoost_2,XGBoost
47,exact,2,W415,HistGradientBoosting_1,HistGradientBoosting
47,exact,2,W424,HistGradientBoosting_1,HistGradientBoosting
47,exact,2,W433,HistGradientBoosting_1,HistGradientBoosting
47,exact,2,W442,HistGradientBoosting_1,HistGradientBoosting
47,exact,2,W451,XGBoost_2,XGBoost
47,exact,2,W514,HistGradientBoosting_1,HistGradientBoosting
47,exact,2,W523,HistGradientBoosting_1,HistGradientBoosting
47,exact,2,W532,HistGradientBoosting_1,HistGradientBoosting
47,exact,2,W541,XGBoost_2,XGBoost
47,exact,2,W613,HistGradientBoosting_1,HistGradientBoosting
47,exact,2,W622,HistGradientBoosting_1,HistGradientBoosting
47,exact,2,W631,HistGradientBoosting_1,HistGradientBoosting
47,exact,2,W712,HistGradientBoosting_1,HistGradientBoosting
47,exact,2,W721,HistGradientBoosting_1,HistGradientBoosting
47,exact,2,W811,HistGradientBoosting_1,HistGradientBoosting
47,exact,2,Full,HistGradientBoosting_1,HistGradientBoosting
47,exact,2,No_point,HistGradientBoosting_1,HistGradientBoosting
47,exact,2,No_contrast,CatBoost_2,CatBoost
47,exact,2,No_loss,LightGBM_2,LightGBM
47,exact,3,W118,SplineRidge_2,SplineRidge
47,exact,3,W127,CatBoost_2,CatBoost
47,exact,3,W136,CatBoost_2,CatBoost
47,exact,3,W145,CatBoost_2,CatBoost
47,exact,3,W154,CatBoost_2,CatBoost
47,exact,3,W163,CatBoost_2,CatBoost
47,exact,3,W172,CatBoost_2,CatBoost
47,exact,3,W181,XGBoost_2,XGBoost
47,exact,3,W217,SplineRidge_2,SplineRidge
47,exact,3,W226,CatBoost_2,CatBoost
47,exact,3,W235,CatBoost_2,CatBoost
47,exact,3,W244,CatBoost_2,CatBoost
47,exact,3,W253,CatBoost_2,CatBoost
47,exact,3,W262,CatBoost_2,CatBoost
47,exact,3,W271,XGBoost_2,XGBoost
47,exact,3,W316,CatBoost_2,CatBoost
47,exact,3,W325,CatBoost_2,CatBoost
47,exact,3,W334,CatBoost_2,CatBoost
47,exact,3,W343,CatBoost_2,CatBoost
47,exact,3,W352,CatBoost_2,CatBoost
47,exact,3,W361,CatBoost_2,CatBoost
47,exact,3,W415,CatBoost_2,CatBoost
47,exact,3,W424,CatBoost_2,CatBoost
47,exact,3,W433,CatBoost_2,CatBoost
47,exact,3,W442,CatBoost_2,CatBoost
47,exact,3,W451,CatBoost_2,CatBoost
47,exact,3,W514,CatBoost_2,CatBoost
47,exact,3,W523,CatBoost_2,CatBoost
47,exact,3,W532,CatBoost_2,CatBoost
47,exact,3,W541,CatBoost_2,CatBoost
47,exact,3,W613,CatBoost_2,CatBoost
47,exact,3,W622,CatBoost_2,CatBoost
47,exact,3,W631,CatBoost_2,CatBoost
47,exact,3,W712,CatBoost_2,CatBoost
47,exact,3,W721,CatBoost_2,CatBoost
47,exact,3,W811,CatBoost_2,CatBoost
47,exact,3,Full,CatBoost_2,CatBoost
47,exact,3,No_point,CatBoost_2,CatBoost
47,exact,3,No_contrast,CatBoost_2,CatBoost
47,exact,3,No_loss,LightGBM_2,LightGBM
47,exact,4,W118,CatBoost_2,CatBoost
47,exact,4,W127,CatBoost_2,CatBoost
47,exact,4,W136,CatBoost_2,CatBoost
47,exact,4,W145,CatBoost_2,CatBoost
47,exact,4,W154,CatBoost_2,CatBoost
47,exact,4,W163,CatBoost_2,CatBoost
47,exact,4,W172,CatBoost_2,CatBoost
47,exact,4,W181,XGBoost_2,XGBoost
47,exact,4,W217,CatBoost_2,CatBoost
47,exact,4,W226,CatBoost_2,CatBoost
47,exact,4,W235,CatBoost_2,CatBoost
47,exact,4,W244,CatBoost_2,CatBoost
47,exact,4,W253,CatBoost_2,CatBoost
47,exact,4,W262,CatBoost_2,CatBoost
47,exact,4,W271,XGBoost_2,XGBoost
47,exact,4,W316,CatBoost_2,CatBoost
47,exact,4,W325,CatBoost_2,CatBoost
47,exact,4,W334,CatBoost_2,CatBoost
47,exact,4,W343,CatBoost_2,CatBoost
47,exact,4,W352,CatBoost_2,CatBoost
47,exact,4,W361,XGBoost_2,XGBoost
47,exact,4,W415,CatBoost_2,CatBoost
47,exact,4,W424,CatBoost_2,CatBoost
47,exact,4,W433,CatBoost_2,CatBoost
47,exact,4,W442,CatBoost_2,CatBoost
47,exact,4,W451,CatBoost_2,CatBoost
47,exact,4,W514,CatBoost_2,CatBoost
47,exact,4,W523,CatBoost_2,CatBoost
47,exact,4,W532,CatBoost_2,CatBoost
47,exact,4,W541,CatBoost_2,CatBoost
47,exact,4,W613,CatBoost_2,CatBoost
47,exact,4,W622,CatBoost_2,CatBoost
47,exact,4,W631,CatBoost_2,CatBoost
47,exact,4,W712,CatBoost_2,CatBoost
47,exact,4,W721,CatBoost_2,CatBoost
47,exact,4,W811,CatBoost_2,CatBoost
47,exact,4,Full,CatBoost_2,CatBoost
47,exact,4,No_point,CatBoost_2,CatBoost
47,exact,4,No_contrast,CatBoost_2,CatBoost
47,exact,4,No_loss,RandomForest_2,RandomForest
47,broad,0,W118,KernelRidge_1,KernelRidge
47,broad,0,W127,KernelRidge_1,KernelRidge
47,broad,0,W136,KernelRidge_1,KernelRidge
47,broad,0,W145,KernelRidge_1,KernelRidge
47,broad,0,W154,KernelRidge_1,KernelRidge
47,broad,0,W163,KernelRidge_1,KernelRidge
47,broad,0,W172,KernelRidge_1,KernelRidge
47,broad,0,W181,KernelRidge_1,KernelRidge
47,broad,0,W217,AdaBoost_1,AdaBoost
47,broad,0,W226,KernelRidge_1,KernelRidge
47,broad,0,W235,KernelRidge_1,KernelRidge
47,broad,0,W244,KernelRidge_1,KernelRidge
47,broad,0,W253,KernelRidge_1,KernelRidge
47,broad,0,W262,KernelRidge_1,KernelRidge
47,broad,0,W271,KernelRidge_1,KernelRidge
47,broad,0,W316,AdaBoost_1,AdaBoost
47,broad,0,W325,AdaBoost_1,AdaBoost
47,broad,0,W334,AdaBoost_1,AdaBoost
47,broad,0,W343,KernelRidge_1,KernelRidge
47,broad,0,W352,KernelRidge_1,KernelRidge
47,broad,0,W361,KernelRidge_1,KernelRidge
47,broad,0,W415,AdaBoost_1,AdaBoost
47,broad,0,W424,AdaBoost_1,AdaBoost
47,broad,0,W433,AdaBoost_1,AdaBoost
47,broad,0,W442,AdaBoost_1,AdaBoost
47,broad,0,W451,KernelRidge_1,KernelRidge
47,broad,0,W514,AdaBoost_1,AdaBoost
47,broad,0,W523,AdaBoost_1,AdaBoost
47,broad,0,W532,AdaBoost_1,AdaBoost
47,broad,0,W541,AdaBoost_1,AdaBoost
47,broad,0,W613,AdaBoost_1,AdaBoost
47,broad,0,W622,AdaBoost_1,AdaBoost
47,broad,0,W631,AdaBoost_1,AdaBoost
47,broad,0,W712,AdaBoost_1,AdaBoost
47,broad,0,W721,AdaBoost_1,AdaBoost
47,broad,0,W811,AdaBoost_1,AdaBoost
47,broad,0,Full,AdaBoost_1,AdaBoost
47,broad,0,No_point,BayesianRidge_1,BayesianRidge
47,broad,0,No_contrast,AdaBoost_1,AdaBoost
47,broad,0,No_loss,XGBoost_2,XGBoost
47,broad,1,W118,KernelRidge_1,KernelRidge
47,broad,1,W127,KernelRidge_1,KernelRidge
47,broad,1,W136,KernelRidge_1,KernelRidge
47,broad,1,W145,KernelRidge_1,KernelRidge
47,broad,1,W154,KernelRidge_1,KernelRidge
47,broad,1,W163,KernelRidge_1,KernelRidge
47,broad,1,W172,KernelRidge_1,KernelRidge
47,broad,1,W181,PLS_2,PLS
47,broad,1,W217,KernelRidge_1,KernelRidge
47,broad,1,W226,KernelRidge_1,KernelRidge
47,broad,1,W235,KernelRidge_1,KernelRidge
47,broad,1,W244,KernelRidge_1,KernelRidge
47,broad,1,W253,KernelRidge_1,KernelRidge
47,broad,1,W262,KernelRidge_1,KernelRidge
47,broad,1,W271,KernelRidge_1,KernelRidge
47,broad,1,W316,KernelRidge_1,KernelRidge
47,broad,1,W325,KernelRidge_1,KernelRidge
47,broad,1,W334,KernelRidge_1,KernelRidge
47,broad,1,W343,KernelRidge_1,KernelRidge
47,broad,1,W352,KernelRidge_1,KernelRidge
47,broad,1,W361,KernelRidge_1,KernelRidge
47,broad,1,W415,KernelRidge_1,KernelRidge
47,broad,1,W424,KernelRidge_1,KernelRidge
47,broad,1,W433,KernelRidge_1,KernelRidge
47,broad,1,W442,KernelRidge_1,KernelRidge
47,broad,1,W451,KernelRidge_1,KernelRidge
47,broad,1,W514,ExtraTrees_2,ExtraTrees
47,broad,1,W523,KernelRidge_1,KernelRidge
47,broad,1,W532,KernelRidge_1,KernelRidge
47,broad,1,W541,KernelRidge_1,KernelRidge
47,broad,1,W613,ExtraTrees_2,ExtraTrees
47,broad,1,W622,KernelRidge_1,KernelRidge
47,broad,1,W631,KernelRidge_1,KernelRidge
47,broad,1,W712,HistGradientBoosting_1,HistGradientBoosting
47,broad,1,W721,HistGradientBoosting_1,HistGradientBoosting
47,broad,1,W811,HistGradientBoosting_1,HistGradientBoosting
47,broad,1,Full,KernelRidge_1,KernelRidge
47,broad,1,No_point,PLS_2,PLS
47,broad,1,No_contrast,ExtraTrees_2,ExtraTrees
47,broad,1,No_loss,KernelRidge_1,KernelRidge
47,broad,2,W118,SVR_1,SVR
47,broad,2,W127,SVR_1,SVR
47,broad,2,W136,Ridge_2,Ridge
47,broad,2,W145,Ridge_2,Ridge
47,broad,2,W154,Lasso_1,Lasso
47,broad,2,W163,Lasso_1,Lasso
47,broad,2,W172,Lasso_1,Lasso
47,broad,2,W181,Lasso_1,Lasso
47,broad,2,W217,SVR_1,SVR
47,broad,2,W226,SVR_1,SVR
47,broad,2,W235,SVR_1,SVR
47,broad,2,W244,SVR_1,SVR
47,broad,2,W253,SVR_1,SVR
47,broad,2,W262,Ridge_2,Ridge
47,broad,2,W271,Ridge_2,Ridge
47,broad,2,W316,SVR_1,SVR
47,broad,2,W325,SVR_1,SVR
47,broad,2,W334,SVR_1,SVR
47,broad,2,W343,SVR_1,SVR
47,broad,2,W352,SVR_1,SVR
47,broad,2,W361,SVR_1,SVR
47,broad,2,W415,SVR_1,SVR
47,broad,2,W424,SVR_1,SVR
47,broad,2,W433,SVR_1,SVR
47,broad,2,W442,SVR_1,SVR
47,broad,2,W451,SVR_1,SVR
47,broad,2,W514,SVR_1,SVR
47,broad,2,W523,SVR_1,SVR
47,broad,2,W532,SVR_1,SVR
47,broad,2,W541,SVR_1,SVR
47,broad,2,W613,SVR_1,SVR
47,broad,2,W622,SVR_1,SVR
47,broad,2,W631,SVR_1,SVR
47,broad,2,W712,SVR_1,SVR
47,broad,2,W721,SVR_1,SVR
47,broad,2,W811,SVR_1,SVR
47,broad,2,Full,SVR_1,SVR
47,broad,2,No_point,OLS_1,OLS
47,broad,2,No_contrast,SVR_1,SVR
47,broad,2,No_loss,SVR_1,SVR
47,broad,3,W118,SVR_1,SVR
47,broad,3,W127,SVR_1,SVR
47,broad,3,W136,SVR_1,SVR
47,broad,3,W145,SVR_1,SVR
47,broad,3,W154,SVR_1,SVR
47,broad,3,W163,SVR_1,SVR
47,broad,3,W172,SVR_1,SVR
47,broad,3,W181,SVR_1,SVR
47,broad,3,W217,SVR_1,SVR
47,broad,3,W226,SVR_1,SVR
47,broad,3,W235,SVR_1,SVR
47,broad,3,W244,SVR_1,SVR
47,broad,3,W253,SVR_1,SVR
47,broad,3,W262,SVR_1,SVR
47,broad,3,W271,SVR_1,SVR
47,broad,3,W316,SVR_1,SVR
47,broad,3,W325,SVR_1,SVR
47,broad,3,W334,SVR_1,SVR
47,broad,3,W343,SVR_1,SVR
47,broad,3,W352,SVR_1,SVR
47,broad,3,W361,SVR_1,SVR
47,broad,3,W415,SVR_1,SVR
47,broad,3,W424,SVR_1,SVR
47,broad,3,W433,SVR_1,SVR
47,broad,3,W442,SVR_1,SVR
47,broad,3,W451,SVR_1,SVR
47,broad,3,W514,SVR_1,SVR
47,broad,3,W523,SVR_1,SVR
47,broad,3,W532,SVR_1,SVR
47,broad,3,W541,SVR_1,SVR
47,broad,3,W613,SVR_1,SVR
47,broad,3,W622,SVR_1,SVR
47,broad,3,W631,SVR_1,SVR
47,broad,3,W712,SVR_1,SVR
47,broad,3,W721,SVR_1,SVR
47,broad,3,W811,SVR_1,SVR
47,broad,3,Full,SVR_1,SVR
47,broad,3,No_point,OLS_1,OLS
47,broad,3,No_contrast,SVR_1,SVR
47,broad,3,No_loss,SVR_1,SVR
47,broad,4,W118,KernelRidge_1,KernelRidge
47,broad,4,W127,KernelRidge_1,KernelRidge
47,broad,4,W136,KernelRidge_1,KernelRidge
47,broad,4,W145,KernelRidge_1,KernelRidge
47,broad,4,W154,KernelRidge_1,KernelRidge
47,broad,4,W163,KernelRidge_1,KernelRidge
47,broad,4,W172,KernelRidge_1,KernelRidge
47,broad,4,W181,KernelRidge_1,KernelRidge
47,broad,4,W217,KernelRidge_1,KernelRidge
47,broad,4,W226,KernelRidge_1,KernelRidge
47,broad,4,W235,KernelRidge_1,KernelRidge
47,broad,4,W244,KernelRidge_1,KernelRidge
47,broad,4,W253,KernelRidge_1,KernelRidge
47,broad,4,W262,KernelRidge_1,KernelRidge
47,broad,4,W271,KernelRidge_1,KernelRidge
47,broad,4,W316,KernelRidge_1,KernelRidge
47,broad,4,W325,KernelRidge_1,KernelRidge
47,broad,4,W334,KernelRidge_1,KernelRidge
47,broad,4,W343,KernelRidge_1,KernelRidge
47,broad,4,W352,KernelRidge_1,KernelRidge
47,broad,4,W361,KernelRidge_1,KernelRidge
47,broad,4,W415,SVR_1,SVR
47,broad,4,W424,KernelRidge_1,KernelRidge
47,broad,4,W433,KernelRidge_1,KernelRidge
47,broad,4,W442,KernelRidge_1,KernelRidge
47,broad,4,W451,KernelRidge_1,KernelRidge
47,broad,4,W514,SVR_1,SVR
47,broad,4,W523,KernelRidge_1,KernelRidge
47,broad,4,W532,KernelRidge_1,KernelRidge
47,broad,4,W541,KernelRidge_1,KernelRidge
47,broad,4,W613,SVR_1,SVR
47,broad,4,W622,KernelRidge_1,KernelRidge
47,broad,4,W631,KernelRidge_1,KernelRidge
47,broad,4,W712,SVR_1,SVR
47,broad,4,W721,SVR_1,SVR
47,broad,4,W811,SVR_1,SVR
47,broad,4,Full,KernelRidge_1,KernelRidge
47,broad,4,No_point,KernelRidge_1,KernelRidge
47,broad,4,No_contrast,SVR_1,SVR
47,broad,4,No_loss,KernelRidge_1,KernelRidge
47,source,0,W118,PLS_2,PLS
47,source,0,W127,PLS_2,PLS
47,source,0,W136,PLS_2,PLS
47,source,0,W145,PCR_2,PCR
47,source,0,W154,PCR_2,PCR
47,source,0,W163,PCR_2,PCR
47,source,0,W172,PCR_2,PCR
47,source,0,W181,PCR_2,PCR
47,source,0,W217,PLS_2,PLS
47,source,0,W226,PLS_2,PLS
47,source,0,W235,PLS_2,PLS
47,source,0,W244,PLS_2,PLS
47,source,0,W253,PLS_2,PLS
47,source,0,W262,PLS_2,PLS
47,source,0,W271,PCR_2,PCR
47,source,0,W316,PLS_2,PLS
47,source,0,W325,PLS_2,PLS
47,source,0,W334,PLS_2,PLS
47,source,0,W343,PLS_2,PLS
47,source,0,W352,PLS_2,PLS
47,source,0,W361,PLS_2,PLS
47,source,0,W415,PLS_2,PLS
47,source,0,W424,PLS_2,PLS
47,source,0,W433,PLS_2,PLS
47,source,0,W442,PLS_2,PLS
47,source,0,W451,PLS_2,PLS
47,source,0,W514,PLS_2,PLS
47,source,0,W523,PLS_2,PLS
47,source,0,W532,PLS_2,PLS
47,source,0,W541,PLS_2,PLS
47,source,0,W613,PLS_2,PLS
47,source,0,W622,PLS_2,PLS
47,source,0,W631,PLS_2,PLS
47,source,0,W712,PLS_2,PLS
47,source,0,W721,PLS_2,PLS
47,source,0,W811,PLS_2,PLS
47,source,0,Full,PLS_2,PLS
47,source,0,No_point,PCR_2,PCR
47,source,0,No_contrast,PLS_2,PLS
47,source,0,No_loss,PLS_2,PLS
47,source,1,W118,SVR_1,SVR
47,source,1,W127,KernelRidge_1,KernelRidge
47,source,1,W136,KernelRidge_1,KernelRidge
47,source,1,W145,KernelRidge_1,KernelRidge
47,source,1,W154,KernelRidge_1,KernelRidge
47,source,1,W163,KernelRidge_1,KernelRidge
47,source,1,W172,KernelRidge_1,KernelRidge
47,source,1,W181,KernelRidge_1,KernelRidge
47,source,1,W217,SVR_1,SVR
47,source,1,W226,SVR_1,SVR
47,source,1,W235,SVR_1,SVR
47,source,1,W244,KernelRidge_1,KernelRidge
47,source,1,W253,KernelRidge_1,KernelRidge
47,source,1,W262,KernelRidge_1,KernelRidge
47,source,1,W271,KernelRidge_1,KernelRidge
47,source,1,W316,SVR_1,SVR
47,source,1,W325,SVR_1,SVR
47,source,1,W334,SVR_1,SVR
47,source,1,W343,SVR_1,SVR
47,source,1,W352,SVR_1,SVR
47,source,1,W361,KernelRidge_1,KernelRidge
47,source,1,W415,SVR_1,SVR
47,source,1,W424,SVR_1,SVR
47,source,1,W433,SVR_1,SVR
47,source,1,W442,SVR_1,SVR
47,source,1,W451,SVR_1,SVR
47,source,1,W514,SVR_1,SVR
47,source,1,W523,SVR_1,SVR
47,source,1,W532,SVR_1,SVR
47,source,1,W541,SVR_1,SVR
47,source,1,W613,SVR_1,SVR
47,source,1,W622,SVR_1,SVR
47,source,1,W631,SVR_1,SVR
47,source,1,W712,SVR_1,SVR
47,source,1,W721,SVR_1,SVR
47,source,1,W811,SVR_1,SVR
47,source,1,Full,SVR_1,SVR
47,source,1,No_point,KernelRidge_1,KernelRidge
47,source,1,No_contrast,SVR_1,SVR
47,source,1,No_loss,SVR_1,SVR
47,source,2,W118,SVR_1,SVR
47,source,2,W127,PLS_2,PLS
47,source,2,W136,PLS_2,PLS
47,source,2,W145,PLS_2,PLS
47,source,2,W154,PLS_2,PLS
47,source,2,W163,PLS_2,PLS
47,source,2,W172,PLS_2,PLS
47,source,2,W181,PLS_2,PLS
47,source,2,W217,SVR_1,SVR
47,source,2,W226,SVR_1,SVR
47,source,2,W235,PLS_2,PLS
47,source,2,W244,PLS_2,PLS
47,source,2,W253,PLS_2,PLS
47,source,2,W262,PLS_2,PLS
47,source,2,W271,PLS_2,PLS
47,source,2,W316,SVR_1,SVR
47,source,2,W325,SVR_1,SVR
47,source,2,W334,SVR_1,SVR
47,source,2,W343,PLS_2,PLS
47,source,2,W352,PLS_2,PLS
47,source,2,W361,PLS_2,PLS
47,source,2,W415,SVR_1,SVR
47,source,2,W424,SVR_1,SVR
47,source,2,W433,SVR_1,SVR
47,source,2,W442,SVR_1,SVR
47,source,2,W451,SVR_1,SVR
47,source,2,W514,SVR_1,SVR
47,source,2,W523,SVR_1,SVR
47,source,2,W532,SVR_1,SVR
47,source,2,W541,SVR_1,SVR
47,source,2,W613,SVR_1,SVR
47,source,2,W622,SVR_1,SVR
47,source,2,W631,SVR_1,SVR
47,source,2,W712,SVR_1,SVR
47,source,2,W721,SVR_1,SVR
47,source,2,W811,SVR_1,SVR
47,source,2,Full,SVR_1,SVR
47,source,2,No_point,PLS_2,PLS
47,source,2,No_contrast,SVR_1,SVR
47,source,2,No_loss,SVR_1,SVR
47,source,3,W118,PCR_2,PCR
47,source,3,W127,KernelRidge_1,KernelRidge
47,source,3,W136,KernelRidge_1,KernelRidge
47,source,3,W145,KernelRidge_1,KernelRidge
47,source,3,W154,KernelRidge_1,KernelRidge
47,source,3,W163,KernelRidge_1,KernelRidge
47,source,3,W172,KernelRidge_1,KernelRidge
47,source,3,W181,KernelRidge_1,KernelRidge
47,source,3,W217,PCR_2,PCR
47,source,3,W226,PCR_2,PCR
47,source,3,W235,KernelRidge_1,KernelRidge
47,source,3,W244,KernelRidge_1,KernelRidge
47,source,3,W253,KernelRidge_1,KernelRidge
47,source,3,W262,KernelRidge_1,KernelRidge
47,source,3,W271,KernelRidge_1,KernelRidge
47,source,3,W316,PCR_2,PCR
47,source,3,W325,PCR_2,PCR
47,source,3,W334,PCR_2,PCR
47,source,3,W343,KernelRidge_1,KernelRidge
47,source,3,W352,KernelRidge_1,KernelRidge
47,source,3,W361,KernelRidge_1,KernelRidge
47,source,3,W415,PCR_2,PCR
47,source,3,W424,PCR_2,PCR
47,source,3,W433,PCR_2,PCR
47,source,3,W442,PCR_2,PCR
47,source,3,W451,PCR_2,PCR
47,source,3,W514,PCR_2,PCR
47,source,3,W523,PCR_2,PCR
47,source,3,W532,PCR_2,PCR
47,source,3,W541,PCR_2,PCR
47,source,3,W613,PCR_2,PCR
47,source,3,W622,PCR_2,PCR
47,source,3,W631,PCR_2,PCR
47,source,3,W712,PCR_2,PCR
47,source,3,W721,PCR_2,PCR
47,source,3,W811,PCR_2,PCR
47,source,3,Full,PCR_2,PCR
47,source,3,No_point,KernelRidge_1,KernelRidge
47,source,3,No_contrast,PCR_2,PCR
47,source,3,No_loss,PCR_2,PCR
47,source,4,W118,PCR_2,PCR
47,source,4,W127,PCR_2,PCR
47,source,4,W136,PCR_2,PCR
47,source,4,W145,PLS_1,PLS
47,source,4,W154,KernelRidge_1,KernelRidge
47,source,4,W163,KernelRidge_1,KernelRidge
47,source,4,W172,KernelRidge_1,KernelRidge
47,source,4,W181,KernelRidge_1,KernelRidge
47,source,4,W217,PCR_2,PCR
47,source,4,W226,PCR_2,PCR
47,source,4,W235,PCR_2,PCR
47,source,4,W244,PCR_2,PCR
47,source,4,W253,PCR_2,PCR
47,source,4,W262,PCR_2,PCR
47,source,4,W271,PCR_2,PCR
47,source,4,W316,PCR_2,PCR
47,source,4,W325,PCR_2,PCR
47,source,4,W334,PCR_2,PCR
47,source,4,W343,PCR_2,PCR
47,source,4,W352,PCR_2,PCR
47,source,4,W361,PCR_2,PCR
47,source,4,W415,PCR_2,PCR
47,source,4,W424,PCR_2,PCR
47,source,4,W433,PCR_2,PCR
47,source,4,W442,PCR_2,PCR
47,source,4,W451,PCR_2,PCR
47,source,4,W514,PCR_2,PCR
47,source,4,W523,PCR_2,PCR
47,source,4,W532,PCR_2,PCR
47,source,4,W541,PCR_2,PCR
47,source,4,W613,PCR_2,PCR
47,source,4,W622,PCR_2,PCR
47,source,4,W631,PCR_2,PCR
47,source,4,W712,PCR_2,PCR
47,source,4,W721,PCR_2,PCR
47,source,4,W811,PCR_2,PCR
47,source,4,Full,PCR_2,PCR
47,source,4,No_point,KernelRidge_1,KernelRidge
47,source,4,No_contrast,SVR_1,SVR
47,source,4,No_loss,PCR_2,PCR
47,source,5,W118,PCR_2,PCR
47,source,5,W127,PCR_2,PCR
47,source,5,W136,PCR_2,PCR
47,source,5,W145,PCR_2,PCR
47,source,5,W154,PCR_2,PCR
47,source,5,W163,PCR_2,PCR
47,source,5,W172,PCR_2,PCR
47,source,5,W181,PCR_2,PCR
47,source,5,W217,SVR_1,SVR
47,source,5,W226,PCR_2,PCR
47,source,5,W235,PCR_2,PCR
47,source,5,W244,PCR_2,PCR
47,source,5,W253,PCR_2,PCR
47,source,5,W262,PCR_2,PCR
47,source,5,W271,PCR_2,PCR
47,source,5,W316,SVR_1,SVR
47,source,5,W325,PLS_2,PLS
47,source,5,W334,PCR_2,PCR
47,source,5,W343,PCR_2,PCR
47,source,5,W352,PCR_2,PCR
47,source,5,W361,PCR_2,PCR
47,source,5,W415,SVR_1,SVR
47,source,5,W424,SVR_1,SVR
47,source,5,W433,PLS_2,PLS
47,source,5,W442,PCR_2,PCR
47,source,5,W451,PCR_2,PCR
47,source,5,W514,SVR_1,SVR
47,source,5,W523,SVR_1,SVR
47,source,5,W532,PLS_2,PLS
47,source,5,W541,ElasticNet_2,ElasticNet
47,source,5,W613,SVR_1,SVR
47,source,5,W622,SVR_1,SVR
47,source,5,W631,SVR_1,SVR
47,source,5,W712,SVR_1,SVR
47,source,5,W721,SVR_1,SVR
47,source,5,W811,SVR_1,SVR
47,source,5,Full,PCR_2,PCR
47,source,5,No_point,PCR_2,PCR
47,source,5,No_contrast,SVR_1,SVR
47,source,5,No_loss,PCR_2,PCR
47,source,6,W118,KernelRidge_1,KernelRidge
47,source,6,W127,KernelRidge_1,KernelRidge
47,source,6,W136,KernelRidge_1,KernelRidge
47,source,6,W145,KernelRidge_1,KernelRidge
47,source,6,W154,KernelRidge_1,KernelRidge
47,source,6,W163,KernelRidge_1,KernelRidge
47,source,6,W172,KernelRidge_1,KernelRidge
47,source,6,W181,KernelRidge_1,KernelRidge
47,source,6,W217,KernelRidge_1,KernelRidge
47,source,6,W226,KernelRidge_1,KernelRidge
47,source,6,W235,KernelRidge_1,KernelRidge
47,source,6,W244,KernelRidge_1,KernelRidge
47,source,6,W253,KernelRidge_1,KernelRidge
47,source,6,W262,KernelRidge_1,KernelRidge
47,source,6,W271,KernelRidge_1,KernelRidge
47,source,6,W316,SVR_1,SVR
47,source,6,W325,KernelRidge_1,KernelRidge
47,source,6,W334,KernelRidge_1,KernelRidge
47,source,6,W343,KernelRidge_1,KernelRidge
47,source,6,W352,KernelRidge_1,KernelRidge
47,source,6,W361,KernelRidge_1,KernelRidge
47,source,6,W415,SVR_1,SVR
47,source,6,W424,KernelRidge_1,KernelRidge
47,source,6,W433,KernelRidge_1,KernelRidge
47,source,6,W442,KernelRidge_1,KernelRidge
47,source,6,W451,KernelRidge_1,KernelRidge
47,source,6,W514,SVR_1,SVR
47,source,6,W523,SVR_1,SVR
47,source,6,W532,KernelRidge_1,KernelRidge
47,source,6,W541,KernelRidge_1,KernelRidge
47,source,6,W613,SVR_1,SVR
47,source,6,W622,SVR_1,SVR
47,source,6,W631,KernelRidge_1,KernelRidge
47,source,6,W712,SVR_1,SVR
47,source,6,W721,SVR_1,SVR
47,source,6,W811,SVR_1,SVR
47,source,6,Full,KernelRidge_1,KernelRidge
47,source,6,No_point,KernelRidge_1,KernelRidge
47,source,6,No_contrast,SVR_1,SVR
47,source,6,No_loss,KernelRidge_1,KernelRidge
