material,source,ratio,recorded,atomic_calculated,mass_calculated
AMCB,SI_ref_19,H/C,0.269,0.2670179182784225,0.022408963585434174
AMCB,SI_ref_19,O/C,0.054,0.053623887207236154,0.07142857142857142
AMCB,SI_ref_19,N/C,0.03,0.030024503554545254,0.0350140056022409
Alkali-modified SCG biochars,SI_ref_17,H/C,0.013,0.14950658222301885,0.012547051442910916
Alkali-modified SCG biochars,SI_ref_17,O/C,0.023,0.016955106118222728,0.02258469259723965
Alkali-modified SCG biochars,SI_ref_17,N/C,0.026,0.022594098183028936,0.026348808030112924
C-Biochar,SI_ref_16,H/C,0.026,0.3135703842940684,0.02631578947368421
C-Biochar,SI_ref_16,O/C,0.075,0.05605458468829949,0.07466633089901788
C-Biochar,SI_ref_16,N/C,0.036,0.031095435481884915,0.03626290606900025
CB,SI_ref_19,H/C,0.252,0.2502708784797466,0.021003500583430573
CB,SI_ref_19,O/C,0.028,0.02803209039538133,0.037339556592765465
CB,SI_ref_19,N/C,0.037,0.03702157922538981,0.043173862310385065
GCRB,SI_ref_14,H/C,0.022,0.2568648417450813,0.02155688622754491
GCRB,SI_ref_14,O/C,0.044,0.03326607613574651,0.04431137724550899
GCRB,SI_ref_14,N/C,0.04,0.03491616039713249,0.0407185628742515
GCRB-N,SI_ref_14,H/C,0.017,0.20122972791850954,0.01688781664656212
GCRB-N,SI_ref_14,O/C,0.043,0.03260125350114237,0.04342581423401689
GCRB-N,SI_ref_14,N/C,0.015,0.013446921205948807,0.015681544028950542
MCB,SI_ref_19,H/C,0.313,0.3112948372382335,0.026124818577648763
MCB,SI_ref_19,O/C,0.062,0.062107201729135635,0.08272859216255442
MCB,SI_ref_19,N/C,0.032,0.032358483830860846,0.03773584905660377
NaOH-activated SCW biochars,SI_ref_18,H/C,0.04,0.03985175452566757,0.0033444816053511705
NaOH-activated SCW biochars,SI_ref_18,O/C,0.023,0.020086539689667053,0.026755852842809364
NaOH-activated SCW biochars,SI_ref_18,N/C,0.0,0.0,0.0
PB600,SI_ref_13,H/C,0.32,0.320614673927277,0.026906967889326054
PB600,SI_ref_13,O/C,0.04289884503109531,0.032205639581754215,0.04289884503109531
PB600,SI_ref_13,N/C,0.025257012311207003,0.021657883548933197,0.025257012311207003
PB600,SI_ref_13,H/C,0.32,0.320614673927277,0.026906967889326054
PB600,SI_ref_13,O/C,0.04289884503109531,0.032205639581754215,0.04289884503109531
PB600,SI_ref_13,N/C,0.035156745779921304,0.030146903231429628,0.035156745779921304
PB800,SI_ref_13,H/C,0.02998001332445037,0.35723208337298945,0.02998001332445037
PB800,SI_ref_13,O/C,0.046902065289806796,0.03521099482441836,0.046902065289806796
PB800,SI_ref_13,N/C,0.03690872751499001,0.03164922725655351,0.03690872751499001
PSB,SI_ref_15,H/C,0.2,0.22015103192932295,0.01847575057736721
PSB,SI_ref_15,O/C,0.03,0.032075258167838724,0.04272517321016167
PSB,SI_ref_15,N/C,0.02,0.01683313737390625,0.019630484988452657
PSBOX-A,SI_ref_15,H/C,0.1,0.15964972062718713,0.013398294762484777
PSBOX-A,SI_ref_15,O/C,0.04,0.0448063174472156,0.05968331303288673
PSBOX-A,SI_ref_15,N/C,0.01,0.013577950888832598,0.015834348355663826
Pristine SCG biochar,SI_ref_17,H/C,0.017,0.2054426655719759,0.017241379310344827
Pristine SCG biochar,SI_ref_17,O/C,0.027,0.02034009514757234,0.027093596059113302
Pristine SCG biochar,SI_ref_17,N/C,0.032,0.027456890836777246,0.03201970443349754
Pristine SCW Biochar,SI_ref_18,H/C,0.11,0.10969550842968565,0.009205983889528193
Pristine SCW Biochar,SI_ref_18,O/C,0.027,0.016414216337312795,0.021864211737629455
Pristine SCW Biochar,SI_ref_18,N/C,0.032,0.02170885624095728,0.02531645569620253
