removed,winner,original,seed,track,fold
ARD,RandomForest_2,RandomForest_2,11,broad,0
AdaBoost,RandomForest_2,RandomForest_2,11,broad,0
Bagging,RandomForest_2,RandomForest_2,11,broad,0
BayesianRidge,RandomForest_2,RandomForest_2,11,broad,0
CatBoost,RandomForest_2,RandomForest_2,11,broad,0
DecisionTree,RandomForest_2,RandomForest_2,11,broad,0
ElasticNet,RandomForest_2,RandomForest_2,11,broad,0
ExtraTrees,RandomForest_2,RandomForest_2,11,broad,0
GradientBoosting,RandomForest_2,RandomForest_2,11,broad,0
HistGradientBoosting,RandomForest_2,RandomForest_2,11,broad,0
Huber,RandomForest_2,RandomForest_2,11,broad,0
KNN,RandomForest_2,RandomForest_2,11,broad,0
KernelRidge,RandomForest_2,RandomForest_2,11,broad,0
Lasso,RandomForest_2,RandomForest_2,11,broad,0
LightGBM,RandomForest_2,RandomForest_2,11,broad,0
MLP,RandomForest_2,RandomForest_2,11,broad,0
OLS,RandomForest_2,RandomForest_2,11,broad,0
PCR,RandomForest_2,RandomForest_2,11,broad,0
PLS,RandomForest_2,RandomForest_2,11,broad,0
RandomForest,CatBoost_2,RandomForest_2,11,broad,0
Ridge,RandomForest_2,RandomForest_2,11,broad,0
SVR,RandomForest_2,RandomForest_2,11,broad,0
SplineRidge,RandomForest_2,RandomForest_2,11,broad,0
XGBoost,RandomForest_2,RandomForest_2,11,broad,0
ARD,KernelRidge_1,KernelRidge_1,11,broad,1
AdaBoost,KernelRidge_1,KernelRidge_1,11,broad,1
Bagging,KernelRidge_1,KernelRidge_1,11,broad,1
BayesianRidge,KernelRidge_1,KernelRidge_1,11,broad,1
CatBoost,KernelRidge_1,KernelRidge_1,11,broad,1
DecisionTree,KernelRidge_1,KernelRidge_1,11,broad,1
ElasticNet,KernelRidge_1,KernelRidge_1,11,broad,1
ExtraTrees,KernelRidge_1,KernelRidge_1,11,broad,1
GradientBoosting,KernelRidge_1,KernelRidge_1,11,broad,1
HistGradientBoosting,KernelRidge_1,KernelRidge_1,11,broad,1
Huber,KernelRidge_1,KernelRidge_1,11,broad,1
KNN,KernelRidge_1,KernelRidge_1,11,broad,1
KernelRidge,SVR_1,KernelRidge_1,11,broad,1
Lasso,KernelRidge_1,KernelRidge_1,11,broad,1
LightGBM,KernelRidge_1,KernelRidge_1,11,broad,1
MLP,KernelRidge_1,KernelRidge_1,11,broad,1
OLS,KernelRidge_1,KernelRidge_1,11,broad,1
PCR,KernelRidge_1,KernelRidge_1,11,broad,1
PLS,KernelRidge_1,KernelRidge_1,11,broad,1
RandomForest,KernelRidge_1,KernelRidge_1,11,broad,1
Ridge,KernelRidge_1,KernelRidge_1,11,broad,1
SVR,KernelRidge_1,KernelRidge_1,11,broad,1
SplineRidge,KernelRidge_1,KernelRidge_1,11,broad,1
XGBoost,KernelRidge_1,KernelRidge_1,11,broad,1
ARD,SVR_1,SVR_1,11,broad,2
AdaBoost,SVR_1,SVR_1,11,broad,2
Bagging,SVR_1,SVR_1,11,broad,2
BayesianRidge,SVR_1,SVR_1,11,broad,2
CatBoost,SVR_1,SVR_1,11,broad,2
DecisionTree,SVR_1,SVR_1,11,broad,2
ElasticNet,SVR_1,SVR_1,11,broad,2
ExtraTrees,SVR_1,SVR_1,11,broad,2
GradientBoosting,SVR_1,SVR_1,11,broad,2
HistGradientBoosting,SVR_1,SVR_1,11,broad,2
Huber,SVR_1,SVR_1,11,broad,2
KNN,SVR_1,SVR_1,11,broad,2
KernelRidge,SVR_1,SVR_1,11,broad,2
Lasso,SVR_1,SVR_1,11,broad,2
LightGBM,SVR_1,SVR_1,11,broad,2
MLP,SVR_1,SVR_1,11,broad,2
OLS,SVR_1,SVR_1,11,broad,2
PCR,SVR_1,SVR_1,11,broad,2
PLS,SVR_1,SVR_1,11,broad,2
RandomForest,SVR_1,SVR_1,11,broad,2
Ridge,SVR_1,SVR_1,11,broad,2
SVR,KernelRidge_1,SVR_1,11,broad,2
SplineRidge,SVR_1,SVR_1,11,broad,2
XGBoost,SVR_1,SVR_1,11,broad,2
ARD,XGBoost_1,XGBoost_1,11,broad,3
AdaBoost,XGBoost_1,XGBoost_1,11,broad,3
Bagging,XGBoost_1,XGBoost_1,11,broad,3
BayesianRidge,XGBoost_1,XGBoost_1,11,broad,3
CatBoost,XGBoost_1,XGBoost_1,11,broad,3
DecisionTree,XGBoost_1,XGBoost_1,11,broad,3
ElasticNet,XGBoost_1,XGBoost_1,11,broad,3
ExtraTrees,XGBoost_1,XGBoost_1,11,broad,3
GradientBoosting,XGBoost_1,XGBoost_1,11,broad,3
HistGradientBoosting,XGBoost_1,XGBoost_1,11,broad,3
Huber,XGBoost_1,XGBoost_1,11,broad,3
KNN,XGBoost_1,XGBoost_1,11,broad,3
KernelRidge,XGBoost_1,XGBoost_1,11,broad,3
Lasso,XGBoost_1,XGBoost_1,11,broad,3
LightGBM,XGBoost_1,XGBoost_1,11,broad,3
MLP,XGBoost_1,XGBoost_1,11,broad,3
OLS,XGBoost_1,XGBoost_1,11,broad,3
PCR,XGBoost_1,XGBoost_1,11,broad,3
PLS,XGBoost_1,XGBoost_1,11,broad,3
RandomForest,XGBoost_1,XGBoost_1,11,broad,3
Ridge,XGBoost_1,XGBoost_1,11,broad,3
SVR,XGBoost_1,XGBoost_1,11,broad,3
SplineRidge,XGBoost_1,XGBoost_1,11,broad,3
XGBoost,SVR_2,XGBoost_1,11,broad,3
ARD,GradientBoosting_2,GradientBoosting_2,11,broad,4
AdaBoost,GradientBoosting_2,GradientBoosting_2,11,broad,4
Bagging,GradientBoosting_2,GradientBoosting_2,11,broad,4
BayesianRidge,GradientBoosting_2,GradientBoosting_2,11,broad,4
CatBoost,GradientBoosting_2,GradientBoosting_2,11,broad,4
DecisionTree,GradientBoosting_2,GradientBoosting_2,11,broad,4
ElasticNet,GradientBoosting_2,GradientBoosting_2,11,broad,4
ExtraTrees,GradientBoosting_2,GradientBoosting_2,11,broad,4
GradientBoosting,CatBoost_2,GradientBoosting_2,11,broad,4
HistGradientBoosting,GradientBoosting_2,GradientBoosting_2,11,broad,4
Huber,GradientBoosting_2,GradientBoosting_2,11,broad,4
KNN,GradientBoosting_2,GradientBoosting_2,11,broad,4
KernelRidge,GradientBoosting_2,GradientBoosting_2,11,broad,4
Lasso,GradientBoosting_2,GradientBoosting_2,11,broad,4
LightGBM,GradientBoosting_2,GradientBoosting_2,11,broad,4
MLP,GradientBoosting_2,GradientBoosting_2,11,broad,4
OLS,GradientBoosting_2,GradientBoosting_2,11,broad,4
PCR,GradientBoosting_2,GradientBoosting_2,11,broad,4
PLS,GradientBoosting_2,GradientBoosting_2,11,broad,4
RandomForest,GradientBoosting_2,GradientBoosting_2,11,broad,4
Ridge,GradientBoosting_2,GradientBoosting_2,11,broad,4
SVR,GradientBoosting_2,GradientBoosting_2,11,broad,4
SplineRidge,GradientBoosting_2,GradientBoosting_2,11,broad,4
XGBoost,GradientBoosting_2,GradientBoosting_2,11,broad,4
ARD,XGBoost_2,XGBoost_2,11,exact,0
AdaBoost,XGBoost_2,XGBoost_2,11,exact,0
Bagging,XGBoost_2,XGBoost_2,11,exact,0
BayesianRidge,XGBoost_2,XGBoost_2,11,exact,0
CatBoost,XGBoost_2,XGBoost_2,11,exact,0
DecisionTree,XGBoost_2,XGBoost_2,11,exact,0
ElasticNet,XGBoost_2,XGBoost_2,11,exact,0
ExtraTrees,XGBoost_2,XGBoost_2,11,exact,0
GradientBoosting,XGBoost_2,XGBoost_2,11,exact,0
HistGradientBoosting,XGBoost_2,XGBoost_2,11,exact,0
Huber,XGBoost_2,XGBoost_2,11,exact,0
KNN,XGBoost_2,XGBoost_2,11,exact,0
KernelRidge,XGBoost_2,XGBoost_2,11,exact,0
Lasso,XGBoost_2,XGBoost_2,11,exact,0
LightGBM,XGBoost_2,XGBoost_2,11,exact,0
MLP,XGBoost_2,XGBoost_2,11,exact,0
OLS,XGBoost_2,XGBoost_2,11,exact,0
PCR,XGBoost_2,XGBoost_2,11,exact,0
PLS,XGBoost_2,XGBoost_2,11,exact,0
RandomForest,XGBoost_2,XGBoost_2,11,exact,0
Ridge,XGBoost_2,XGBoost_2,11,exact,0
SVR,XGBoost_2,XGBoost_2,11,exact,0
SplineRidge,XGBoost_2,XGBoost_2,11,exact,0
XGBoost,LightGBM_1,XGBoost_2,11,exact,0
ARD,HistGradientBoosting_2,HistGradientBoosting_2,11,exact,1
AdaBoost,HistGradientBoosting_2,HistGradientBoosting_2,11,exact,1
Bagging,HistGradientBoosting_2,HistGradientBoosting_2,11,exact,1
BayesianRidge,HistGradientBoosting_2,HistGradientBoosting_2,11,exact,1
CatBoost,HistGradientBoosting_2,HistGradientBoosting_2,11,exact,1
DecisionTree,HistGradientBoosting_2,HistGradientBoosting_2,11,exact,1
ElasticNet,HistGradientBoosting_2,HistGradientBoosting_2,11,exact,1
ExtraTrees,HistGradientBoosting_2,HistGradientBoosting_2,11,exact,1
GradientBoosting,HistGradientBoosting_2,HistGradientBoosting_2,11,exact,1
HistGradientBoosting,LightGBM_2,HistGradientBoosting_2,11,exact,1
Huber,HistGradientBoosting_2,HistGradientBoosting_2,11,exact,1
KNN,HistGradientBoosting_2,HistGradientBoosting_2,11,exact,1
KernelRidge,HistGradientBoosting_2,HistGradientBoosting_2,11,exact,1
Lasso,HistGradientBoosting_2,HistGradientBoosting_2,11,exact,1
LightGBM,HistGradientBoosting_2,HistGradientBoosting_2,11,exact,1
MLP,HistGradientBoosting_2,HistGradientBoosting_2,11,exact,1
OLS,HistGradientBoosting_2,HistGradientBoosting_2,11,exact,1
PCR,HistGradientBoosting_2,HistGradientBoosting_2,11,exact,1
PLS,HistGradientBoosting_2,HistGradientBoosting_2,11,exact,1
RandomForest,HistGradientBoosting_2,HistGradientBoosting_2,11,exact,1
Ridge,HistGradientBoosting_2,HistGradientBoosting_2,11,exact,1
SVR,HistGradientBoosting_2,HistGradientBoosting_2,11,exact,1
SplineRidge,HistGradientBoosting_2,HistGradientBoosting_2,11,exact,1
XGBoost,HistGradientBoosting_2,HistGradientBoosting_2,11,exact,1
ARD,CatBoost_2,CatBoost_2,11,exact,2
AdaBoost,CatBoost_2,CatBoost_2,11,exact,2
Bagging,CatBoost_2,CatBoost_2,11,exact,2
BayesianRidge,CatBoost_2,CatBoost_2,11,exact,2
CatBoost,GradientBoosting_2,CatBoost_2,11,exact,2
DecisionTree,CatBoost_2,CatBoost_2,11,exact,2
ElasticNet,CatBoost_2,CatBoost_2,11,exact,2
ExtraTrees,CatBoost_2,CatBoost_2,11,exact,2
GradientBoosting,CatBoost_2,CatBoost_2,11,exact,2
HistGradientBoosting,CatBoost_2,CatBoost_2,11,exact,2
Huber,CatBoost_2,CatBoost_2,11,exact,2
KNN,CatBoost_2,CatBoost_2,11,exact,2
KernelRidge,CatBoost_2,CatBoost_2,11,exact,2
Lasso,CatBoost_2,CatBoost_2,11,exact,2
LightGBM,CatBoost_2,CatBoost_2,11,exact,2
MLP,CatBoost_2,CatBoost_2,11,exact,2
OLS,CatBoost_2,CatBoost_2,11,exact,2
PCR,CatBoost_2,CatBoost_2,11,exact,2
PLS,CatBoost_2,CatBoost_2,11,exact,2
RandomForest,CatBoost_2,CatBoost_2,11,exact,2
Ridge,CatBoost_2,CatBoost_2,11,exact,2
SVR,CatBoost_2,CatBoost_2,11,exact,2
SplineRidge,CatBoost_2,CatBoost_2,11,exact,2
XGBoost,CatBoost_2,CatBoost_2,11,exact,2
ARD,XGBoost_2,XGBoost_2,11,exact,3
AdaBoost,XGBoost_2,XGBoost_2,11,exact,3
Bagging,XGBoost_2,XGBoost_2,11,exact,3
BayesianRidge,XGBoost_2,XGBoost_2,11,exact,3
CatBoost,XGBoost_2,XGBoost_2,11,exact,3
DecisionTree,XGBoost_2,XGBoost_2,11,exact,3
ElasticNet,XGBoost_2,XGBoost_2,11,exact,3
ExtraTrees,XGBoost_2,XGBoost_2,11,exact,3
GradientBoosting,XGBoost_2,XGBoost_2,11,exact,3
HistGradientBoosting,XGBoost_2,XGBoost_2,11,exact,3
Huber,XGBoost_2,XGBoost_2,11,exact,3
KNN,XGBoost_2,XGBoost_2,11,exact,3
KernelRidge,XGBoost_2,XGBoost_2,11,exact,3
Lasso,XGBoost_2,XGBoost_2,11,exact,3
LightGBM,XGBoost_2,XGBoost_2,11,exact,3
MLP,XGBoost_2,XGBoost_2,11,exact,3
OLS,XGBoost_2,XGBoost_2,11,exact,3
PCR,XGBoost_2,XGBoost_2,11,exact,3
PLS,XGBoost_2,XGBoost_2,11,exact,3
RandomForest,XGBoost_2,XGBoost_2,11,exact,3
Ridge,XGBoost_2,XGBoost_2,11,exact,3
SVR,XGBoost_2,XGBoost_2,11,exact,3
SplineRidge,XGBoost_2,XGBoost_2,11,exact,3
XGBoost,GradientBoosting_2,XGBoost_2,11,exact,3
ARD,XGBoost_2,XGBoost_2,11,exact,4
AdaBoost,XGBoost_2,XGBoost_2,11,exact,4
Bagging,XGBoost_2,XGBoost_2,11,exact,4
BayesianRidge,XGBoost_2,XGBoost_2,11,exact,4
CatBoost,XGBoost_2,XGBoost_2,11,exact,4
DecisionTree,XGBoost_2,XGBoost_2,11,exact,4
ElasticNet,XGBoost_2,XGBoost_2,11,exact,4
ExtraTrees,XGBoost_2,XGBoost_2,11,exact,4
GradientBoosting,XGBoost_2,XGBoost_2,11,exact,4
HistGradientBoosting,XGBoost_2,XGBoost_2,11,exact,4
Huber,XGBoost_2,XGBoost_2,11,exact,4
KNN,XGBoost_2,XGBoost_2,11,exact,4
KernelRidge,XGBoost_2,XGBoost_2,11,exact,4
Lasso,XGBoost_2,XGBoost_2,11,exact,4
LightGBM,XGBoost_2,XGBoost_2,11,exact,4
MLP,XGBoost_2,XGBoost_2,11,exact,4
OLS,XGBoost_2,XGBoost_2,11,exact,4
PCR,XGBoost_2,XGBoost_2,11,exact,4
PLS,XGBoost_2,XGBoost_2,11,exact,4
RandomForest,XGBoost_2,XGBoost_2,11,exact,4
Ridge,XGBoost_2,XGBoost_2,11,exact,4
SVR,XGBoost_2,XGBoost_2,11,exact,4
SplineRidge,XGBoost_2,XGBoost_2,11,exact,4
XGBoost,ExtraTrees_2,XGBoost_2,11,exact,4
ARD,PLS_2,PLS_2,11,source,0
AdaBoost,PLS_2,PLS_2,11,source,0
Bagging,PLS_2,PLS_2,11,source,0
BayesianRidge,PLS_2,PLS_2,11,source,0
CatBoost,PLS_2,PLS_2,11,source,0
DecisionTree,PLS_2,PLS_2,11,source,0
ElasticNet,PLS_2,PLS_2,11,source,0
ExtraTrees,PLS_2,PLS_2,11,source,0
GradientBoosting,PLS_2,PLS_2,11,source,0
HistGradientBoosting,PLS_2,PLS_2,11,source,0
Huber,PLS_2,PLS_2,11,source,0
KNN,PLS_2,PLS_2,11,source,0
KernelRidge,PLS_2,PLS_2,11,source,0
Lasso,PLS_2,PLS_2,11,source,0
LightGBM,PLS_2,PLS_2,11,source,0
MLP,PLS_2,PLS_2,11,source,0
OLS,PLS_2,PLS_2,11,source,0
PCR,PLS_2,PLS_2,11,source,0
PLS,ElasticNet_2,PLS_2,11,source,0
RandomForest,PLS_2,PLS_2,11,source,0
Ridge,PLS_2,PLS_2,11,source,0
SVR,PLS_2,PLS_2,11,source,0
SplineRidge,PLS_2,PLS_2,11,source,0
XGBoost,PLS_2,PLS_2,11,source,0
ARD,SVR_1,SVR_1,11,source,1
AdaBoost,SVR_1,SVR_1,11,source,1
Bagging,SVR_1,SVR_1,11,source,1
BayesianRidge,SVR_1,SVR_1,11,source,1
CatBoost,SVR_1,SVR_1,11,source,1
DecisionTree,SVR_1,SVR_1,11,source,1
ElasticNet,SVR_1,SVR_1,11,source,1
ExtraTrees,SVR_1,SVR_1,11,source,1
GradientBoosting,SVR_1,SVR_1,11,source,1
HistGradientBoosting,SVR_1,SVR_1,11,source,1
Huber,SVR_1,SVR_1,11,source,1
KNN,SVR_1,SVR_1,11,source,1
KernelRidge,SVR_1,SVR_1,11,source,1
Lasso,SVR_1,SVR_1,11,source,1
LightGBM,SVR_1,SVR_1,11,source,1
MLP,SVR_1,SVR_1,11,source,1
OLS,SVR_1,SVR_1,11,source,1
PCR,SVR_1,SVR_1,11,source,1
PLS,SVR_1,SVR_1,11,source,1
RandomForest,SVR_1,SVR_1,11,source,1
Ridge,SVR_1,SVR_1,11,source,1
SVR,KernelRidge_1,SVR_1,11,source,1
SplineRidge,SVR_1,SVR_1,11,source,1
XGBoost,SVR_1,SVR_1,11,source,1
ARD,SVR_1,SVR_1,11,source,2
AdaBoost,SVR_1,SVR_1,11,source,2
Bagging,SVR_1,SVR_1,11,source,2
BayesianRidge,SVR_1,SVR_1,11,source,2
CatBoost,SVR_1,SVR_1,11,source,2
DecisionTree,SVR_1,SVR_1,11,source,2
ElasticNet,SVR_1,SVR_1,11,source,2
ExtraTrees,SVR_1,SVR_1,11,source,2
GradientBoosting,SVR_1,SVR_1,11,source,2
HistGradientBoosting,SVR_1,SVR_1,11,source,2
Huber,SVR_1,SVR_1,11,source,2
KNN,SVR_1,SVR_1,11,source,2
KernelRidge,SVR_1,SVR_1,11,source,2
Lasso,SVR_1,SVR_1,11,source,2
LightGBM,SVR_1,SVR_1,11,source,2
MLP,SVR_1,SVR_1,11,source,2
OLS,SVR_1,SVR_1,11,source,2
PCR,SVR_1,SVR_1,11,source,2
PLS,SVR_1,SVR_1,11,source,2
RandomForest,SVR_1,SVR_1,11,source,2
Ridge,SVR_1,SVR_1,11,source,2
SVR,PLS_2,SVR_1,11,source,2
SplineRidge,SVR_1,SVR_1,11,source,2
XGBoost,SVR_1,SVR_1,11,source,2
ARD,PCR_2,PCR_2,11,source,3
AdaBoost,PCR_2,PCR_2,11,source,3
Bagging,PCR_2,PCR_2,11,source,3
BayesianRidge,PCR_2,PCR_2,11,source,3
CatBoost,PCR_2,PCR_2,11,source,3
DecisionTree,PCR_2,PCR_2,11,source,3
ElasticNet,PCR_2,PCR_2,11,source,3
ExtraTrees,PCR_2,PCR_2,11,source,3
GradientBoosting,PCR_2,PCR_2,11,source,3
HistGradientBoosting,PCR_2,PCR_2,11,source,3
Huber,PCR_2,PCR_2,11,source,3
KNN,PCR_2,PCR_2,11,source,3
KernelRidge,PCR_2,PCR_2,11,source,3
Lasso,PCR_2,PCR_2,11,source,3
LightGBM,PCR_2,PCR_2,11,source,3
MLP,PCR_2,PCR_2,11,source,3
OLS,PCR_2,PCR_2,11,source,3
PCR,KernelRidge_1,PCR_2,11,source,3
PLS,PCR_2,PCR_2,11,source,3
RandomForest,PCR_2,PCR_2,11,source,3
Ridge,PCR_2,PCR_2,11,source,3
SVR,PCR_2,PCR_2,11,source,3
SplineRidge,PCR_2,PCR_2,11,source,3
XGBoost,PCR_2,PCR_2,11,source,3
ARD,PCR_2,PCR_2,11,source,4
AdaBoost,PCR_2,PCR_2,11,source,4
Bagging,PCR_2,PCR_2,11,source,4
BayesianRidge,PCR_2,PCR_2,11,source,4
CatBoost,PCR_2,PCR_2,11,source,4
DecisionTree,PCR_2,PCR_2,11,source,4
ElasticNet,PCR_2,PCR_2,11,source,4
ExtraTrees,PCR_2,PCR_2,11,source,4
GradientBoosting,PCR_2,PCR_2,11,source,4
HistGradientBoosting,PCR_2,PCR_2,11,source,4
Huber,PCR_2,PCR_2,11,source,4
KNN,PCR_2,PCR_2,11,source,4
KernelRidge,PCR_2,PCR_2,11,source,4
Lasso,PCR_2,PCR_2,11,source,4
LightGBM,PCR_2,PCR_2,11,source,4
MLP,PCR_2,PCR_2,11,source,4
OLS,PCR_2,PCR_2,11,source,4
PCR,PLS_1,PCR_2,11,source,4
PLS,PCR_2,PCR_2,11,source,4
RandomForest,PCR_2,PCR_2,11,source,4
Ridge,PCR_2,PCR_2,11,source,4
SVR,PCR_2,PCR_2,11,source,4
SplineRidge,PCR_2,PCR_2,11,source,4
XGBoost,PCR_2,PCR_2,11,source,4
ARD,PCR_2,PCR_2,11,source,5
AdaBoost,PCR_2,PCR_2,11,source,5
Bagging,PCR_2,PCR_2,11,source,5
BayesianRidge,PCR_2,PCR_2,11,source,5
CatBoost,PCR_2,PCR_2,11,source,5
DecisionTree,PCR_2,PCR_2,11,source,5
ElasticNet,PCR_2,PCR_2,11,source,5
ExtraTrees,PCR_2,PCR_2,11,source,5
GradientBoosting,PCR_2,PCR_2,11,source,5
HistGradientBoosting,PCR_2,PCR_2,11,source,5
Huber,PCR_2,PCR_2,11,source,5
KNN,PCR_2,PCR_2,11,source,5
KernelRidge,PCR_2,PCR_2,11,source,5
Lasso,PCR_2,PCR_2,11,source,5
LightGBM,PCR_2,PCR_2,11,source,5
MLP,PCR_2,PCR_2,11,source,5
OLS,ElasticNet_2,PCR_2,11,source,5
PCR,PLS_2,PCR_2,11,source,5
PLS,PCR_2,PCR_2,11,source,5
RandomForest,PCR_2,PCR_2,11,source,5
Ridge,PCR_2,PCR_2,11,source,5
SVR,PCR_2,PCR_2,11,source,5
SplineRidge,PCR_2,PCR_2,11,source,5
XGBoost,PCR_2,PCR_2,11,source,5
ARD,KernelRidge_1,KernelRidge_1,11,source,6
AdaBoost,KernelRidge_1,KernelRidge_1,11,source,6
Bagging,KernelRidge_1,KernelRidge_1,11,source,6
BayesianRidge,KernelRidge_1,KernelRidge_1,11,source,6
CatBoost,KernelRidge_1,KernelRidge_1,11,source,6
DecisionTree,KernelRidge_1,KernelRidge_1,11,source,6
ElasticNet,KernelRidge_1,KernelRidge_1,11,source,6
ExtraTrees,KernelRidge_1,KernelRidge_1,11,source,6
GradientBoosting,KernelRidge_1,KernelRidge_1,11,source,6
HistGradientBoosting,KernelRidge_1,KernelRidge_1,11,source,6
Huber,KernelRidge_1,KernelRidge_1,11,source,6
KNN,KernelRidge_1,KernelRidge_1,11,source,6
KernelRidge,SVR_1,KernelRidge_1,11,source,6
Lasso,KernelRidge_1,KernelRidge_1,11,source,6
LightGBM,KernelRidge_1,KernelRidge_1,11,source,6
MLP,KernelRidge_1,KernelRidge_1,11,source,6
OLS,KernelRidge_1,KernelRidge_1,11,source,6
PCR,KernelRidge_1,KernelRidge_1,11,source,6
PLS,KernelRidge_1,KernelRidge_1,11,source,6
RandomForest,KernelRidge_1,KernelRidge_1,11,source,6
Ridge,KernelRidge_1,KernelRidge_1,11,source,6
SVR,KernelRidge_1,KernelRidge_1,11,source,6
SplineRidge,KernelRidge_1,KernelRidge_1,11,source,6
XGBoost,KernelRidge_1,KernelRidge_1,11,source,6
ARD,SVR_2,SVR_2,23,broad,0
AdaBoost,SVR_2,SVR_2,23,broad,0
Bagging,SVR_2,SVR_2,23,broad,0
BayesianRidge,SVR_2,SVR_2,23,broad,0
CatBoost,SVR_2,SVR_2,23,broad,0
DecisionTree,SVR_2,SVR_2,23,broad,0
ElasticNet,SVR_2,SVR_2,23,broad,0
ExtraTrees,SVR_2,SVR_2,23,broad,0
GradientBoosting,SVR_2,SVR_2,23,broad,0
HistGradientBoosting,SVR_2,SVR_2,23,broad,0
Huber,SVR_2,SVR_2,23,broad,0
KNN,SVR_2,SVR_2,23,broad,0
KernelRidge,SVR_2,SVR_2,23,broad,0
Lasso,SVR_2,SVR_2,23,broad,0
LightGBM,SVR_2,SVR_2,23,broad,0
MLP,SVR_2,SVR_2,23,broad,0
OLS,SVR_2,SVR_2,23,broad,0
PCR,SVR_2,SVR_2,23,broad,0
PLS,SVR_2,SVR_2,23,broad,0
RandomForest,SVR_2,SVR_2,23,broad,0
Ridge,SVR_2,SVR_2,23,broad,0
SVR,KernelRidge_1,SVR_2,23,broad,0
SplineRidge,SVR_2,SVR_2,23,broad,0
XGBoost,SVR_2,SVR_2,23,broad,0
ARD,PLS_1,PLS_1,23,broad,1
AdaBoost,PLS_1,PLS_1,23,broad,1
Bagging,PLS_1,PLS_1,23,broad,1
BayesianRidge,PLS_1,PLS_1,23,broad,1
CatBoost,PLS_1,PLS_1,23,broad,1
DecisionTree,PLS_1,PLS_1,23,broad,1
ElasticNet,PLS_1,PLS_1,23,broad,1
ExtraTrees,PLS_1,PLS_1,23,broad,1
GradientBoosting,PLS_1,PLS_1,23,broad,1
HistGradientBoosting,PLS_1,PLS_1,23,broad,1
Huber,PLS_1,PLS_1,23,broad,1
KNN,PLS_1,PLS_1,23,broad,1
KernelRidge,PLS_1,PLS_1,23,broad,1
Lasso,PLS_1,PLS_1,23,broad,1
LightGBM,PLS_1,PLS_1,23,broad,1
MLP,PLS_1,PLS_1,23,broad,1
OLS,PLS_1,PLS_1,23,broad,1
PCR,PLS_1,PLS_1,23,broad,1
PLS,ElasticNet_2,PLS_1,23,broad,1
RandomForest,PLS_1,PLS_1,23,broad,1
Ridge,PLS_1,PLS_1,23,broad,1
SVR,PLS_1,PLS_1,23,broad,1
SplineRidge,PLS_1,PLS_1,23,broad,1
XGBoost,PLS_1,PLS_1,23,broad,1
ARD,SVR_1,SVR_1,23,broad,2
AdaBoost,SVR_1,SVR_1,23,broad,2
Bagging,SVR_1,SVR_1,23,broad,2
BayesianRidge,SVR_1,SVR_1,23,broad,2
CatBoost,SVR_1,SVR_1,23,broad,2
DecisionTree,SVR_1,SVR_1,23,broad,2
ElasticNet,SVR_1,SVR_1,23,broad,2
ExtraTrees,SVR_1,SVR_1,23,broad,2
GradientBoosting,SVR_1,SVR_1,23,broad,2
HistGradientBoosting,SVR_1,SVR_1,23,broad,2
Huber,SVR_1,SVR_1,23,broad,2
KNN,SVR_1,SVR_1,23,broad,2
KernelRidge,SVR_1,SVR_1,23,broad,2
Lasso,SVR_1,SVR_1,23,broad,2
LightGBM,SVR_1,SVR_1,23,broad,2
MLP,SVR_1,SVR_1,23,broad,2
OLS,SVR_1,SVR_1,23,broad,2
PCR,SVR_1,SVR_1,23,broad,2
PLS,SVR_1,SVR_1,23,broad,2
RandomForest,SVR_1,SVR_1,23,broad,2
Ridge,SVR_1,SVR_1,23,broad,2
SVR,HistGradientBoosting_1,SVR_1,23,broad,2
SplineRidge,SVR_1,SVR_1,23,broad,2
XGBoost,SVR_1,SVR_1,23,broad,2
ARD,SVR_1,SVR_1,23,broad,3
AdaBoost,SVR_1,SVR_1,23,broad,3
Bagging,SVR_1,SVR_1,23,broad,3
BayesianRidge,SVR_1,SVR_1,23,broad,3
CatBoost,SVR_1,SVR_1,23,broad,3
DecisionTree,SVR_1,SVR_1,23,broad,3
ElasticNet,SVR_1,SVR_1,23,broad,3
ExtraTrees,SVR_1,SVR_1,23,broad,3
GradientBoosting,SVR_1,SVR_1,23,broad,3
HistGradientBoosting,SVR_1,SVR_1,23,broad,3
Huber,SVR_1,SVR_1,23,broad,3
KNN,SVR_1,SVR_1,23,broad,3
KernelRidge,SVR_1,SVR_1,23,broad,3
Lasso,SVR_1,SVR_1,23,broad,3
LightGBM,SVR_1,SVR_1,23,broad,3
MLP,SVR_1,SVR_1,23,broad,3
OLS,SVR_1,SVR_1,23,broad,3
PCR,SVR_1,SVR_1,23,broad,3
PLS,SVR_1,SVR_1,23,broad,3
RandomForest,SVR_1,SVR_1,23,broad,3
Ridge,SVR_1,SVR_1,23,broad,3
SVR,KernelRidge_1,SVR_1,23,broad,3
SplineRidge,SVR_1,SVR_1,23,broad,3
XGBoost,SVR_1,SVR_1,23,broad,3
ARD,SVR_1,SVR_1,23,broad,4
AdaBoost,SVR_1,SVR_1,23,broad,4
Bagging,SVR_1,SVR_1,23,broad,4
BayesianRidge,SVR_1,SVR_1,23,broad,4
CatBoost,SVR_1,SVR_1,23,broad,4
DecisionTree,SVR_1,SVR_1,23,broad,4
ElasticNet,SVR_1,SVR_1,23,broad,4
ExtraTrees,SVR_1,SVR_1,23,broad,4
GradientBoosting,SVR_1,SVR_1,23,broad,4
HistGradientBoosting,SVR_1,SVR_1,23,broad,4
Huber,SVR_1,SVR_1,23,broad,4
KNN,SVR_1,SVR_1,23,broad,4
KernelRidge,SVR_1,SVR_1,23,broad,4
Lasso,SVR_1,SVR_1,23,broad,4
LightGBM,SVR_1,SVR_1,23,broad,4
MLP,SVR_1,SVR_1,23,broad,4
OLS,SVR_1,SVR_1,23,broad,4
PCR,SVR_1,SVR_1,23,broad,4
PLS,SVR_1,SVR_1,23,broad,4
RandomForest,SVR_1,SVR_1,23,broad,4
Ridge,SVR_1,SVR_1,23,broad,4
SVR,ExtraTrees_1,SVR_1,23,broad,4
SplineRidge,SVR_1,SVR_1,23,broad,4
XGBoost,SVR_1,SVR_1,23,broad,4
ARD,LightGBM_2,LightGBM_2,23,exact,0
AdaBoost,LightGBM_2,LightGBM_2,23,exact,0
Bagging,LightGBM_2,LightGBM_2,23,exact,0
BayesianRidge,LightGBM_2,LightGBM_2,23,exact,0
CatBoost,LightGBM_2,LightGBM_2,23,exact,0
DecisionTree,LightGBM_2,LightGBM_2,23,exact,0
ElasticNet,LightGBM_2,LightGBM_2,23,exact,0
ExtraTrees,LightGBM_2,LightGBM_2,23,exact,0
GradientBoosting,LightGBM_2,LightGBM_2,23,exact,0
HistGradientBoosting,LightGBM_2,LightGBM_2,23,exact,0
Huber,LightGBM_2,LightGBM_2,23,exact,0
KNN,LightGBM_2,LightGBM_2,23,exact,0
KernelRidge,LightGBM_2,LightGBM_2,23,exact,0
Lasso,LightGBM_2,LightGBM_2,23,exact,0
LightGBM,XGBoost_2,LightGBM_2,23,exact,0
MLP,LightGBM_2,LightGBM_2,23,exact,0
OLS,LightGBM_2,LightGBM_2,23,exact,0
PCR,LightGBM_2,LightGBM_2,23,exact,0
PLS,LightGBM_2,LightGBM_2,23,exact,0
RandomForest,LightGBM_2,LightGBM_2,23,exact,0
Ridge,LightGBM_2,LightGBM_2,23,exact,0
SVR,LightGBM_2,LightGBM_2,23,exact,0
SplineRidge,LightGBM_2,LightGBM_2,23,exact,0
XGBoost,LightGBM_2,LightGBM_2,23,exact,0
ARD,CatBoost_2,CatBoost_2,23,exact,1
AdaBoost,CatBoost_2,CatBoost_2,23,exact,1
Bagging,CatBoost_2,CatBoost_2,23,exact,1
BayesianRidge,CatBoost_2,CatBoost_2,23,exact,1
CatBoost,XGBoost_2,CatBoost_2,23,exact,1
DecisionTree,CatBoost_2,CatBoost_2,23,exact,1
ElasticNet,CatBoost_2,CatBoost_2,23,exact,1
ExtraTrees,CatBoost_2,CatBoost_2,23,exact,1
GradientBoosting,CatBoost_2,CatBoost_2,23,exact,1
HistGradientBoosting,CatBoost_2,CatBoost_2,23,exact,1
Huber,CatBoost_2,CatBoost_2,23,exact,1
KNN,CatBoost_2,CatBoost_2,23,exact,1
KernelRidge,CatBoost_2,CatBoost_2,23,exact,1
Lasso,CatBoost_2,CatBoost_2,23,exact,1
LightGBM,CatBoost_2,CatBoost_2,23,exact,1
MLP,CatBoost_2,CatBoost_2,23,exact,1
OLS,CatBoost_2,CatBoost_2,23,exact,1
PCR,CatBoost_2,CatBoost_2,23,exact,1
PLS,CatBoost_2,CatBoost_2,23,exact,1
RandomForest,CatBoost_2,CatBoost_2,23,exact,1
Ridge,CatBoost_2,CatBoost_2,23,exact,1
SVR,CatBoost_2,CatBoost_2,23,exact,1
SplineRidge,CatBoost_2,CatBoost_2,23,exact,1
XGBoost,CatBoost_2,CatBoost_2,23,exact,1
ARD,XGBoost_2,XGBoost_2,23,exact,2
AdaBoost,XGBoost_2,XGBoost_2,23,exact,2
Bagging,XGBoost_2,XGBoost_2,23,exact,2
BayesianRidge,XGBoost_2,XGBoost_2,23,exact,2
CatBoost,XGBoost_2,XGBoost_2,23,exact,2
DecisionTree,XGBoost_2,XGBoost_2,23,exact,2
ElasticNet,XGBoost_2,XGBoost_2,23,exact,2
ExtraTrees,XGBoost_2,XGBoost_2,23,exact,2
GradientBoosting,XGBoost_2,XGBoost_2,23,exact,2
HistGradientBoosting,XGBoost_2,XGBoost_2,23,exact,2
Huber,XGBoost_2,XGBoost_2,23,exact,2
KNN,XGBoost_2,XGBoost_2,23,exact,2
KernelRidge,XGBoost_2,XGBoost_2,23,exact,2
Lasso,XGBoost_2,XGBoost_2,23,exact,2
LightGBM,XGBoost_2,XGBoost_2,23,exact,2
MLP,XGBoost_2,XGBoost_2,23,exact,2
OLS,XGBoost_2,XGBoost_2,23,exact,2
PCR,XGBoost_2,XGBoost_2,23,exact,2
PLS,XGBoost_2,XGBoost_2,23,exact,2
RandomForest,XGBoost_2,XGBoost_2,23,exact,2
Ridge,XGBoost_2,XGBoost_2,23,exact,2
SVR,XGBoost_2,XGBoost_2,23,exact,2
SplineRidge,XGBoost_2,XGBoost_2,23,exact,2
XGBoost,HistGradientBoosting_1,XGBoost_2,23,exact,2
ARD,XGBoost_2,XGBoost_2,23,exact,3
AdaBoost,XGBoost_2,XGBoost_2,23,exact,3
Bagging,XGBoost_2,XGBoost_2,23,exact,3
BayesianRidge,XGBoost_2,XGBoost_2,23,exact,3
CatBoost,XGBoost_2,XGBoost_2,23,exact,3
DecisionTree,XGBoost_2,XGBoost_2,23,exact,3
ElasticNet,XGBoost_2,XGBoost_2,23,exact,3
ExtraTrees,XGBoost_2,XGBoost_2,23,exact,3
GradientBoosting,XGBoost_2,XGBoost_2,23,exact,3
HistGradientBoosting,XGBoost_2,XGBoost_2,23,exact,3
Huber,XGBoost_2,XGBoost_2,23,exact,3
KNN,XGBoost_2,XGBoost_2,23,exact,3
KernelRidge,XGBoost_2,XGBoost_2,23,exact,3
Lasso,XGBoost_2,XGBoost_2,23,exact,3
LightGBM,XGBoost_2,XGBoost_2,23,exact,3
MLP,XGBoost_2,XGBoost_2,23,exact,3
OLS,XGBoost_2,XGBoost_2,23,exact,3
PCR,XGBoost_2,XGBoost_2,23,exact,3
PLS,XGBoost_2,XGBoost_2,23,exact,3
RandomForest,XGBoost_2,XGBoost_2,23,exact,3
Ridge,XGBoost_2,XGBoost_2,23,exact,3
SVR,XGBoost_2,XGBoost_2,23,exact,3
SplineRidge,XGBoost_2,XGBoost_2,23,exact,3
XGBoost,LightGBM_2,XGBoost_2,23,exact,3
ARD,HistGradientBoosting_1,HistGradientBoosting_1,23,exact,4
AdaBoost,HistGradientBoosting_1,HistGradientBoosting_1,23,exact,4
Bagging,HistGradientBoosting_1,HistGradientBoosting_1,23,exact,4
BayesianRidge,HistGradientBoosting_1,HistGradientBoosting_1,23,exact,4
CatBoost,HistGradientBoosting_1,HistGradientBoosting_1,23,exact,4
DecisionTree,HistGradientBoosting_1,HistGradientBoosting_1,23,exact,4
ElasticNet,HistGradientBoosting_1,HistGradientBoosting_1,23,exact,4
ExtraTrees,HistGradientBoosting_1,HistGradientBoosting_1,23,exact,4
GradientBoosting,HistGradientBoosting_1,HistGradientBoosting_1,23,exact,4
HistGradientBoosting,GradientBoosting_2,HistGradientBoosting_1,23,exact,4
Huber,HistGradientBoosting_1,HistGradientBoosting_1,23,exact,4
KNN,HistGradientBoosting_1,HistGradientBoosting_1,23,exact,4
KernelRidge,HistGradientBoosting_1,HistGradientBoosting_1,23,exact,4
Lasso,HistGradientBoosting_1,HistGradientBoosting_1,23,exact,4
LightGBM,HistGradientBoosting_1,HistGradientBoosting_1,23,exact,4
MLP,HistGradientBoosting_1,HistGradientBoosting_1,23,exact,4
OLS,HistGradientBoosting_1,HistGradientBoosting_1,23,exact,4
PCR,HistGradientBoosting_1,HistGradientBoosting_1,23,exact,4
PLS,HistGradientBoosting_1,HistGradientBoosting_1,23,exact,4
RandomForest,HistGradientBoosting_1,HistGradientBoosting_1,23,exact,4
Ridge,HistGradientBoosting_1,HistGradientBoosting_1,23,exact,4
SVR,HistGradientBoosting_1,HistGradientBoosting_1,23,exact,4
SplineRidge,HistGradientBoosting_1,HistGradientBoosting_1,23,exact,4
XGBoost,HistGradientBoosting_1,HistGradientBoosting_1,23,exact,4
ARD,PLS_2,PLS_2,23,source,0
AdaBoost,PLS_2,PLS_2,23,source,0
Bagging,PLS_2,PLS_2,23,source,0
BayesianRidge,PLS_2,PLS_2,23,source,0
CatBoost,PLS_2,PLS_2,23,source,0
DecisionTree,PLS_2,PLS_2,23,source,0
ElasticNet,PLS_2,PLS_2,23,source,0
ExtraTrees,PLS_2,PLS_2,23,source,0
GradientBoosting,PLS_2,PLS_2,23,source,0
HistGradientBoosting,PLS_2,PLS_2,23,source,0
Huber,PLS_2,PLS_2,23,source,0
KNN,PLS_2,PLS_2,23,source,0
KernelRidge,PLS_2,PLS_2,23,source,0
Lasso,PLS_2,PLS_2,23,source,0
LightGBM,PLS_2,PLS_2,23,source,0
MLP,PLS_2,PLS_2,23,source,0
OLS,PLS_2,PLS_2,23,source,0
PCR,PLS_2,PLS_2,23,source,0
PLS,ElasticNet_2,PLS_2,23,source,0
RandomForest,PLS_2,PLS_2,23,source,0
Ridge,PLS_2,PLS_2,23,source,0
SVR,PLS_2,PLS_2,23,source,0
SplineRidge,PLS_2,PLS_2,23,source,0
XGBoost,PLS_2,PLS_2,23,source,0
ARD,SVR_1,SVR_1,23,source,1
AdaBoost,SVR_1,SVR_1,23,source,1
Bagging,SVR_1,SVR_1,23,source,1
BayesianRidge,SVR_1,SVR_1,23,source,1
CatBoost,SVR_1,SVR_1,23,source,1
DecisionTree,SVR_1,SVR_1,23,source,1
ElasticNet,SVR_1,SVR_1,23,source,1
ExtraTrees,SVR_1,SVR_1,23,source,1
GradientBoosting,SVR_1,SVR_1,23,source,1
HistGradientBoosting,SVR_1,SVR_1,23,source,1
Huber,SVR_1,SVR_1,23,source,1
KNN,SVR_1,SVR_1,23,source,1
KernelRidge,SVR_1,SVR_1,23,source,1
Lasso,SVR_1,SVR_1,23,source,1
LightGBM,SVR_1,SVR_1,23,source,1
MLP,SVR_1,SVR_1,23,source,1
OLS,SVR_1,SVR_1,23,source,1
PCR,SVR_1,SVR_1,23,source,1
PLS,SVR_1,SVR_1,23,source,1
RandomForest,SVR_1,SVR_1,23,source,1
Ridge,SVR_1,SVR_1,23,source,1
SVR,KernelRidge_1,SVR_1,23,source,1
SplineRidge,SVR_1,SVR_1,23,source,1
XGBoost,SVR_1,SVR_1,23,source,1
ARD,SVR_1,SVR_1,23,source,2
AdaBoost,SVR_1,SVR_1,23,source,2
Bagging,SVR_1,SVR_1,23,source,2
BayesianRidge,SVR_1,SVR_1,23,source,2
CatBoost,SVR_1,SVR_1,23,source,2
DecisionTree,SVR_1,SVR_1,23,source,2
ElasticNet,SVR_1,SVR_1,23,source,2
ExtraTrees,SVR_1,SVR_1,23,source,2
GradientBoosting,SVR_1,SVR_1,23,source,2
HistGradientBoosting,SVR_1,SVR_1,23,source,2
Huber,SVR_1,SVR_1,23,source,2
KNN,SVR_1,SVR_1,23,source,2
KernelRidge,SVR_1,SVR_1,23,source,2
Lasso,SVR_1,SVR_1,23,source,2
LightGBM,SVR_1,SVR_1,23,source,2
MLP,SVR_1,SVR_1,23,source,2
OLS,SVR_1,SVR_1,23,source,2
PCR,SVR_1,SVR_1,23,source,2
PLS,SVR_1,SVR_1,23,source,2
RandomForest,SVR_1,SVR_1,23,source,2
Ridge,SVR_1,SVR_1,23,source,2
SVR,PLS_2,SVR_1,23,source,2
SplineRidge,SVR_1,SVR_1,23,source,2
XGBoost,SVR_1,SVR_1,23,source,2
ARD,PCR_2,PCR_2,23,source,3
AdaBoost,PCR_2,PCR_2,23,source,3
Bagging,PCR_2,PCR_2,23,source,3
BayesianRidge,PCR_2,PCR_2,23,source,3
CatBoost,PCR_2,PCR_2,23,source,3
DecisionTree,PCR_2,PCR_2,23,source,3
ElasticNet,PCR_2,PCR_2,23,source,3
ExtraTrees,PCR_2,PCR_2,23,source,3
GradientBoosting,PCR_2,PCR_2,23,source,3
HistGradientBoosting,PCR_2,PCR_2,23,source,3
Huber,PCR_2,PCR_2,23,source,3
KNN,PCR_2,PCR_2,23,source,3
KernelRidge,PCR_2,PCR_2,23,source,3
Lasso,PCR_2,PCR_2,23,source,3
LightGBM,PCR_2,PCR_2,23,source,3
MLP,PCR_2,PCR_2,23,source,3
OLS,PCR_2,PCR_2,23,source,3
PCR,KernelRidge_1,PCR_2,23,source,3
PLS,PCR_2,PCR_2,23,source,3
RandomForest,PCR_2,PCR_2,23,source,3
Ridge,PCR_2,PCR_2,23,source,3
SVR,PCR_2,PCR_2,23,source,3
SplineRidge,PCR_2,PCR_2,23,source,3
XGBoost,PCR_2,PCR_2,23,source,3
ARD,PCR_2,PCR_2,23,source,4
AdaBoost,PCR_2,PCR_2,23,source,4
Bagging,PCR_2,PCR_2,23,source,4
BayesianRidge,PCR_2,PCR_2,23,source,4
CatBoost,PCR_2,PCR_2,23,source,4
DecisionTree,PCR_2,PCR_2,23,source,4
ElasticNet,PCR_2,PCR_2,23,source,4
ExtraTrees,PCR_2,PCR_2,23,source,4
GradientBoosting,PCR_2,PCR_2,23,source,4
HistGradientBoosting,PCR_2,PCR_2,23,source,4
Huber,PCR_2,PCR_2,23,source,4
KNN,PCR_2,PCR_2,23,source,4
KernelRidge,PCR_2,PCR_2,23,source,4
Lasso,PCR_2,PCR_2,23,source,4
LightGBM,PCR_2,PCR_2,23,source,4
MLP,PCR_2,PCR_2,23,source,4
OLS,PCR_2,PCR_2,23,source,4
PCR,PLS_1,PCR_2,23,source,4
PLS,PCR_2,PCR_2,23,source,4
RandomForest,PCR_2,PCR_2,23,source,4
Ridge,PCR_2,PCR_2,23,source,4
SVR,PCR_2,PCR_2,23,source,4
SplineRidge,PCR_2,PCR_2,23,source,4
XGBoost,PCR_2,PCR_2,23,source,4
ARD,PCR_2,PCR_2,23,source,5
AdaBoost,PCR_2,PCR_2,23,source,5
Bagging,PCR_2,PCR_2,23,source,5
BayesianRidge,PCR_2,PCR_2,23,source,5
CatBoost,PCR_2,PCR_2,23,source,5
DecisionTree,PCR_2,PCR_2,23,source,5
ElasticNet,PCR_2,PCR_2,23,source,5
ExtraTrees,PCR_2,PCR_2,23,source,5
GradientBoosting,PCR_2,PCR_2,23,source,5
HistGradientBoosting,PCR_2,PCR_2,23,source,5
Huber,PCR_2,PCR_2,23,source,5
KNN,PCR_2,PCR_2,23,source,5
KernelRidge,PCR_2,PCR_2,23,source,5
Lasso,PCR_2,PCR_2,23,source,5
LightGBM,PCR_2,PCR_2,23,source,5
MLP,PCR_2,PCR_2,23,source,5
OLS,PLS_2,PCR_2,23,source,5
PCR,PLS_2,PCR_2,23,source,5
PLS,PCR_2,PCR_2,23,source,5
RandomForest,PCR_2,PCR_2,23,source,5
Ridge,PCR_2,PCR_2,23,source,5
SVR,PCR_2,PCR_2,23,source,5
SplineRidge,PCR_2,PCR_2,23,source,5
XGBoost,PCR_2,PCR_2,23,source,5
ARD,KernelRidge_1,KernelRidge_1,23,source,6
AdaBoost,KernelRidge_1,KernelRidge_1,23,source,6
Bagging,KernelRidge_1,KernelRidge_1,23,source,6
BayesianRidge,KernelRidge_1,KernelRidge_1,23,source,6
CatBoost,KernelRidge_1,KernelRidge_1,23,source,6
DecisionTree,KernelRidge_1,KernelRidge_1,23,source,6
ElasticNet,KernelRidge_1,KernelRidge_1,23,source,6
ExtraTrees,KernelRidge_1,KernelRidge_1,23,source,6
GradientBoosting,KernelRidge_1,KernelRidge_1,23,source,6
HistGradientBoosting,KernelRidge_1,KernelRidge_1,23,source,6
Huber,KernelRidge_1,KernelRidge_1,23,source,6
KNN,KernelRidge_1,KernelRidge_1,23,source,6
KernelRidge,SVR_1,KernelRidge_1,23,source,6
Lasso,KernelRidge_1,KernelRidge_1,23,source,6
LightGBM,KernelRidge_1,KernelRidge_1,23,source,6
MLP,KernelRidge_1,KernelRidge_1,23,source,6
OLS,KernelRidge_1,KernelRidge_1,23,source,6
PCR,KernelRidge_1,KernelRidge_1,23,source,6
PLS,KernelRidge_1,KernelRidge_1,23,source,6
RandomForest,KernelRidge_1,KernelRidge_1,23,source,6
Ridge,KernelRidge_1,KernelRidge_1,23,source,6
SVR,KernelRidge_1,KernelRidge_1,23,source,6
SplineRidge,KernelRidge_1,KernelRidge_1,23,source,6
XGBoost,KernelRidge_1,KernelRidge_1,23,source,6
ARD,AdaBoost_1,AdaBoost_1,47,broad,0
AdaBoost,KernelRidge_1,AdaBoost_1,47,broad,0
Bagging,AdaBoost_1,AdaBoost_1,47,broad,0
BayesianRidge,AdaBoost_1,AdaBoost_1,47,broad,0
CatBoost,AdaBoost_1,AdaBoost_1,47,broad,0
DecisionTree,AdaBoost_1,AdaBoost_1,47,broad,0
ElasticNet,AdaBoost_1,AdaBoost_1,47,broad,0
ExtraTrees,AdaBoost_1,AdaBoost_1,47,broad,0
GradientBoosting,AdaBoost_1,AdaBoost_1,47,broad,0
HistGradientBoosting,AdaBoost_1,AdaBoost_1,47,broad,0
Huber,AdaBoost_1,AdaBoost_1,47,broad,0
KNN,AdaBoost_1,AdaBoost_1,47,broad,0
KernelRidge,AdaBoost_1,AdaBoost_1,47,broad,0
Lasso,AdaBoost_1,AdaBoost_1,47,broad,0
LightGBM,AdaBoost_1,AdaBoost_1,47,broad,0
MLP,AdaBoost_1,AdaBoost_1,47,broad,0
OLS,AdaBoost_1,AdaBoost_1,47,broad,0
PCR,AdaBoost_1,AdaBoost_1,47,broad,0
PLS,AdaBoost_1,AdaBoost_1,47,broad,0
RandomForest,AdaBoost_1,AdaBoost_1,47,broad,0
Ridge,AdaBoost_1,AdaBoost_1,47,broad,0
SVR,AdaBoost_1,AdaBoost_1,47,broad,0
SplineRidge,AdaBoost_1,AdaBoost_1,47,broad,0
XGBoost,AdaBoost_1,AdaBoost_1,47,broad,0
ARD,KernelRidge_1,KernelRidge_1,47,broad,1
AdaBoost,KernelRidge_1,KernelRidge_1,47,broad,1
Bagging,KernelRidge_1,KernelRidge_1,47,broad,1
BayesianRidge,KernelRidge_1,KernelRidge_1,47,broad,1
CatBoost,KernelRidge_1,KernelRidge_1,47,broad,1
DecisionTree,KernelRidge_1,KernelRidge_1,47,broad,1
ElasticNet,KernelRidge_1,KernelRidge_1,47,broad,1
ExtraTrees,KernelRidge_1,KernelRidge_1,47,broad,1
GradientBoosting,KernelRidge_1,KernelRidge_1,47,broad,1
HistGradientBoosting,KernelRidge_1,KernelRidge_1,47,broad,1
Huber,KernelRidge_1,KernelRidge_1,47,broad,1
KNN,KernelRidge_1,KernelRidge_1,47,broad,1
KernelRidge,Ridge_2,KernelRidge_1,47,broad,1
Lasso,KernelRidge_1,KernelRidge_1,47,broad,1
LightGBM,KernelRidge_1,KernelRidge_1,47,broad,1
MLP,KernelRidge_1,KernelRidge_1,47,broad,1
OLS,KernelRidge_1,KernelRidge_1,47,broad,1
PCR,KernelRidge_1,KernelRidge_1,47,broad,1
PLS,KernelRidge_1,KernelRidge_1,47,broad,1
RandomForest,KernelRidge_1,KernelRidge_1,47,broad,1
Ridge,KernelRidge_1,KernelRidge_1,47,broad,1
SVR,KernelRidge_1,KernelRidge_1,47,broad,1
SplineRidge,KernelRidge_1,KernelRidge_1,47,broad,1
XGBoost,KernelRidge_1,KernelRidge_1,47,broad,1
ARD,SVR_1,SVR_1,47,broad,2
AdaBoost,SVR_1,SVR_1,47,broad,2
Bagging,SVR_1,SVR_1,47,broad,2
BayesianRidge,SVR_1,SVR_1,47,broad,2
CatBoost,SVR_1,SVR_1,47,broad,2
DecisionTree,SVR_1,SVR_1,47,broad,2
ElasticNet,SVR_1,SVR_1,47,broad,2
ExtraTrees,SVR_1,SVR_1,47,broad,2
GradientBoosting,SVR_1,SVR_1,47,broad,2
HistGradientBoosting,SVR_1,SVR_1,47,broad,2
Huber,SVR_1,SVR_1,47,broad,2
KNN,SVR_1,SVR_1,47,broad,2
KernelRidge,SVR_1,SVR_1,47,broad,2
Lasso,SVR_1,SVR_1,47,broad,2
LightGBM,SVR_1,SVR_1,47,broad,2
MLP,SVR_1,SVR_1,47,broad,2
OLS,SVR_1,SVR_1,47,broad,2
PCR,SVR_1,SVR_1,47,broad,2
PLS,SVR_1,SVR_1,47,broad,2
RandomForest,SVR_1,SVR_1,47,broad,2
Ridge,SVR_1,SVR_1,47,broad,2
SVR,Ridge_2,SVR_1,47,broad,2
SplineRidge,SVR_1,SVR_1,47,broad,2
XGBoost,SVR_1,SVR_1,47,broad,2
ARD,SVR_1,SVR_1,47,broad,3
AdaBoost,SVR_1,SVR_1,47,broad,3
Bagging,SVR_1,SVR_1,47,broad,3
BayesianRidge,SVR_1,SVR_1,47,broad,3
CatBoost,SVR_1,SVR_1,47,broad,3
DecisionTree,SVR_1,SVR_1,47,broad,3
ElasticNet,SVR_1,SVR_1,47,broad,3
ExtraTrees,SVR_1,SVR_1,47,broad,3
GradientBoosting,SVR_1,SVR_1,47,broad,3
HistGradientBoosting,SVR_1,SVR_1,47,broad,3
Huber,SVR_1,SVR_1,47,broad,3
KNN,SVR_1,SVR_1,47,broad,3
KernelRidge,SVR_1,SVR_1,47,broad,3
Lasso,SVR_1,SVR_1,47,broad,3
LightGBM,SVR_1,SVR_1,47,broad,3
MLP,SVR_1,SVR_1,47,broad,3
OLS,SVR_1,SVR_1,47,broad,3
PCR,SVR_1,SVR_1,47,broad,3
PLS,SVR_1,SVR_1,47,broad,3
RandomForest,SVR_1,SVR_1,47,broad,3
Ridge,SVR_1,SVR_1,47,broad,3
SVR,ExtraTrees_2,SVR_1,47,broad,3
SplineRidge,SVR_1,SVR_1,47,broad,3
XGBoost,SVR_1,SVR_1,47,broad,3
ARD,KernelRidge_1,KernelRidge_1,47,broad,4
AdaBoost,KernelRidge_1,KernelRidge_1,47,broad,4
Bagging,KernelRidge_1,KernelRidge_1,47,broad,4
BayesianRidge,KernelRidge_1,KernelRidge_1,47,broad,4
CatBoost,KernelRidge_1,KernelRidge_1,47,broad,4
DecisionTree,KernelRidge_1,KernelRidge_1,47,broad,4
ElasticNet,KernelRidge_1,KernelRidge_1,47,broad,4
ExtraTrees,KernelRidge_1,KernelRidge_1,47,broad,4
GradientBoosting,KernelRidge_1,KernelRidge_1,47,broad,4
HistGradientBoosting,KernelRidge_1,KernelRidge_1,47,broad,4
Huber,KernelRidge_1,KernelRidge_1,47,broad,4
KNN,KernelRidge_1,KernelRidge_1,47,broad,4
KernelRidge,PLS_1,KernelRidge_1,47,broad,4
Lasso,KernelRidge_1,KernelRidge_1,47,broad,4
LightGBM,KernelRidge_1,KernelRidge_1,47,broad,4
MLP,KernelRidge_1,KernelRidge_1,47,broad,4
OLS,KernelRidge_1,KernelRidge_1,47,broad,4
PCR,KernelRidge_1,KernelRidge_1,47,broad,4
PLS,KernelRidge_1,KernelRidge_1,47,broad,4
RandomForest,KernelRidge_1,KernelRidge_1,47,broad,4
Ridge,KernelRidge_1,KernelRidge_1,47,broad,4
SVR,KernelRidge_1,KernelRidge_1,47,broad,4
SplineRidge,KernelRidge_1,KernelRidge_1,47,broad,4
XGBoost,KernelRidge_1,KernelRidge_1,47,broad,4
ARD,XGBoost_2,XGBoost_2,47,exact,0
AdaBoost,XGBoost_2,XGBoost_2,47,exact,0
Bagging,XGBoost_2,XGBoost_2,47,exact,0
BayesianRidge,XGBoost_2,XGBoost_2,47,exact,0
CatBoost,XGBoost_2,XGBoost_2,47,exact,0
DecisionTree,XGBoost_2,XGBoost_2,47,exact,0
ElasticNet,XGBoost_2,XGBoost_2,47,exact,0
ExtraTrees,XGBoost_2,XGBoost_2,47,exact,0
GradientBoosting,XGBoost_2,XGBoost_2,47,exact,0
HistGradientBoosting,XGBoost_2,XGBoost_2,47,exact,0
Huber,XGBoost_2,XGBoost_2,47,exact,0
KNN,XGBoost_2,XGBoost_2,47,exact,0
KernelRidge,XGBoost_2,XGBoost_2,47,exact,0
Lasso,XGBoost_2,XGBoost_2,47,exact,0
LightGBM,XGBoost_2,XGBoost_2,47,exact,0
MLP,XGBoost_2,XGBoost_2,47,exact,0
OLS,XGBoost_2,XGBoost_2,47,exact,0
PCR,XGBoost_2,XGBoost_2,47,exact,0
PLS,XGBoost_2,XGBoost_2,47,exact,0
RandomForest,XGBoost_2,XGBoost_2,47,exact,0
Ridge,XGBoost_2,XGBoost_2,47,exact,0
SVR,XGBoost_2,XGBoost_2,47,exact,0
SplineRidge,XGBoost_2,XGBoost_2,47,exact,0
XGBoost,CatBoost_2,XGBoost_2,47,exact,0
ARD,XGBoost_2,XGBoost_2,47,exact,1
AdaBoost,XGBoost_2,XGBoost_2,47,exact,1
Bagging,XGBoost_2,XGBoost_2,47,exact,1
BayesianRidge,XGBoost_2,XGBoost_2,47,exact,1
CatBoost,XGBoost_2,XGBoost_2,47,exact,1
DecisionTree,XGBoost_2,XGBoost_2,47,exact,1
ElasticNet,XGBoost_2,XGBoost_2,47,exact,1
ExtraTrees,XGBoost_2,XGBoost_2,47,exact,1
GradientBoosting,XGBoost_2,XGBoost_2,47,exact,1
HistGradientBoosting,XGBoost_2,XGBoost_2,47,exact,1
Huber,XGBoost_2,XGBoost_2,47,exact,1
KNN,XGBoost_2,XGBoost_2,47,exact,1
KernelRidge,XGBoost_2,XGBoost_2,47,exact,1
Lasso,XGBoost_2,XGBoost_2,47,exact,1
LightGBM,XGBoost_2,XGBoost_2,47,exact,1
MLP,XGBoost_2,XGBoost_2,47,exact,1
OLS,XGBoost_2,XGBoost_2,47,exact,1
PCR,XGBoost_2,XGBoost_2,47,exact,1
PLS,XGBoost_2,XGBoost_2,47,exact,1
RandomForest,XGBoost_2,XGBoost_2,47,exact,1
Ridge,XGBoost_2,XGBoost_2,47,exact,1
SVR,XGBoost_2,XGBoost_2,47,exact,1
SplineRidge,XGBoost_2,XGBoost_2,47,exact,1
XGBoost,CatBoost_2,XGBoost_2,47,exact,1
ARD,HistGradientBoosting_1,HistGradientBoosting_1,47,exact,2
AdaBoost,HistGradientBoosting_1,HistGradientBoosting_1,47,exact,2
Bagging,HistGradientBoosting_1,HistGradientBoosting_1,47,exact,2
BayesianRidge,HistGradientBoosting_1,HistGradientBoosting_1,47,exact,2
CatBoost,HistGradientBoosting_1,HistGradientBoosting_1,47,exact,2
DecisionTree,HistGradientBoosting_1,HistGradientBoosting_1,47,exact,2
ElasticNet,HistGradientBoosting_1,HistGradientBoosting_1,47,exact,2
ExtraTrees,HistGradientBoosting_1,HistGradientBoosting_1,47,exact,2
GradientBoosting,HistGradientBoosting_1,HistGradientBoosting_1,47,exact,2
HistGradientBoosting,XGBoost_2,HistGradientBoosting_1,47,exact,2
Huber,HistGradientBoosting_1,HistGradientBoosting_1,47,exact,2
KNN,HistGradientBoosting_1,HistGradientBoosting_1,47,exact,2
KernelRidge,HistGradientBoosting_1,HistGradientBoosting_1,47,exact,2
Lasso,HistGradientBoosting_1,HistGradientBoosting_1,47,exact,2
LightGBM,HistGradientBoosting_1,HistGradientBoosting_1,47,exact,2
MLP,HistGradientBoosting_1,HistGradientBoosting_1,47,exact,2
OLS,HistGradientBoosting_1,HistGradientBoosting_1,47,exact,2
PCR,HistGradientBoosting_1,HistGradientBoosting_1,47,exact,2
PLS,HistGradientBoosting_1,HistGradientBoosting_1,47,exact,2
RandomForest,HistGradientBoosting_1,HistGradientBoosting_1,47,exact,2
Ridge,HistGradientBoosting_1,HistGradientBoosting_1,47,exact,2
SVR,HistGradientBoosting_1,HistGradientBoosting_1,47,exact,2
SplineRidge,HistGradientBoosting_1,HistGradientBoosting_1,47,exact,2
XGBoost,HistGradientBoosting_1,HistGradientBoosting_1,47,exact,2
ARD,CatBoost_2,CatBoost_2,47,exact,3
AdaBoost,CatBoost_2,CatBoost_2,47,exact,3
Bagging,CatBoost_2,CatBoost_2,47,exact,3
BayesianRidge,CatBoost_2,CatBoost_2,47,exact,3
CatBoost,GradientBoosting_2,CatBoost_2,47,exact,3
DecisionTree,CatBoost_2,CatBoost_2,47,exact,3
ElasticNet,CatBoost_2,CatBoost_2,47,exact,3
ExtraTrees,CatBoost_2,CatBoost_2,47,exact,3
GradientBoosting,CatBoost_2,CatBoost_2,47,exact,3
HistGradientBoosting,CatBoost_2,CatBoost_2,47,exact,3
Huber,CatBoost_2,CatBoost_2,47,exact,3
KNN,CatBoost_2,CatBoost_2,47,exact,3
KernelRidge,CatBoost_2,CatBoost_2,47,exact,3
Lasso,CatBoost_2,CatBoost_2,47,exact,3
LightGBM,CatBoost_2,CatBoost_2,47,exact,3
MLP,CatBoost_2,CatBoost_2,47,exact,3
OLS,CatBoost_2,CatBoost_2,47,exact,3
PCR,CatBoost_2,CatBoost_2,47,exact,3
PLS,CatBoost_2,CatBoost_2,47,exact,3
RandomForest,CatBoost_2,CatBoost_2,47,exact,3
Ridge,CatBoost_2,CatBoost_2,47,exact,3
SVR,CatBoost_2,CatBoost_2,47,exact,3
SplineRidge,CatBoost_2,CatBoost_2,47,exact,3
XGBoost,CatBoost_2,CatBoost_2,47,exact,3
ARD,CatBoost_2,CatBoost_2,47,exact,4
AdaBoost,CatBoost_2,CatBoost_2,47,exact,4
Bagging,CatBoost_2,CatBoost_2,47,exact,4
BayesianRidge,CatBoost_2,CatBoost_2,47,exact,4
CatBoost,GradientBoosting_2,CatBoost_2,47,exact,4
DecisionTree,CatBoost_2,CatBoost_2,47,exact,4
ElasticNet,CatBoost_2,CatBoost_2,47,exact,4
ExtraTrees,CatBoost_2,CatBoost_2,47,exact,4
GradientBoosting,CatBoost_2,CatBoost_2,47,exact,4
HistGradientBoosting,CatBoost_2,CatBoost_2,47,exact,4
Huber,CatBoost_2,CatBoost_2,47,exact,4
KNN,CatBoost_2,CatBoost_2,47,exact,4
KernelRidge,CatBoost_2,CatBoost_2,47,exact,4
Lasso,CatBoost_2,CatBoost_2,47,exact,4
LightGBM,CatBoost_2,CatBoost_2,47,exact,4
MLP,CatBoost_2,CatBoost_2,47,exact,4
OLS,CatBoost_2,CatBoost_2,47,exact,4
PCR,CatBoost_2,CatBoost_2,47,exact,4
PLS,CatBoost_2,CatBoost_2,47,exact,4
RandomForest,CatBoost_2,CatBoost_2,47,exact,4
Ridge,CatBoost_2,CatBoost_2,47,exact,4
SVR,CatBoost_2,CatBoost_2,47,exact,4
SplineRidge,CatBoost_2,CatBoost_2,47,exact,4
XGBoost,CatBoost_2,CatBoost_2,47,exact,4
ARD,PLS_2,PLS_2,47,source,0
AdaBoost,PLS_2,PLS_2,47,source,0
Bagging,PLS_2,PLS_2,47,source,0
BayesianRidge,PLS_2,PLS_2,47,source,0
CatBoost,PLS_2,PLS_2,47,source,0
DecisionTree,PLS_2,PLS_2,47,source,0
ElasticNet,PLS_2,PLS_2,47,source,0
ExtraTrees,PLS_2,PLS_2,47,source,0
GradientBoosting,PLS_2,PLS_2,47,source,0
HistGradientBoosting,PLS_2,PLS_2,47,source,0
Huber,PLS_2,PLS_2,47,source,0
KNN,PLS_2,PLS_2,47,source,0
KernelRidge,PLS_2,PLS_2,47,source,0
Lasso,PLS_2,PLS_2,47,source,0
LightGBM,PLS_2,PLS_2,47,source,0
MLP,PLS_2,PLS_2,47,source,0
OLS,PLS_2,PLS_2,47,source,0
PCR,PLS_2,PLS_2,47,source,0
PLS,ElasticNet_2,PLS_2,47,source,0
RandomForest,PLS_2,PLS_2,47,source,0
Ridge,PLS_2,PLS_2,47,source,0
SVR,PLS_2,PLS_2,47,source,0
SplineRidge,PLS_2,PLS_2,47,source,0
XGBoost,PLS_2,PLS_2,47,source,0
ARD,SVR_1,SVR_1,47,source,1
AdaBoost,SVR_1,SVR_1,47,source,1
Bagging,SVR_1,SVR_1,47,source,1
BayesianRidge,SVR_1,SVR_1,47,source,1
CatBoost,SVR_1,SVR_1,47,source,1
DecisionTree,SVR_1,SVR_1,47,source,1
ElasticNet,SVR_1,SVR_1,47,source,1
ExtraTrees,SVR_1,SVR_1,47,source,1
GradientBoosting,SVR_1,SVR_1,47,source,1
HistGradientBoosting,SVR_1,SVR_1,47,source,1
Huber,SVR_1,SVR_1,47,source,1
KNN,SVR_1,SVR_1,47,source,1
KernelRidge,SVR_1,SVR_1,47,source,1
Lasso,SVR_1,SVR_1,47,source,1
LightGBM,SVR_1,SVR_1,47,source,1
MLP,SVR_1,SVR_1,47,source,1
OLS,SVR_1,SVR_1,47,source,1
PCR,SVR_1,SVR_1,47,source,1
PLS,SVR_1,SVR_1,47,source,1
RandomForest,SVR_1,SVR_1,47,source,1
Ridge,SVR_1,SVR_1,47,source,1
SVR,KernelRidge_1,SVR_1,47,source,1
SplineRidge,SVR_1,SVR_1,47,source,1
XGBoost,SVR_1,SVR_1,47,source,1
ARD,SVR_1,SVR_1,47,source,2
AdaBoost,SVR_1,SVR_1,47,source,2
Bagging,SVR_1,SVR_1,47,source,2
BayesianRidge,SVR_1,SVR_1,47,source,2
CatBoost,SVR_1,SVR_1,47,source,2
DecisionTree,SVR_1,SVR_1,47,source,2
ElasticNet,SVR_1,SVR_1,47,source,2
ExtraTrees,SVR_1,SVR_1,47,source,2
GradientBoosting,SVR_1,SVR_1,47,source,2
HistGradientBoosting,SVR_1,SVR_1,47,source,2
Huber,SVR_1,SVR_1,47,source,2
KNN,SVR_1,SVR_1,47,source,2
KernelRidge,SVR_1,SVR_1,47,source,2
Lasso,SVR_1,SVR_1,47,source,2
LightGBM,SVR_1,SVR_1,47,source,2
MLP,SVR_1,SVR_1,47,source,2
OLS,SVR_1,SVR_1,47,source,2
PCR,SVR_1,SVR_1,47,source,2
PLS,SVR_1,SVR_1,47,source,2
RandomForest,SVR_1,SVR_1,47,source,2
Ridge,SVR_1,SVR_1,47,source,2
SVR,PLS_2,SVR_1,47,source,2
SplineRidge,SVR_1,SVR_1,47,source,2
XGBoost,SVR_1,SVR_1,47,source,2
ARD,PCR_2,PCR_2,47,source,3
AdaBoost,PCR_2,PCR_2,47,source,3
Bagging,PCR_2,PCR_2,47,source,3
BayesianRidge,PCR_2,PCR_2,47,source,3
CatBoost,PCR_2,PCR_2,47,source,3
DecisionTree,PCR_2,PCR_2,47,source,3
ElasticNet,PCR_2,PCR_2,47,source,3
ExtraTrees,PCR_2,PCR_2,47,source,3
GradientBoosting,PCR_2,PCR_2,47,source,3
HistGradientBoosting,PCR_2,PCR_2,47,source,3
Huber,PCR_2,PCR_2,47,source,3
KNN,PCR_2,PCR_2,47,source,3
KernelRidge,PCR_2,PCR_2,47,source,3
Lasso,PCR_2,PCR_2,47,source,3
LightGBM,PCR_2,PCR_2,47,source,3
MLP,PCR_2,PCR_2,47,source,3
OLS,PCR_2,PCR_2,47,source,3
PCR,KernelRidge_1,PCR_2,47,source,3
PLS,PCR_2,PCR_2,47,source,3
RandomForest,PCR_2,PCR_2,47,source,3
Ridge,PCR_2,PCR_2,47,source,3
SVR,PCR_2,PCR_2,47,source,3
SplineRidge,PCR_2,PCR_2,47,source,3
XGBoost,PCR_2,PCR_2,47,source,3
ARD,PCR_2,PCR_2,47,source,4
AdaBoost,PCR_2,PCR_2,47,source,4
Bagging,PCR_2,PCR_2,47,source,4
BayesianRidge,PCR_2,PCR_2,47,source,4
CatBoost,PCR_2,PCR_2,47,source,4
DecisionTree,PCR_2,PCR_2,47,source,4
ElasticNet,PCR_2,PCR_2,47,source,4
ExtraTrees,PCR_2,PCR_2,47,source,4
GradientBoosting,PCR_2,PCR_2,47,source,4
HistGradientBoosting,PCR_2,PCR_2,47,source,4
Huber,PCR_2,PCR_2,47,source,4
KNN,PCR_2,PCR_2,47,source,4
KernelRidge,PCR_2,PCR_2,47,source,4
Lasso,PCR_2,PCR_2,47,source,4
LightGBM,PCR_2,PCR_2,47,source,4
MLP,PCR_2,PCR_2,47,source,4
OLS,PCR_2,PCR_2,47,source,4
PCR,PLS_1,PCR_2,47,source,4
PLS,PCR_2,PCR_2,47,source,4
RandomForest,PCR_2,PCR_2,47,source,4
Ridge,PCR_2,PCR_2,47,source,4
SVR,PCR_2,PCR_2,47,source,4
SplineRidge,PCR_2,PCR_2,47,source,4
XGBoost,PCR_2,PCR_2,47,source,4
ARD,PCR_2,PCR_2,47,source,5
AdaBoost,PCR_2,PCR_2,47,source,5
Bagging,PCR_2,PCR_2,47,source,5
BayesianRidge,PCR_2,PCR_2,47,source,5
CatBoost,PCR_2,PCR_2,47,source,5
DecisionTree,PCR_2,PCR_2,47,source,5
ElasticNet,PCR_2,PCR_2,47,source,5
ExtraTrees,PCR_2,PCR_2,47,source,5
GradientBoosting,PCR_2,PCR_2,47,source,5
HistGradientBoosting,PCR_2,PCR_2,47,source,5
Huber,PCR_2,PCR_2,47,source,5
KNN,PCR_2,PCR_2,47,source,5
KernelRidge,PCR_2,PCR_2,47,source,5
Lasso,PCR_2,PCR_2,47,source,5
LightGBM,PCR_2,PCR_2,47,source,5
MLP,PCR_2,PCR_2,47,source,5
OLS,PLS_2,PCR_2,47,source,5
PCR,PLS_2,PCR_2,47,source,5
PLS,PCR_2,PCR_2,47,source,5
RandomForest,PCR_2,PCR_2,47,source,5
Ridge,PCR_2,PCR_2,47,source,5
SVR,PCR_2,PCR_2,47,source,5
SplineRidge,PCR_2,PCR_2,47,source,5
XGBoost,PCR_2,PCR_2,47,source,5
ARD,KernelRidge_1,KernelRidge_1,47,source,6
AdaBoost,KernelRidge_1,KernelRidge_1,47,source,6
Bagging,KernelRidge_1,KernelRidge_1,47,source,6
BayesianRidge,KernelRidge_1,KernelRidge_1,47,source,6
CatBoost,KernelRidge_1,KernelRidge_1,47,source,6
DecisionTree,KernelRidge_1,KernelRidge_1,47,source,6
ElasticNet,KernelRidge_1,KernelRidge_1,47,source,6
ExtraTrees,KernelRidge_1,KernelRidge_1,47,source,6
GradientBoosting,KernelRidge_1,KernelRidge_1,47,source,6
HistGradientBoosting,KernelRidge_1,KernelRidge_1,47,source,6
Huber,KernelRidge_1,KernelRidge_1,47,source,6
KNN,KernelRidge_1,KernelRidge_1,47,source,6
KernelRidge,SVR_1,KernelRidge_1,47,source,6
Lasso,KernelRidge_1,KernelRidge_1,47,source,6
LightGBM,KernelRidge_1,KernelRidge_1,47,source,6
MLP,KernelRidge_1,KernelRidge_1,47,source,6
OLS,KernelRidge_1,KernelRidge_1,47,source,6
PCR,KernelRidge_1,KernelRidge_1,47,source,6
PLS,KernelRidge_1,KernelRidge_1,47,source,6
RandomForest,KernelRidge_1,KernelRidge_1,47,source,6
Ridge,KernelRidge_1,KernelRidge_1,47,source,6
SVR,KernelRidge_1,KernelRidge_1,47,source,6
SplineRidge,KernelRidge_1,KernelRidge_1,47,source,6
XGBoost,KernelRidge_1,KernelRidge_1,47,source,6
