seed,track,strategy,pair,observed_advantage_pp,predicted_advantage_pp,n,pollutants,water_types
11,broad,History,AMCB / CB,81.38505987375737,81.38505987375737,22,IBU,Ground water;Lake water
11,broad,History,AMCB / MCB,59.86088852184286,59.860888521842845,106,IBU,Ground water;Lake water
11,broad,History,Alkali-modified SCG biochars / Pristine SCG biochar,59.29637127276203,58.96988479177768,113,CBZ;EE2;IBU,Synthetic
11,broad,History,CB / MCB,-0.7248756971908306,-0.7248756971908301,22,IBU,Ground water;Lake water
11,broad,History,GCRB / GCRB-N,-57.447200268187224,-57.447200268187245,42,ALA;DIU;SIM,Synthetic
11,broad,History,NaOH-activated SCW biochars / Pristine SCW Biochar,44.5416635531745,44.67746739423626,146,DCF;IBU;NPX,Lake water;Secondary effluent
11,broad,History,PB600 / PB800,-23.46784924126495,-23.467849241264958,47,CBZ;IBU,Synthetic
11,broad,History,PSB / PSBOX-A,-76.72369400499352,-76.25331096794355,61,CAR;PYR;TEB,Synthetic
11,broad,Point,AMCB / CB,81.38505987375737,56.534385268746234,22,IBU,Ground water;Lake water
11,broad,Point,AMCB / MCB,59.86088852184286,44.81403469690798,106,IBU,Ground water;Lake water
11,broad,Point,Alkali-modified SCG biochars / Pristine SCG biochar,59.29637127276203,58.61328668853493,113,CBZ;EE2;IBU,Synthetic
11,broad,Point,CB / MCB,-0.7248756971908306,-11.86217210452293,22,IBU,Ground water;Lake water
11,broad,Point,GCRB / GCRB-N,-57.447200268187224,-52.16311830610726,42,ALA;DIU;SIM,Synthetic
11,broad,Point,NaOH-activated SCW biochars / Pristine SCW Biochar,44.5416635531745,49.339439030459594,146,DCF;IBU;NPX,Lake water;Secondary effluent
11,broad,Point,PB600 / PB800,-23.46784924126495,-42.26149798831049,47,CBZ;IBU,Synthetic
11,broad,Point,PSB / PSBOX-A,-76.72369400499352,-73.90610112127514,61,CAR;PYR;TEB,Synthetic
11,broad,TOPSIS,AMCB / CB,81.38505987375737,57.04122205392005,22,IBU,Ground water;Lake water
11,broad,TOPSIS,AMCB / MCB,59.86088852184286,52.114611526843305,106,IBU,Ground water;Lake water
11,broad,TOPSIS,Alkali-modified SCG biochars / Pristine SCG biochar,59.29637127276203,56.01430732034673,113,CBZ;EE2;IBU,Synthetic
11,broad,TOPSIS,CB / MCB,-0.7248756971908306,-5.135241437583747,22,IBU,Ground water;Lake water
11,broad,TOPSIS,GCRB / GCRB-N,-57.447200268187224,-54.01272115251275,42,ALA;DIU;SIM,Synthetic
11,broad,TOPSIS,NaOH-activated SCW biochars / Pristine SCW Biochar,44.5416635531745,47.31187075760879,146,DCF;IBU;NPX,Lake water;Secondary effluent
11,broad,TOPSIS,PB600 / PB800,-23.46784924126495,-28.66480618410474,47,CBZ;IBU,Synthetic
11,broad,TOPSIS,PSB / PSBOX-A,-76.72369400499352,-74.27985991758754,61,CAR;PYR;TEB,Synthetic
11,exact,History,AMCB / CB,81.38505987375737,80.80239900657469,22,IBU,Ground water;Lake water
11,exact,History,AMCB / MCB,59.86088852184286,59.874639179277565,106,IBU,Ground water;Lake water
11,exact,History,Alkali-modified SCG biochars / Pristine SCG biochar,59.29637127276203,59.203537830984,113,CBZ;EE2;IBU,Synthetic
11,exact,History,CB / MCB,-0.7248756971908306,-0.7294968778716574,22,IBU,Ground water;Lake water
11,exact,History,GCRB / GCRB-N,-57.447200268187224,-58.323841738729676,42,ALA;DIU;SIM,Synthetic
11,exact,History,NaOH-activated SCW biochars / Pristine SCW Biochar,44.5416635531745,44.56419249418631,146,DCF;IBU;NPX,Lake water;Secondary effluent
11,exact,History,PB600 / PB800,-23.46784924126495,-23.46578870738469,47,CBZ;IBU,Synthetic
11,exact,History,PSB / PSBOX-A,-76.72369400499352,-76.49454890683242,61,CAR;PYR;TEB,Synthetic
11,exact,Point,AMCB / CB,81.38505987375737,66.46164543992681,22,IBU,Ground water;Lake water
11,exact,Point,AMCB / MCB,59.86088852184286,58.9383535380183,106,IBU,Ground water;Lake water
11,exact,Point,Alkali-modified SCG biochars / Pristine SCG biochar,59.29637127276203,61.80169574491493,113,CBZ;EE2;IBU,Synthetic
11,exact,Point,CB / MCB,-0.7248756971908306,0.1577829197861058,22,IBU,Ground water;Lake water
11,exact,Point,GCRB / GCRB-N,-57.447200268187224,-57.714748311562936,42,ALA;DIU;SIM,Synthetic
11,exact,Point,NaOH-activated SCW biochars / Pristine SCW Biochar,44.5416635531745,45.10054132557951,146,DCF;IBU;NPX,Lake water;Secondary effluent
11,exact,Point,PB600 / PB800,-23.46784924126495,-22.85769661841586,47,CBZ;IBU,Synthetic
11,exact,Point,PSB / PSBOX-A,-76.72369400499352,-73.23385586771818,61,CAR;PYR;TEB,Synthetic
11,exact,TOPSIS,AMCB / CB,81.38505987375737,66.46590587505096,22,IBU,Ground water;Lake water
11,exact,TOPSIS,AMCB / MCB,59.86088852184286,59.63704093101689,106,IBU,Ground water;Lake water
11,exact,TOPSIS,Alkali-modified SCG biochars / Pristine SCG biochar,59.29637127276203,60.30968381796836,113,CBZ;EE2;IBU,Synthetic
11,exact,TOPSIS,CB / MCB,-0.7248756971908306,-0.8343432477183184,22,IBU,Ground water;Lake water
11,exact,TOPSIS,GCRB / GCRB-N,-57.447200268187224,-55.34425374000838,42,ALA;DIU;SIM,Synthetic
11,exact,TOPSIS,NaOH-activated SCW biochars / Pristine SCW Biochar,44.5416635531745,45.36308132560674,146,DCF;IBU;NPX,Lake water;Secondary effluent
11,exact,TOPSIS,PB600 / PB800,-23.46784924126495,-21.79395253274534,47,CBZ;IBU,Synthetic
11,exact,TOPSIS,PSB / PSBOX-A,-76.72369400499352,-72.85164376017713,61,CAR;PYR;TEB,Synthetic
11,source,Point,AMCB / CB,81.38505987375737,57.439605754819226,22,IBU,Ground water;Lake water
11,source,Point,AMCB / MCB,59.86088852184286,0.776501350471974,106,IBU,Ground water;Lake water
11,source,Point,Alkali-modified SCG biochars / Pristine SCG biochar,59.29637127276203,50.28420222029963,113,CBZ;EE2;IBU,Synthetic
11,source,Point,CB / MCB,-0.7248756971908306,-56.47797114035343,22,IBU,Ground water;Lake water
11,source,Point,GCRB / GCRB-N,-57.447200268187224,-60.29189940666079,42,ALA;DIU;SIM,Synthetic
11,source,Point,NaOH-activated SCW biochars / Pristine SCW Biochar,44.5416635531745,34.90478965584216,146,DCF;IBU;NPX,Lake water;Secondary effluent
11,source,Point,PB600 / PB800,-23.46784924126495,-40.50330159498246,47,CBZ;IBU,Synthetic
11,source,Point,PSB / PSBOX-A,-76.72369400499352,-35.938320015181105,61,CAR;PYR;TEB,Synthetic
11,source,TOPSIS,AMCB / CB,81.38505987375737,64.9993166532873,22,IBU,Ground water;Lake water
11,source,TOPSIS,AMCB / MCB,59.86088852184286,24.658711376950336,106,IBU,Ground water;Lake water
11,source,TOPSIS,Alkali-modified SCG biochars / Pristine SCG biochar,59.29637127276203,40.92844520284259,113,CBZ;EE2;IBU,Synthetic
11,source,TOPSIS,CB / MCB,-0.7248756971908306,-39.85116294451668,22,IBU,Ground water;Lake water
11,source,TOPSIS,GCRB / GCRB-N,-57.447200268187224,-60.29189940666079,42,ALA;DIU;SIM,Synthetic
11,source,TOPSIS,NaOH-activated SCW biochars / Pristine SCW Biochar,44.5416635531745,65.99081162665163,146,DCF;IBU;NPX,Lake water;Secondary effluent
11,source,TOPSIS,PB600 / PB800,-23.46784924126495,-40.50330159498246,47,CBZ;IBU,Synthetic
11,source,TOPSIS,PSB / PSBOX-A,-76.72369400499352,-35.938320015181105,61,CAR;PYR;TEB,Synthetic
23,broad,History,AMCB / CB,81.38505987375737,81.38505987375737,22,IBU,Ground water;Lake water
23,broad,History,AMCB / MCB,59.86088852184286,59.860888521842845,106,IBU,Ground water;Lake water
23,broad,History,Alkali-modified SCG biochars / Pristine SCG biochar,59.29637127276203,59.68954402205188,113,CBZ;EE2;IBU,Synthetic
23,broad,History,CB / MCB,-0.7248756971908306,-0.7248756971908301,22,IBU,Ground water;Lake water
23,broad,History,GCRB / GCRB-N,-57.447200268187224,-57.447200268187245,42,ALA;DIU;SIM,Synthetic
23,broad,History,NaOH-activated SCW biochars / Pristine SCW Biochar,44.5416635531745,44.87274019514246,146,DCF;IBU;NPX,Lake water;Secondary effluent
23,broad,History,PB600 / PB800,-23.46784924126495,-23.467849241264958,47,CBZ;IBU,Synthetic
23,broad,History,PSB / PSBOX-A,-76.72369400499352,-76.25331096794355,61,CAR;PYR;TEB,Synthetic
23,broad,Point,AMCB / CB,81.38505987375737,62.972608502246594,22,IBU,Ground water;Lake water
23,broad,Point,AMCB / MCB,59.86088852184286,56.98943555155203,106,IBU,Ground water;Lake water
23,broad,Point,Alkali-modified SCG biochars / Pristine SCG biochar,59.29637127276203,62.30566297867016,113,CBZ;EE2;IBU,Synthetic
23,broad,Point,CB / MCB,-0.7248756971908306,-2.00822809061011,22,IBU,Ground water;Lake water
23,broad,Point,GCRB / GCRB-N,-57.447200268187224,-60.260292703595375,42,ALA;DIU;SIM,Synthetic
23,broad,Point,NaOH-activated SCW biochars / Pristine SCW Biochar,44.5416635531745,50.30477788610492,146,DCF;IBU;NPX,Lake water;Secondary effluent
23,broad,Point,PB600 / PB800,-23.46784924126495,-16.866209489615212,47,CBZ;IBU,Synthetic
23,broad,Point,PSB / PSBOX-A,-76.72369400499352,-69.64503171483479,61,CAR;PYR;TEB,Synthetic
23,broad,TOPSIS,AMCB / CB,81.38505987375737,56.00586614145024,22,IBU,Ground water;Lake water
23,broad,TOPSIS,AMCB / MCB,59.86088852184286,44.725933787835274,106,IBU,Ground water;Lake water
23,broad,TOPSIS,Alkali-modified SCG biochars / Pristine SCG biochar,59.29637127276203,64.9967072590432,113,CBZ;EE2;IBU,Synthetic
23,broad,TOPSIS,CB / MCB,-0.7248756971908306,-11.79699266070664,22,IBU,Ground water;Lake water
23,broad,TOPSIS,GCRB / GCRB-N,-57.447200268187224,-59.64868259688414,42,ALA;DIU;SIM,Synthetic
23,broad,TOPSIS,NaOH-activated SCW biochars / Pristine SCW Biochar,44.5416635531745,48.70792703578036,146,DCF;IBU;NPX,Lake water;Secondary effluent
23,broad,TOPSIS,PB600 / PB800,-23.46784924126495,-35.05496943245016,47,CBZ;IBU,Synthetic
23,broad,TOPSIS,PSB / PSBOX-A,-76.72369400499352,-74.90919147346507,61,CAR;PYR;TEB,Synthetic
23,exact,History,AMCB / CB,81.38505987375737,80.87380546320175,22,IBU,Ground water;Lake water
23,exact,History,AMCB / MCB,59.86088852184286,59.32673873801215,106,IBU,Ground water;Lake water
23,exact,History,Alkali-modified SCG biochars / Pristine SCG biochar,59.29637127276203,59.33892995684631,113,CBZ;EE2;IBU,Synthetic
23,exact,History,CB / MCB,-0.7248756971908306,-0.7189477164003387,22,IBU,Ground water;Lake water
23,exact,History,GCRB / GCRB-N,-57.447200268187224,-57.07275415230365,42,ALA;DIU;SIM,Synthetic
23,exact,History,NaOH-activated SCW biochars / Pristine SCW Biochar,44.5416635531745,44.55427701677689,146,DCF;IBU;NPX,Lake water;Secondary effluent
23,exact,History,PB600 / PB800,-23.46784924126495,-23.605996986735324,47,CBZ;IBU,Synthetic
23,exact,History,PSB / PSBOX-A,-76.72369400499352,-76.76203992535565,61,CAR;PYR;TEB,Synthetic
23,exact,Point,AMCB / CB,81.38505987375737,63.98901860490322,22,IBU,Ground water;Lake water
23,exact,Point,AMCB / MCB,59.86088852184286,58.984089392991,106,IBU,Ground water;Lake water
23,exact,Point,Alkali-modified SCG biochars / Pristine SCG biochar,59.29637127276203,59.993424952179176,113,CBZ;EE2;IBU,Synthetic
23,exact,Point,CB / MCB,-0.7248756971908306,-0.6720123223117291,22,IBU,Ground water;Lake water
23,exact,Point,GCRB / GCRB-N,-57.447200268187224,-56.614422276942456,42,ALA;DIU;SIM,Synthetic
23,exact,Point,NaOH-activated SCW biochars / Pristine SCW Biochar,44.5416635531745,44.67370940354831,146,DCF;IBU;NPX,Lake water;Secondary effluent
23,exact,Point,PB600 / PB800,-23.46784924126495,-24.724884377463255,47,CBZ;IBU,Synthetic
23,exact,Point,PSB / PSBOX-A,-76.72369400499352,-72.33205337337787,61,CAR;PYR;TEB,Synthetic
23,exact,TOPSIS,AMCB / CB,81.38505987375737,66.70221683879973,22,IBU,Ground water;Lake water
23,exact,TOPSIS,AMCB / MCB,59.86088852184286,59.5872693871926,106,IBU,Ground water;Lake water
23,exact,TOPSIS,Alkali-modified SCG biochars / Pristine SCG biochar,59.29637127276203,60.45463832989357,113,CBZ;EE2;IBU,Synthetic
23,exact,TOPSIS,CB / MCB,-0.7248756971908306,-1.2833097957428317,22,IBU,Ground water;Lake water
23,exact,TOPSIS,GCRB / GCRB-N,-57.447200268187224,-55.071594856797404,42,ALA;DIU;SIM,Synthetic
23,exact,TOPSIS,NaOH-activated SCW biochars / Pristine SCW Biochar,44.5416635531745,45.15129040506542,146,DCF;IBU;NPX,Lake water;Secondary effluent
23,exact,TOPSIS,PB600 / PB800,-23.46784924126495,-24.444823350591875,47,CBZ;IBU,Synthetic
23,exact,TOPSIS,PSB / PSBOX-A,-76.72369400499352,-71.96867320990876,61,CAR;PYR;TEB,Synthetic
23,source,Point,AMCB / CB,81.38505987375737,46.33608768418037,22,IBU,Ground water;Lake water
23,source,Point,AMCB / MCB,59.86088852184286,-2.683029546786504,106,IBU,Ground water;Lake water
23,source,Point,Alkali-modified SCG biochars / Pristine SCG biochar,59.29637127276203,50.28420222029963,113,CBZ;EE2;IBU,Synthetic
23,source,Point,CB / MCB,-0.7248756971908306,-50.13789925272128,22,IBU,Ground water;Lake water
23,source,Point,GCRB / GCRB-N,-57.447200268187224,-60.29189940666079,42,ALA;DIU;SIM,Synthetic
23,source,Point,NaOH-activated SCW biochars / Pristine SCW Biochar,44.5416635531745,34.90478965584216,146,DCF;IBU;NPX,Lake water;Secondary effluent
23,source,Point,PB600 / PB800,-23.46784924126495,-40.50330159498246,47,CBZ;IBU,Synthetic
23,source,Point,PSB / PSBOX-A,-76.72369400499352,-35.938320015181105,61,CAR;PYR;TEB,Synthetic
23,source,TOPSIS,AMCB / CB,81.38505987375737,64.9993166532873,22,IBU,Ground water;Lake water
23,source,TOPSIS,AMCB / MCB,59.86088852184286,24.658711376950336,106,IBU,Ground water;Lake water
23,source,TOPSIS,Alkali-modified SCG biochars / Pristine SCG biochar,59.29637127276203,40.92844520284259,113,CBZ;EE2;IBU,Synthetic
23,source,TOPSIS,CB / MCB,-0.7248756971908306,-39.85116294451668,22,IBU,Ground water;Lake water
23,source,TOPSIS,GCRB / GCRB-N,-57.447200268187224,-60.29189940666079,42,ALA;DIU;SIM,Synthetic
23,source,TOPSIS,NaOH-activated SCW biochars / Pristine SCW Biochar,44.5416635531745,65.99081162665163,146,DCF;IBU;NPX,Lake water;Secondary effluent
23,source,TOPSIS,PB600 / PB800,-23.46784924126495,-40.50330159498246,47,CBZ;IBU,Synthetic
23,source,TOPSIS,PSB / PSBOX-A,-76.72369400499352,-35.938320015181105,61,CAR;PYR;TEB,Synthetic
47,broad,History,AMCB / CB,81.38505987375737,81.38505987375737,22,IBU,Ground water;Lake water
47,broad,History,AMCB / MCB,59.86088852184286,59.860888521842845,106,IBU,Ground water;Lake water
47,broad,History,Alkali-modified SCG biochars / Pristine SCG biochar,59.29637127276203,60.05185339726668,113,CBZ;EE2;IBU,Synthetic
47,broad,History,CB / MCB,-0.7248756971908306,-0.7248756971908301,22,IBU,Ground water;Lake water
47,broad,History,GCRB / GCRB-N,-57.447200268187224,-57.447200268187245,42,ALA;DIU;SIM,Synthetic
47,broad,History,NaOH-activated SCW biochars / Pristine SCW Biochar,44.5416635531745,43.503723476385886,146,DCF;IBU;NPX,Lake water;Secondary effluent
47,broad,History,PB600 / PB800,-23.46784924126495,-23.467849241264958,47,CBZ;IBU,Synthetic
47,broad,History,PSB / PSBOX-A,-76.72369400499352,-78.37003463466814,61,CAR;PYR;TEB,Synthetic
47,broad,Point,AMCB / CB,81.38505987375737,61.12754905446584,22,IBU,Ground water;Lake water
47,broad,Point,AMCB / MCB,59.86088852184286,53.779982991977285,106,IBU,Ground water;Lake water
47,broad,Point,Alkali-modified SCG biochars / Pristine SCG biochar,59.29637127276203,63.39177917577431,113,CBZ;EE2;IBU,Synthetic
47,broad,Point,CB / MCB,-0.7248756971908306,-4.5376523875317245,22,IBU,Ground water;Lake water
47,broad,Point,GCRB / GCRB-N,-57.447200268187224,-58.45843280790612,42,ALA;DIU;SIM,Synthetic
47,broad,Point,NaOH-activated SCW biochars / Pristine SCW Biochar,44.5416635531745,50.900623561530075,146,DCF;IBU;NPX,Lake water;Secondary effluent
47,broad,Point,PB600 / PB800,-23.46784924126495,-27.974593282029854,47,CBZ;IBU,Synthetic
47,broad,Point,PSB / PSBOX-A,-76.72369400499352,-76.27476033101925,61,CAR;PYR;TEB,Synthetic
47,broad,TOPSIS,AMCB / CB,81.38505987375737,57.36387511447848,22,IBU,Ground water;Lake water
47,broad,TOPSIS,AMCB / MCB,59.86088852184286,52.363012281743096,106,IBU,Ground water;Lake water
47,broad,TOPSIS,Alkali-modified SCG biochars / Pristine SCG biochar,59.29637127276203,62.51766756571645,113,CBZ;EE2;IBU,Synthetic
47,broad,TOPSIS,CB / MCB,-0.7248756971908306,-5.61329846545886,22,IBU,Ground water;Lake water
47,broad,TOPSIS,GCRB / GCRB-N,-57.447200268187224,-52.29848561082356,42,ALA;DIU;SIM,Synthetic
47,broad,TOPSIS,NaOH-activated SCW biochars / Pristine SCW Biochar,44.5416635531745,49.56865628794274,146,DCF;IBU;NPX,Lake water;Secondary effluent
47,broad,TOPSIS,PB600 / PB800,-23.46784924126495,-25.830593467835733,47,CBZ;IBU,Synthetic
47,broad,TOPSIS,PSB / PSBOX-A,-76.72369400499352,-73.11434166230477,61,CAR;PYR;TEB,Synthetic
47,exact,History,AMCB / CB,81.38505987375737,81.85459691794067,22,IBU,Ground water;Lake water
47,exact,History,AMCB / MCB,59.86088852184286,59.96986015854243,106,IBU,Ground water;Lake water
47,exact,History,Alkali-modified SCG biochars / Pristine SCG biochar,59.29637127276203,59.631744798895426,113,CBZ;EE2;IBU,Synthetic
47,exact,History,CB / MCB,-0.7248756971908306,-0.7172491794115363,22,IBU,Ground water;Lake water
47,exact,History,GCRB / GCRB-N,-57.447200268187224,-57.27529708237734,42,ALA;DIU;SIM,Synthetic
47,exact,History,NaOH-activated SCW biochars / Pristine SCW Biochar,44.5416635531745,44.537680432271664,146,DCF;IBU;NPX,Lake water;Secondary effluent
47,exact,History,PB600 / PB800,-23.46784924126495,-23.268762401224002,47,CBZ;IBU,Synthetic
47,exact,History,PSB / PSBOX-A,-76.72369400499352,-76.67061259647241,61,CAR;PYR;TEB,Synthetic
47,exact,Point,AMCB / CB,81.38505987375737,65.0055927752939,22,IBU,Ground water;Lake water
47,exact,Point,AMCB / MCB,59.86088852184286,57.93978129093386,106,IBU,Ground water;Lake water
47,exact,Point,Alkali-modified SCG biochars / Pristine SCG biochar,59.29637127276203,63.65381584188202,113,CBZ;EE2;IBU,Synthetic
47,exact,Point,CB / MCB,-0.7248756971908306,-0.5834759381300199,22,IBU,Ground water;Lake water
47,exact,Point,GCRB / GCRB-N,-57.447200268187224,-56.23184103232136,42,ALA;DIU;SIM,Synthetic
47,exact,Point,NaOH-activated SCW biochars / Pristine SCW Biochar,44.5416635531745,44.88035357104699,146,DCF;IBU;NPX,Lake water;Secondary effluent
47,exact,Point,PB600 / PB800,-23.46784924126495,-23.247264884224943,47,CBZ;IBU,Synthetic
47,exact,Point,PSB / PSBOX-A,-76.72369400499352,-74.12908542827263,61,CAR;PYR;TEB,Synthetic
47,exact,TOPSIS,AMCB / CB,81.38505987375737,64.96920084406281,22,IBU,Ground water;Lake water
47,exact,TOPSIS,AMCB / MCB,59.86088852184286,59.83535866578106,106,IBU,Ground water;Lake water
47,exact,TOPSIS,Alkali-modified SCG biochars / Pristine SCG biochar,59.29637127276203,60.504900214342115,113,CBZ;EE2;IBU,Synthetic
47,exact,TOPSIS,CB / MCB,-0.7248756971908306,-1.3013355068329082,22,IBU,Ground water;Lake water
47,exact,TOPSIS,GCRB / GCRB-N,-57.447200268187224,-53.87874507113261,42,ALA;DIU;SIM,Synthetic
47,exact,TOPSIS,NaOH-activated SCW biochars / Pristine SCW Biochar,44.5416635531745,45.53662723543061,146,DCF;IBU;NPX,Lake water;Secondary effluent
47,exact,TOPSIS,PB600 / PB800,-23.46784924126495,-22.339962126248714,47,CBZ;IBU,Synthetic
47,exact,TOPSIS,PSB / PSBOX-A,-76.72369400499352,-72.83625042820793,61,CAR;PYR;TEB,Synthetic
47,source,Point,AMCB / CB,81.38505987375737,57.25679804030219,22,IBU,Ground water;Lake water
47,source,Point,AMCB / MCB,59.86088852184286,15.793655726364547,106,IBU,Ground water;Lake water
47,source,Point,Alkali-modified SCG biochars / Pristine SCG biochar,59.29637127276203,50.28420222029963,113,CBZ;EE2;IBU,Synthetic
47,source,Point,CB / MCB,-0.7248756971908306,-40.98984165326387,22,IBU,Ground water;Lake water
47,source,Point,GCRB / GCRB-N,-57.447200268187224,-60.29189940666079,42,ALA;DIU;SIM,Synthetic
47,source,Point,NaOH-activated SCW biochars / Pristine SCW Biochar,44.5416635531745,34.90478965584216,146,DCF;IBU;NPX,Lake water;Secondary effluent
47,source,Point,PB600 / PB800,-23.46784924126495,-40.50330159498246,47,CBZ;IBU,Synthetic
47,source,Point,PSB / PSBOX-A,-76.72369400499352,-35.938320015181105,61,CAR;PYR;TEB,Synthetic
47,source,TOPSIS,AMCB / CB,81.38505987375737,64.9993166532873,22,IBU,Ground water;Lake water
47,source,TOPSIS,AMCB / MCB,59.86088852184286,24.658711376950336,106,IBU,Ground water;Lake water
47,source,TOPSIS,Alkali-modified SCG biochars / Pristine SCG biochar,59.29637127276203,40.92844520284259,113,CBZ;EE2;IBU,Synthetic
47,source,TOPSIS,CB / MCB,-0.7248756971908306,-39.85116294451668,22,IBU,Ground water;Lake water
47,source,TOPSIS,GCRB / GCRB-N,-57.447200268187224,-60.29189940666079,42,ALA;DIU;SIM,Synthetic
47,source,TOPSIS,NaOH-activated SCW biochars / Pristine SCW Biochar,44.5416635531745,65.99081162665163,146,DCF;IBU;NPX,Lake water;Secondary effluent
47,source,TOPSIS,PB600 / PB800,-23.46784924126495,-40.50330159498246,47,CBZ;IBU,Synthetic
47,source,TOPSIS,PSB / PSBOX-A,-76.72369400499352,-35.938320015181105,61,CAR;PYR;TEB,Synthetic
